client_id	path	sentence_id	sentence	sentence_domain	up_votes	down_votes	age	gender	accents	variant	locale	segment
b8b64b238172873aa5b51b92f7135664c16d7d384dfc382cfd4982747c53e541032fe83b770400225720f551fcb2a9b273a351e01ed6297908140cc7cae79ded	common_voice_gej_43289643.mp3	84df56cf61d22bf13ba2ed8e28efcd404232482001909baea62f72b2b2f00a5e	Asi klonu.		2	0					gej	
b8b64b238172873aa5b51b92f7135664c16d7d384dfc382cfd4982747c53e541032fe83b770400225720f551fcb2a9b273a351e01ed6297908140cc7cae79ded	common_voice_gej_43289644.mp3	38923c50ae6bcc88f88df96f666cc0ac2af3cfe1cbb08b023aa2880926cd0f51	Suklekponovi.		2	0					gej	
b8b64b238172873aa5b51b92f7135664c16d7d384dfc382cfd4982747c53e541032fe83b770400225720f551fcb2a9b273a351e01ed6297908140cc7cae79ded	common_voice_gej_43289646.mp3	68e11e8b149cf7302045878e159817b5895964d0419f70c52aa2aee8ac61b03b	Elo.		2	0					gej	
b8b64b238172873aa5b51b92f7135664c16d7d384dfc382cfd4982747c53e541032fe83b770400225720f551fcb2a9b273a351e01ed6297908140cc7cae79ded	common_voice_gej_43289647.mp3	14af35f63f4f29c5b1e01b257cb47f45bb3d30f5c2d04b804643a37daccedaf0	Sosokpejesi.		3	0					gej	
b8b64b238172873aa5b51b92f7135664c16d7d384dfc382cfd4982747c53e541032fe83b770400225720f551fcb2a9b273a351e01ed6297908140cc7cae79ded	common_voice_gej_43289657.mp3	3f37924592051ffe43e0380fb8770d5e0bc418978a96e36903e7eeab068266bd	Elo vi.		2	0					gej	
b8b64b238172873aa5b51b92f7135664c16d7d384dfc382cfd4982747c53e541032fe83b770400225720f551fcb2a9b273a351e01ed6297908140cc7cae79ded	common_voice_gej_43289658.mp3	1dfac122815563e054788a9c69a7118f32e4db38bc90b48060da8b05fadc5fc1	Enya fluflu.		2	0					gej	
b8b64b238172873aa5b51b92f7135664c16d7d384dfc382cfd4982747c53e541032fe83b770400225720f551fcb2a9b273a351e01ed6297908140cc7cae79ded	common_voice_gej_43289659.mp3	2d31c183ab51eff2700cac3d3b480e3613a6c9bac03328e8ed428ef156285c56	Asemi.		2	0					gej	
b8b64b238172873aa5b51b92f7135664c16d7d384dfc382cfd4982747c53e541032fe83b770400225720f551fcb2a9b273a351e01ed6297908140cc7cae79ded	common_voice_gej_43289662.mp3	2b8f52d344e12e0666f83a305cd6b432518dd9d7d6ff0a4d7ea1ade1cea8f193	Kotoku wi vo ato.		2	0					gej	
b8b64b238172873aa5b51b92f7135664c16d7d384dfc382cfd4982747c53e541032fe83b770400225720f551fcb2a9b273a351e01ed6297908140cc7cae79ded	common_voice_gej_43289664.mp3	edd147c5e2402f51b8172901f777dbda80f980a2bcbaf9be563bbb1436d562dc	Ablode.		3	0					gej	
b8b64b238172873aa5b51b92f7135664c16d7d384dfc382cfd4982747c53e541032fe83b770400225720f551fcb2a9b273a351e01ed6297908140cc7cae79ded	common_voice_gej_43289675.mp3	0b187a3cf5d61aeb8e896a1b53a38be3fd58095621d6600f1a871136630ef675	Mu gba nu.		3	0					gej	
b8b64b238172873aa5b51b92f7135664c16d7d384dfc382cfd4982747c53e541032fe83b770400225720f551fcb2a9b273a351e01ed6297908140cc7cae79ded	common_voice_gej_43289676.mp3	1e8a2cfea323d683605323174a9b235d69e33f192d7ee5597dcff2b953786e61	Xomawo.		2	0					gej	
b8b64b238172873aa5b51b92f7135664c16d7d384dfc382cfd4982747c53e541032fe83b770400225720f551fcb2a9b273a351e01ed6297908140cc7cae79ded	common_voice_gej_43289678.mp3	ef72ff071e3f573f9b2f8033f5f0140fcc5f55c404b6849360cdb2e2c32a9233	Mi do alo.		2	0					gej	
b8b64b238172873aa5b51b92f7135664c16d7d384dfc382cfd4982747c53e541032fe83b770400225720f551fcb2a9b273a351e01ed6297908140cc7cae79ded	common_voice_gej_43289679.mp3	a76dfc543bd8c08e4f6e9fcfee36908763794f1203e809082501900c7309777e	Angome.		2	0					gej	
b8b64b238172873aa5b51b92f7135664c16d7d384dfc382cfd4982747c53e541032fe83b770400225720f551fcb2a9b273a351e01ed6297908140cc7cae79ded	common_voice_gej_43289685.mp3	3c85e4051aa39479b1054634feb02e4327765e886cbebc32d251190e0ea76d75	Mu cukucuze.		2	0					gej	
b8b64b238172873aa5b51b92f7135664c16d7d384dfc382cfd4982747c53e541032fe83b770400225720f551fcb2a9b273a351e01ed6297908140cc7cae79ded	common_voice_gej_43289686.mp3	210b74b4892e2343c117373e7b44463afcafb6db6c3f26305b33d0bc5f4138bf	Ka takpo ci ato.		2	0					gej	
b8b64b238172873aa5b51b92f7135664c16d7d384dfc382cfd4982747c53e541032fe83b770400225720f551fcb2a9b273a351e01ed6297908140cc7cae79ded	common_voice_gej_43289687.mp3	8262888d6d18e0f669e4a4adc8629f4ce3bd914040ca13ea63337ff74c2a4f09	Sisiwunu.		3	0					gej	
b8b64b238172873aa5b51b92f7135664c16d7d384dfc382cfd4982747c53e541032fe83b770400225720f551fcb2a9b273a351e01ed6297908140cc7cae79ded	common_voice_gej_43289689.mp3	225c1bd76b011bba77bd9eab270a04c42c5171168a0a0ccf86f11f515c7596b3	Gboma.		2	0					gej	
b8b64b238172873aa5b51b92f7135664c16d7d384dfc382cfd4982747c53e541032fe83b770400225720f551fcb2a9b273a351e01ed6297908140cc7cae79ded	common_voice_gej_43289696.mp3	527da743a2d5761b036c15d866618e2f13804554735c40a7dd615e22ffb23b8b	Gogo.		2	0					gej	
b8b64b238172873aa5b51b92f7135664c16d7d384dfc382cfd4982747c53e541032fe83b770400225720f551fcb2a9b273a351e01ed6297908140cc7cae79ded	common_voice_gej_43289697.mp3	12146cd100d148c4a75c35f04046c81adce2689e6f7896b9ccdff051ff4a7551	Mu kpo dokoe nye ji.		2	0					gej	
b8b64b238172873aa5b51b92f7135664c16d7d384dfc382cfd4982747c53e541032fe83b770400225720f551fcb2a9b273a351e01ed6297908140cc7cae79ded	common_voice_gej_43289699.mp3	3f00b4f51bae4e7ba6e53335c6c151a5612003036a29681e88d129317aa18262	Amada.		2	0					gej	
b8b64b238172873aa5b51b92f7135664c16d7d384dfc382cfd4982747c53e541032fe83b770400225720f551fcb2a9b273a351e01ed6297908140cc7cae79ded	common_voice_gej_43289700.mp3	3464c9244440bc9d2a51b621afd020f2e0fd583a58e6432e732e79c637718073	Avivo.		2	0					gej	
b8b64b238172873aa5b51b92f7135664c16d7d384dfc382cfd4982747c53e541032fe83b770400225720f551fcb2a9b273a351e01ed6297908140cc7cae79ded	common_voice_gej_43289701.mp3	522283687baf54e9fee507bb2c4702f970c5b4d017e1dcb5285873b21569ccc9	Miawo.		2	0					gej	
b8b64b238172873aa5b51b92f7135664c16d7d384dfc382cfd4982747c53e541032fe83b770400225720f551fcb2a9b273a351e01ed6297908140cc7cae79ded	common_voice_gej_43289710.mp3	1d588e2116b49fc62d646962c7251f1d3c21351fc863fdf482502fff27b1fb13	Ele kplo anyigba.		2	0					gej	
b8b64b238172873aa5b51b92f7135664c16d7d384dfc382cfd4982747c53e541032fe83b770400225720f551fcb2a9b273a351e01ed6297908140cc7cae79ded	common_voice_gej_43289711.mp3	6535a3de046a2146f8a25ea421c1e7a25fd8e44adecf556e0f747dcfb47cc31c	Wetro.		2	0					gej	
b8b64b238172873aa5b51b92f7135664c16d7d384dfc382cfd4982747c53e541032fe83b770400225720f551fcb2a9b273a351e01ed6297908140cc7cae79ded	common_voice_gej_43289713.mp3	db4a936df2690783ca1cac24c92e943db674b198e5a83b0a3e9799ecebfd85f2	Ku eku bada.		2	0					gej	
b8b64b238172873aa5b51b92f7135664c16d7d384dfc382cfd4982747c53e541032fe83b770400225720f551fcb2a9b273a351e01ed6297908140cc7cae79ded	common_voice_gej_43289714.mp3	45c4ce8a354a8103ac320160bd64b2e41be01c0158bbc4ca8ed36f960f64e5e4	Do gbe na devi awo na mu.		2	0					gej	
b8b64b238172873aa5b51b92f7135664c16d7d384dfc382cfd4982747c53e541032fe83b770400225720f551fcb2a9b273a351e01ed6297908140cc7cae79ded	common_voice_gej_43289723.mp3	017c5909294b1d528b93643e74a9a2a6826184514fca70c4b42fa58f7b6c2f6b	Tugbeje.		2	0					gej	
b8b64b238172873aa5b51b92f7135664c16d7d384dfc382cfd4982747c53e541032fe83b770400225720f551fcb2a9b273a351e01ed6297908140cc7cae79ded	common_voice_gej_43289724.mp3	1e0cd16354b65128724afcdf60265b850cc4423cff040d64a520c17c0eb4a5e2	Mu tra mo.		3	0					gej	
b8b64b238172873aa5b51b92f7135664c16d7d384dfc382cfd4982747c53e541032fe83b770400225720f551fcb2a9b273a351e01ed6297908140cc7cae79ded	common_voice_gej_43289725.mp3	361a6aec0cc999def68366c1b814a19dff5c73ca7a144a4b46b988cb64659a05	Koklo bo.		2	0					gej	
b8b64b238172873aa5b51b92f7135664c16d7d384dfc382cfd4982747c53e541032fe83b770400225720f551fcb2a9b273a351e01ed6297908140cc7cae79ded	common_voice_gej_43289727.mp3	fed5525a421fd1d0ef4458f9563a4297e40d4421908da4e707c5225a97ef04a4	Gbo zo.		2	0					gej	
b8b64b238172873aa5b51b92f7135664c16d7d384dfc382cfd4982747c53e541032fe83b770400225720f551fcb2a9b273a351e01ed6297908140cc7cae79ded	common_voice_gej_43289740.mp3	6b0f0a742afacd814171c9889caaaee2723eedfa06075117f4f868610e5c7796	Yebese.		2	0					gej	
b8b64b238172873aa5b51b92f7135664c16d7d384dfc382cfd4982747c53e541032fe83b770400225720f551fcb2a9b273a351e01ed6297908140cc7cae79ded	common_voice_gej_43289741.mp3	30ee19cfd4a63a96665d58bc2391020b56190aa06fc2dce700cc8a2c78888071	Aci.		2	0					gej	
b8b64b238172873aa5b51b92f7135664c16d7d384dfc382cfd4982747c53e541032fe83b770400225720f551fcb2a9b273a351e01ed6297908140cc7cae79ded	common_voice_gej_43289742.mp3	3f2a7ce335a2c565353b41e8dc33650ff7cc7ea9b0c1c310d461a9f7d598b6f2	Coco le fa avi blobloblo.		2	0					gej	
b8b64b238172873aa5b51b92f7135664c16d7d384dfc382cfd4982747c53e541032fe83b770400225720f551fcb2a9b273a351e01ed6297908140cc7cae79ded	common_voice_gej_43289743.mp3	f12b4734af27715666e9e625e39abca7ba9cb8d37026ec28c973b5bd6683c0b9	To ku na wo.		2	0					gej	
b8b64b238172873aa5b51b92f7135664c16d7d384dfc382cfd4982747c53e541032fe83b770400225720f551fcb2a9b273a351e01ed6297908140cc7cae79ded	common_voice_gej_43289744.mp3	6bd7702252850d708460fb91df061778cb7a7a9214dddb94aba6a300413bf4f9	Ku ngusisi na ame.		2	0					gej	
b8b64b238172873aa5b51b92f7135664c16d7d384dfc382cfd4982747c53e541032fe83b770400225720f551fcb2a9b273a351e01ed6297908140cc7cae79ded	common_voice_gej_43289746.mp3	37736da3587cea0561bb214a2ca4f0701f0b20898543aa476f3a6a80ba4fcff5	Si.		2	0					gej	
b8b64b238172873aa5b51b92f7135664c16d7d384dfc382cfd4982747c53e541032fe83b770400225720f551fcb2a9b273a351e01ed6297908140cc7cae79ded	common_voice_gej_43289748.mp3	022bcf81b723804ebebb7a84da232e148181b4e1da1a155242e2ec9fa33bde01	Papawum.		2	0					gej	
b8b64b238172873aa5b51b92f7135664c16d7d384dfc382cfd4982747c53e541032fe83b770400225720f551fcb2a9b273a351e01ed6297908140cc7cae79ded	common_voice_gej_43289749.mp3	9f851d226e026667b16a0f9a9b1fcd40a1aefd404259a32ea271c46b19d3f486	Mu le ji te.		2	0					gej	
b8b64b238172873aa5b51b92f7135664c16d7d384dfc382cfd4982747c53e541032fe83b770400225720f551fcb2a9b273a351e01ed6297908140cc7cae79ded	common_voice_gej_43289751.mp3	325f9b72243819e754bb6519aa43f0e40ce1a3bd3b2b2e7dd24266d69450f27c	Ajenufiofio.		2	0					gej	
b8b64b238172873aa5b51b92f7135664c16d7d384dfc382cfd4982747c53e541032fe83b770400225720f551fcb2a9b273a351e01ed6297908140cc7cae79ded	common_voice_gej_43289770.mp3	5937500b8731b5f180eedb910226f9be981c208a0eebbfd242dc43e82bce9e2f	Evo li nam.		2	0					gej	
b8b64b238172873aa5b51b92f7135664c16d7d384dfc382cfd4982747c53e541032fe83b770400225720f551fcb2a9b273a351e01ed6297908140cc7cae79ded	common_voice_gej_43289771.mp3	cdc3829798d265158a3edf17d9af17c027ae971e8d9d06ba19558a7f833c37d6	Siko le tim.		2	0					gej	
b8b64b238172873aa5b51b92f7135664c16d7d384dfc382cfd4982747c53e541032fe83b770400225720f551fcb2a9b273a351e01ed6297908140cc7cae79ded	common_voice_gej_43289772.mp3	48f130f7b8501102144b48630e8ec812de42cac2238f9fded3a8b13228ca1f89	Wetro gadeka.		2	0					gej	
b8b64b238172873aa5b51b92f7135664c16d7d384dfc382cfd4982747c53e541032fe83b770400225720f551fcb2a9b273a351e01ed6297908140cc7cae79ded	common_voice_gej_43289773.mp3	e811049225938d58b538c9b2bda6386a89d7c9adb72fb6df9d147fe2ae7a8e61	Kpoku.		2	0					gej	
b8b64b238172873aa5b51b92f7135664c16d7d384dfc382cfd4982747c53e541032fe83b770400225720f551fcb2a9b273a351e01ed6297908140cc7cae79ded	common_voice_gej_43289774.mp3	8fbd43687a3af86e8540ac77c067d2310620fd83dc9114c3be0af8e03eca0d03	Ne ame sia me gble wo da de a, no wo le.		2	0					gej	
b8b64b238172873aa5b51b92f7135664c16d7d384dfc382cfd4982747c53e541032fe83b770400225720f551fcb2a9b273a351e01ed6297908140cc7cae79ded	common_voice_gej_43289806.mp3	2f07847607c2ed52c7ab8f20096ddda7c8b9847891f25432ae14284b3ebeddd6	Efio.		3	0					gej	
b8b64b238172873aa5b51b92f7135664c16d7d384dfc382cfd4982747c53e541032fe83b770400225720f551fcb2a9b273a351e01ed6297908140cc7cae79ded	common_voice_gej_43289807.mp3	fa5a65f9bb7bbf7a9751b0924985ca5e7400db10a32582c40b7679d1da3610f9	Ee wo fio mu kristogbe a.		2	0					gej	
b8b64b238172873aa5b51b92f7135664c16d7d384dfc382cfd4982747c53e541032fe83b770400225720f551fcb2a9b273a351e01ed6297908140cc7cae79ded	common_voice_gej_43289808.mp3	6410b36e24974d39628065da114aa3ed7c53b15e4fb4f6642eb18ad60556f9da	Blo.		2	0					gej	
b8b64b238172873aa5b51b92f7135664c16d7d384dfc382cfd4982747c53e541032fe83b770400225720f551fcb2a9b273a351e01ed6297908140cc7cae79ded	common_voice_gej_43289809.mp3	415498d6557ff2de17df28422c461cba78de6c6ea3ecdf44c53c6866367b4c49	Mu jra moa do.		2	0					gej	
b8b64b238172873aa5b51b92f7135664c16d7d384dfc382cfd4982747c53e541032fe83b770400225720f551fcb2a9b273a351e01ed6297908140cc7cae79ded	common_voice_gej_43289825.mp3	1a33e8ae3bffca5017caa5b069d4e6829a98033aa523ff525a1b9c76e9dc93b0	Kawuivoato ti ato.		2	0					gej	
b8b64b238172873aa5b51b92f7135664c16d7d384dfc382cfd4982747c53e541032fe83b770400225720f551fcb2a9b273a351e01ed6297908140cc7cae79ded	common_voice_gej_43289826.mp3	782ab20136e95593388f0e07a7cfc6ea7b3f11876ece90332045e29cc9a1de93	Agovevesese.		2	0					gej	
b8b64b238172873aa5b51b92f7135664c16d7d384dfc382cfd4982747c53e541032fe83b770400225720f551fcb2a9b273a351e01ed6297908140cc7cae79ded	common_voice_gej_43289827.mp3	60c4d3ed05f4ede023e4062484933528c291824ad16425a1deb918ce034173e1	Mi ji ha.		3	0					gej	
b8b64b238172873aa5b51b92f7135664c16d7d384dfc382cfd4982747c53e541032fe83b770400225720f551fcb2a9b273a351e01ed6297908140cc7cae79ded	common_voice_gej_43289829.mp3	df64fc00bed297005c4dd454d25cd5a4cb774da217dd14a17f6a0ea0690022f4	Amakpa eto.		2	0					gej	
b8b64b238172873aa5b51b92f7135664c16d7d384dfc382cfd4982747c53e541032fe83b770400225720f551fcb2a9b273a351e01ed6297908140cc7cae79ded	common_voice_gej_43289841.mp3	949ec29b713a7f2632d5c4e4522dca7d3d17c376088cc6547569f1296f8e16e2	Wo gbe.		2	0					gej	
b8b64b238172873aa5b51b92f7135664c16d7d384dfc382cfd4982747c53e541032fe83b770400225720f551fcb2a9b273a351e01ed6297908140cc7cae79ded	common_voice_gej_43289842.mp3	735c4c0dc1ccc389a9cdd10b11ac507f6dd928f1ec9ffe3f285ea937c1622d42	Gbede.		2	0					gej	
b8b64b238172873aa5b51b92f7135664c16d7d384dfc382cfd4982747c53e541032fe83b770400225720f551fcb2a9b273a351e01ed6297908140cc7cae79ded	common_voice_gej_43289844.mp3	02bc66d9540cad47679451b52a1e5406840fe4c306b3ec01748812c79d61ccc7	Wo afodede.		2	0					gej	
b8b64b238172873aa5b51b92f7135664c16d7d384dfc382cfd4982747c53e541032fe83b770400225720f551fcb2a9b273a351e01ed6297908140cc7cae79ded	common_voice_gej_43289860.mp3	1e94034fc11e5de970fc7110c8476693a6f5c65a8be36dc75133717de7715f6d	Amakpa eve.		2	0					gej	
b8b64b238172873aa5b51b92f7135664c16d7d384dfc382cfd4982747c53e541032fe83b770400225720f551fcb2a9b273a351e01ed6297908140cc7cae79ded	common_voice_gej_43289862.mp3	458abb36a5ee2515acb1b6dd3d2e897ea5c11bcbcc97b01d36eeef9387d0ed02	Kpakpato.		2	0					gej	
b8b64b238172873aa5b51b92f7135664c16d7d384dfc382cfd4982747c53e541032fe83b770400225720f551fcb2a9b273a351e01ed6297908140cc7cae79ded	common_voice_gej_43289863.mp3	6b695d5d14e06a1bfb1e63136f95248d62ae817545e73cb524077538581e5636	Tugbeje awo.		3	0					gej	
b8b64b238172873aa5b51b92f7135664c16d7d384dfc382cfd4982747c53e541032fe83b770400225720f551fcb2a9b273a351e01ed6297908140cc7cae79ded	common_voice_gej_43289866.mp3	6cf41910ba59f0c8d038f95f9f6cbea5feb9af46431c5b2007e28dd6fdb50345	Kosida ve ye ya doelevi to le axome va yi ci haxonu.		3	0					gej	
b8b64b238172873aa5b51b92f7135664c16d7d384dfc382cfd4982747c53e541032fe83b770400225720f551fcb2a9b273a351e01ed6297908140cc7cae79ded	common_voice_gej_43289885.mp3	52fed116902a8a65aabe6681d763535dde72d4788c5b63a27487043275c0a70b	Ngutilakpamahuamahua.		2	0					gej	
b8b64b238172873aa5b51b92f7135664c16d7d384dfc382cfd4982747c53e541032fe83b770400225720f551fcb2a9b273a351e01ed6297908140cc7cae79ded	common_voice_gej_43289887.mp3	774a35f345845940f1ef868b4a2a308d4bc3033b8344f579285a0433ef6ad56b	Le kota keya me a, mi la kpo lawson be xome, xomede ke so anexo a.		2	0					gej	
b8b64b238172873aa5b51b92f7135664c16d7d384dfc382cfd4982747c53e541032fe83b770400225720f551fcb2a9b273a351e01ed6297908140cc7cae79ded	common_voice_gej_43289888.mp3	132635188c2905114a5994ef17c6760739628fefa66bc37fa6ecc93913126fa1	Kakadoji.		2	0					gej	
b8b64b238172873aa5b51b92f7135664c16d7d384dfc382cfd4982747c53e541032fe83b770400225720f551fcb2a9b273a351e01ed6297908140cc7cae79ded	common_voice_gej_43289939.mp3	1d99d71e94ce40bbdd289b433706913ae33e865e809dd9c599879e5ce0562ab4	Ka takpo.		2	0					gej	
b8b64b238172873aa5b51b92f7135664c16d7d384dfc382cfd4982747c53e541032fe83b770400225720f551fcb2a9b273a351e01ed6297908140cc7cae79ded	common_voice_gej_43289941.mp3	55f78c47e692e948d10937f2bfe65713ce528c08de46610e9de39fc165e35da6	Mu yo mi kudo doelevi be de nguti vo a ewo na wo ku fofo nye a kpo be mu le de voe ne.		2	0					gej	
b8b64b238172873aa5b51b92f7135664c16d7d384dfc382cfd4982747c53e541032fe83b770400225720f551fcb2a9b273a351e01ed6297908140cc7cae79ded	common_voice_gej_43289942.mp3	3a84b5de958bde8108cd70098d71a09ceb8ef1b73392eeb6062a791a9cf81982	Xakui.		2	0					gej	
b8b64b238172873aa5b51b92f7135664c16d7d384dfc382cfd4982747c53e541032fe83b770400225720f551fcb2a9b273a351e01ed6297908140cc7cae79ded	common_voice_gej_43289944.mp3	431845b8a7206bfa6c48381a4f9fcfa72b905c98479616392bfdf5b04c68d138	Adava.		2	0					gej	
b8b64b238172873aa5b51b92f7135664c16d7d384dfc382cfd4982747c53e541032fe83b770400225720f551fcb2a9b273a351e01ed6297908140cc7cae79ded	common_voice_gej_43289962.mp3	48f0e8390cc108c852be906920255a4d74af3bc2df900154acbbca3a7ca666e1	Adoglode.		2	0					gej	
b8b64b238172873aa5b51b92f7135664c16d7d384dfc382cfd4982747c53e541032fe83b770400225720f551fcb2a9b273a351e01ed6297908140cc7cae79ded	common_voice_gej_43289963.mp3	2c6782758b35500c6dc73daf782b5909d6cea7f425fc1c8415f9fe3a2b87a440	Mi da ade.		2	0					gej	
b8b64b238172873aa5b51b92f7135664c16d7d384dfc382cfd4982747c53e541032fe83b770400225720f551fcb2a9b273a351e01ed6297908140cc7cae79ded	common_voice_gej_43289964.mp3	8e03d3c3a8e42b32c395af45d998156601372f440791340ee622224297533cb1	Agboa lolo.		2	0					gej	
b8b64b238172873aa5b51b92f7135664c16d7d384dfc382cfd4982747c53e541032fe83b770400225720f551fcb2a9b273a351e01ed6297908140cc7cae79ded	common_voice_gej_43289965.mp3	7bc01809a8f79eb114b9db4f8a0d9a3cca6f1e2e91720fab440804966953fcbd	Nu ke ye mi kplana le funu o?		2	0					gej	
b8b64b238172873aa5b51b92f7135664c16d7d384dfc382cfd4982747c53e541032fe83b770400225720f551fcb2a9b273a351e01ed6297908140cc7cae79ded	common_voice_gej_43289979.mp3	6cbbeae7d2b83fea62091c92e7dfbf1bb29f2e1bf21a75d33ec4dd31c6907d28	Eyi so.		3	0					gej	
b8b64b238172873aa5b51b92f7135664c16d7d384dfc382cfd4982747c53e541032fe83b770400225720f551fcb2a9b273a351e01ed6297908140cc7cae79ded	common_voice_gej_43289980.mp3	3be61f7cf4510e4e496b297d1a538c7a73319d952a4edb0ec16136971b96e4ce	Kokoenyinyi.		2	0					gej	
b8b64b238172873aa5b51b92f7135664c16d7d384dfc382cfd4982747c53e541032fe83b770400225720f551fcb2a9b273a351e01ed6297908140cc7cae79ded	common_voice_gej_43289981.mp3	7f716d57916ef3b7b38c3ebcc1bb65eef7d15a5797fb681da9848d71f4005647	Eje zo ngto.		2	0					gej	
b8b64b238172873aa5b51b92f7135664c16d7d384dfc382cfd4982747c53e541032fe83b770400225720f551fcb2a9b273a351e01ed6297908140cc7cae79ded	common_voice_gej_43289983.mp3	f89ccb7b4ef91872720d9f50b5995562ba2b075c86aa35b71bb2de7ece0d1ca0	Nutati a.		2	0					gej	
b8b64b238172873aa5b51b92f7135664c16d7d384dfc382cfd4982747c53e541032fe83b770400225720f551fcb2a9b273a351e01ed6297908140cc7cae79ded	common_voice_gej_43289985.mp3	19b541abc6fd4074c14971dc9949736ad17024a12bf786d59ea8cdec8c2fcb74	Po gbomadesi na mu.		2	0					gej	
b8b64b238172873aa5b51b92f7135664c16d7d384dfc382cfd4982747c53e541032fe83b770400225720f551fcb2a9b273a351e01ed6297908140cc7cae79ded	common_voice_gej_43290010.mp3	4b2bfc8312a680cf6196f748e27caa9e411cc88fe6da7ffc4c7128d6e844e568	Mu kpo.		2	0					gej	
b8b64b238172873aa5b51b92f7135664c16d7d384dfc382cfd4982747c53e541032fe83b770400225720f551fcb2a9b273a351e01ed6297908140cc7cae79ded	common_voice_gej_43290011.mp3	7fd43491ca359f52216dd5cbe9034d318f25e100e66ed2cf714ee98eed641514	Blifa dada.		2	0					gej	
b8b64b238172873aa5b51b92f7135664c16d7d384dfc382cfd4982747c53e541032fe83b770400225720f551fcb2a9b273a351e01ed6297908140cc7cae79ded	common_voice_gej_43290012.mp3	6920c6821e67bd2782752a04f57a81c8c7fd1dac98fc938ca7e000c12fb8b960	Akodugble.		2	0					gej	
b8b64b238172873aa5b51b92f7135664c16d7d384dfc382cfd4982747c53e541032fe83b770400225720f551fcb2a9b273a351e01ed6297908140cc7cae79ded	common_voice_gej_43290013.mp3	6f4b8edec7fcafbf7b1f7a8f547e93a1f1fc620e0f773ed0a528a99ff01522a5	Si alovi.		2	0					gej	
b8b64b238172873aa5b51b92f7135664c16d7d384dfc382cfd4982747c53e541032fe83b770400225720f551fcb2a9b273a351e01ed6297908140cc7cae79ded	common_voice_gej_43290014.mp3	5fed3239882f1ec9caa2b0ac7134ea58d220a98cb2fee7a1d5b609932cdbe50e	Agblega.		2	1					gej	
b8b64b238172873aa5b51b92f7135664c16d7d384dfc382cfd4982747c53e541032fe83b770400225720f551fcb2a9b273a351e01ed6297908140cc7cae79ded	common_voice_gej_43290020.mp3	841e4e91ccbcda14b5c1c5e1ae6885506d9abf3278ee28360bcbf6701053c245	Mi di ku.		2	0					gej	
b8b64b238172873aa5b51b92f7135664c16d7d384dfc382cfd4982747c53e541032fe83b770400225720f551fcb2a9b273a351e01ed6297908140cc7cae79ded	common_voice_gej_43290021.mp3	35a5dac3815934bf3c00a39180fedcf0ad38c85b5673d7aecf3717512787f9f0	Tamesetode.		2	0					gej	
b8b64b238172873aa5b51b92f7135664c16d7d384dfc382cfd4982747c53e541032fe83b770400225720f551fcb2a9b273a351e01ed6297908140cc7cae79ded	common_voice_gej_43290022.mp3	1100d91641c57330eaef74688c2b05865d160f8c4f4cbe0cb9a7dace3dffb640	Sungde.		2	0					gej	
b8b64b238172873aa5b51b92f7135664c16d7d384dfc382cfd4982747c53e541032fe83b770400225720f551fcb2a9b273a351e01ed6297908140cc7cae79ded	common_voice_gej_43290024.mp3	7870b793cf559c8b91f0b14920e2da1e4ac66bbe7a1c99fb8d5d59f4509154ab	Nyi asevi.		3	0					gej	
b8b64b238172873aa5b51b92f7135664c16d7d384dfc382cfd4982747c53e541032fe83b770400225720f551fcb2a9b273a351e01ed6297908140cc7cae79ded	common_voice_gej_43290048.mp3	7e957dd6f039c42efc9d9e77067a91273dc6f26fbf892b53ecc1aa095e285758	Kavetakpo.		2	0					gej	
b8b64b238172873aa5b51b92f7135664c16d7d384dfc382cfd4982747c53e541032fe83b770400225720f551fcb2a9b273a351e01ed6297908140cc7cae79ded	common_voice_gej_43290049.mp3	8941ac4a4aab610dc66b899b7f9240ed1b7c0d342f1d17eb0c8a2a5be0e3eff4	Eso.		3	0					gej	
b8b64b238172873aa5b51b92f7135664c16d7d384dfc382cfd4982747c53e541032fe83b770400225720f551fcb2a9b273a351e01ed6297908140cc7cae79ded	common_voice_gej_43290050.mp3	637dd8de8fe0946b4187806e0723eddb01b57b163fe349e75f3ad5c369c56475	Ataya.		2	0					gej	
b8b64b238172873aa5b51b92f7135664c16d7d384dfc382cfd4982747c53e541032fe83b770400225720f551fcb2a9b273a351e01ed6297908140cc7cae79ded	common_voice_gej_43290051.mp3	6187a8a847b0d017f69a32a3473d7ba563321383f6922ec0ca4e26e997eb8785	Cikui.		2	0					gej	
b8b64b238172873aa5b51b92f7135664c16d7d384dfc382cfd4982747c53e541032fe83b770400225720f551fcb2a9b273a351e01ed6297908140cc7cae79ded	common_voice_gej_43290052.mp3	64ce163ee75b2e150e35165da211fec7caeb487ceb9f2d778aa4b41cd5aa81e5	Mi mu le kplo anyigba oo.		2	0					gej	
b8b64b238172873aa5b51b92f7135664c16d7d384dfc382cfd4982747c53e541032fe83b770400225720f551fcb2a9b273a351e01ed6297908140cc7cae79ded	common_voice_gej_43290068.mp3	74d6f1d269dd5f4a9bb0904b9b19492319c57b4e363bf06789d43ef0f93e5fc3	Mu le ku.		2	0					gej	
b8b64b238172873aa5b51b92f7135664c16d7d384dfc382cfd4982747c53e541032fe83b770400225720f551fcb2a9b273a351e01ed6297908140cc7cae79ded	common_voice_gej_43290069.mp3	491608339c46fdba8d950769b2885be6799853afda5d922ec53769690d1faa5f	E di ku.		2	0					gej	
b8b64b238172873aa5b51b92f7135664c16d7d384dfc382cfd4982747c53e541032fe83b770400225720f551fcb2a9b273a351e01ed6297908140cc7cae79ded	common_voice_gej_43290070.mp3	7d2c56a46871d612d5502507a1f6554f6f36ab1cd05b8f9d9ef0375bccc843da	Dudo la tengu gble duga.		2	0					gej	
b8b64b238172873aa5b51b92f7135664c16d7d384dfc382cfd4982747c53e541032fe83b770400225720f551fcb2a9b273a351e01ed6297908140cc7cae79ded	common_voice_gej_43290071.mp3	83faf605b22bec419bce5d3050e316e9f9c96e49f299733b86363deaea8507b3	Biye je ne.		2	0					gej	
b8b64b238172873aa5b51b92f7135664c16d7d384dfc382cfd4982747c53e541032fe83b770400225720f551fcb2a9b273a351e01ed6297908140cc7cae79ded	common_voice_gej_43290072.mp3	c6d2a6635c6aeeff6a002647be3bca1e8a7bd05f1505191e0b4d9d6f80d799a1	Awu a le hoe suu.		2	0					gej	
b8b64b238172873aa5b51b92f7135664c16d7d384dfc382cfd4982747c53e541032fe83b770400225720f551fcb2a9b273a351e01ed6297908140cc7cae79ded	common_voice_gej_43290084.mp3	9cb29090cfa86d123330c375966cdab3291b4d8f893a5aa3f9862409f72a8ff3	Ahanutuvi.		2	0					gej	
b8b64b238172873aa5b51b92f7135664c16d7d384dfc382cfd4982747c53e541032fe83b770400225720f551fcb2a9b273a351e01ed6297908140cc7cae79ded	common_voice_gej_43290085.mp3	00fe06f2f6bb3128e492ae2dc645f788a270651c96ef24d60b44178d73d48384	Evem.		2	0					gej	
b8b64b238172873aa5b51b92f7135664c16d7d384dfc382cfd4982747c53e541032fe83b770400225720f551fcb2a9b273a351e01ed6297908140cc7cae79ded	common_voice_gej_43290086.mp3	5a26e83b73cef1538a067903ec5cbe87c7910b954c944548086783644a22330f	Mi gba no gblona miabe viwo gbede be wo nyi sukuno o.		2	0					gej	
b8b64b238172873aa5b51b92f7135664c16d7d384dfc382cfd4982747c53e541032fe83b770400225720f551fcb2a9b273a351e01ed6297908140cc7cae79ded	common_voice_gej_43290087.mp3	76e3f44d097d8c1bb5d482539451556814abd262ccda011f4a0cd1b30e12611f	Aleno.		2	0					gej	
b8b64b238172873aa5b51b92f7135664c16d7d384dfc382cfd4982747c53e541032fe83b770400225720f551fcb2a9b273a351e01ed6297908140cc7cae79ded	common_voice_gej_43290088.mp3	89c09281545da6cc9003a68378f8515df455702c35d04807c7125df868fddab2	Fingongotetototike.		2	0					gej	
b8b64b238172873aa5b51b92f7135664c16d7d384dfc382cfd4982747c53e541032fe83b770400225720f551fcb2a9b273a351e01ed6297908140cc7cae79ded	common_voice_gej_43290094.mp3	6f4644bcbbbc0fd0f5d39f9184c61e4ebca386b8ff047316fb84eda9756e0f4a	Magoku.		2	0					gej	
b8b64b238172873aa5b51b92f7135664c16d7d384dfc382cfd4982747c53e541032fe83b770400225720f551fcb2a9b273a351e01ed6297908140cc7cae79ded	common_voice_gej_43290095.mp3	2c918ea61a32b73faa3059907483eff51b29ea58f4035e157c7bfabb8725d6a4	Ka ve ci wo ato.		2	0					gej	
b8b64b238172873aa5b51b92f7135664c16d7d384dfc382cfd4982747c53e541032fe83b770400225720f551fcb2a9b273a351e01ed6297908140cc7cae79ded	common_voice_gej_43290096.mp3	52497bb7bab439085aabfb971bd47f0a655909c197494b5c5208089a65d3f2e3	Nyisu.		2	0					gej	
b8b64b238172873aa5b51b92f7135664c16d7d384dfc382cfd4982747c53e541032fe83b770400225720f551fcb2a9b273a351e01ed6297908140cc7cae79ded	common_voice_gej_43290097.mp3	3fe868b5f61195afe0028913b1a18df9ea124f6625f9ae4726ab70238d3b6644	Ta mu nona agbe, klo cona kuku o.		2	0					gej	
b8b64b238172873aa5b51b92f7135664c16d7d384dfc382cfd4982747c53e541032fe83b770400225720f551fcb2a9b273a351e01ed6297908140cc7cae79ded	common_voice_gej_43290098.mp3	80a4109c2adf7a6c13d2c7da29a3c8cb26dfbf72f544a57fc1bccd3d1f1521d5	Nu a kpe nguto.		2	0					gej	
b8b64b238172873aa5b51b92f7135664c16d7d384dfc382cfd4982747c53e541032fe83b770400225720f551fcb2a9b273a351e01ed6297908140cc7cae79ded	common_voice_gej_43290109.mp3	93a4c7bdcdc98932b07dd2df9eb35b4ce1c9cce99a32a4baed2adec851d10fd2	Da angu.		2	0					gej	
b8b64b238172873aa5b51b92f7135664c16d7d384dfc382cfd4982747c53e541032fe83b770400225720f551fcb2a9b273a351e01ed6297908140cc7cae79ded	common_voice_gej_43290112.mp3	73350c1d52a0704cdecddd4748e9e26bcaec78b6adefee5667e07df454b29387	Numeklotike.		2	0					gej	
b8b64b238172873aa5b51b92f7135664c16d7d384dfc382cfd4982747c53e541032fe83b770400225720f551fcb2a9b273a351e01ed6297908140cc7cae79ded	common_voice_gej_43290113.mp3	74f6457dbd6d9223df1e5b96c50846256b924be08d7d1c2785bd12b66b05491a	Ajete do alogavi na adude.		2	0					gej	
b8b64b238172873aa5b51b92f7135664c16d7d384dfc382cfd4982747c53e541032fe83b770400225720f551fcb2a9b273a351e01ed6297908140cc7cae79ded	common_voice_gej_43290114.mp3	6ace9c749f52f7dc761edb8f335e0783ea691b1537ee4dadd6452c02e4338bcd	Yi anake gbe.		3	0					gej	
b8b64b238172873aa5b51b92f7135664c16d7d384dfc382cfd4982747c53e541032fe83b770400225720f551fcb2a9b273a351e01ed6297908140cc7cae79ded	common_voice_gej_43290116.mp3	402977e74a9351fcb211e773a7c0a8decc6ec5bc47283a650c62510d3e824534	Akpafiodewo.		2	0					gej	
b8b64b238172873aa5b51b92f7135664c16d7d384dfc382cfd4982747c53e541032fe83b770400225720f551fcb2a9b273a351e01ed6297908140cc7cae79ded	common_voice_gej_43290117.mp3	516174016068986aa30b946a12a6fb5e7fa07c63a63460a7793393a10d973f4d	Adika le somi.		2	0					gej	
b8b64b238172873aa5b51b92f7135664c16d7d384dfc382cfd4982747c53e541032fe83b770400225720f551fcb2a9b273a351e01ed6297908140cc7cae79ded	common_voice_gej_43290118.mp3	5c9f007cc24b1b3a462f0af9d2b05b7122040ac2c706f42a7da827b29c416747	Ku tevi.		2	0					gej	
b8b64b238172873aa5b51b92f7135664c16d7d384dfc382cfd4982747c53e541032fe83b770400225720f551fcb2a9b273a351e01ed6297908140cc7cae79ded	common_voice_gej_43290131.mp3	2417e48c8e2630b01194ed9a4acd3302835edf2f0167df9bf1b5bb5cd53a467d	Daa.		2	0					gej	
b8b64b238172873aa5b51b92f7135664c16d7d384dfc382cfd4982747c53e541032fe83b770400225720f551fcb2a9b273a351e01ed6297908140cc7cae79ded	common_voice_gej_43290132.mp3	70c8256595db374e511b7e99c9e3ae205485346fed59c6d8e2e16e28baea0293	Fifi nyonuviwo le ko ngti.		2	0					gej	
b8b64b238172873aa5b51b92f7135664c16d7d384dfc382cfd4982747c53e541032fe83b770400225720f551fcb2a9b273a351e01ed6297908140cc7cae79ded	common_voice_gej_43290133.mp3	42a55bca474fed8dbda9573859bf9cc7827164a8e862042e939cf31a80401375	Kotokugba.		2	0					gej	
b8b64b238172873aa5b51b92f7135664c16d7d384dfc382cfd4982747c53e541032fe83b770400225720f551fcb2a9b273a351e01ed6297908140cc7cae79ded	common_voice_gej_43290139.mp3	4b074646f708a8084fd3d8ae3076ef366bf80651a3894acef649a14aeaa38d43	Lacigbojogbojo.		2	0					gej	
b8b64b238172873aa5b51b92f7135664c16d7d384dfc382cfd4982747c53e541032fe83b770400225720f551fcb2a9b273a351e01ed6297908140cc7cae79ded	common_voice_gej_43290140.mp3	33e6e60b93f37e1a0ab4db1348ae87c68a8a36c3f7a382525c9a1c8d0eb1ff79	Kpakpa zi.		2	0					gej	
b8b64b238172873aa5b51b92f7135664c16d7d384dfc382cfd4982747c53e541032fe83b770400225720f551fcb2a9b273a351e01ed6297908140cc7cae79ded	common_voice_gej_43290141.mp3	06e8f5d7a483d87e847bfd5fd11ad7a22e228f5f18122d56686ccff58ba36cab	Va xoe do kpo.		2	0					gej	
b8b64b238172873aa5b51b92f7135664c16d7d384dfc382cfd4982747c53e541032fe83b770400225720f551fcb2a9b273a351e01ed6297908140cc7cae79ded	common_voice_gej_43290142.mp3	63bd2fb55cfea814e28ee7a1bf42940563376774fd718167d51e56b39d6ce999	Koto.		3	0					gej	
b8b64b238172873aa5b51b92f7135664c16d7d384dfc382cfd4982747c53e541032fe83b770400225720f551fcb2a9b273a351e01ed6297908140cc7cae79ded	common_voice_gej_43290143.mp3	79f318e48d4c96c3de30c7123836f6917b757870c2fe75eeead593459d04d3c6	Akliko.		3	0					gej	
b8b64b238172873aa5b51b92f7135664c16d7d384dfc382cfd4982747c53e541032fe83b770400225720f551fcb2a9b273a351e01ed6297908140cc7cae79ded	common_voice_gej_43290167.mp3	1c13bbcd70d246f6f7905690251a4a9fe55beb2044ad16ec5be002fcf0c50cb2	Fofowu to.		2	0					gej	
b8b64b238172873aa5b51b92f7135664c16d7d384dfc382cfd4982747c53e541032fe83b770400225720f551fcb2a9b273a351e01ed6297908140cc7cae79ded	common_voice_gej_43290168.mp3	4c1294eabd9048224ebfb73eaf7c17a501b5915d2875af9ecb74f9fe27185858	Sibi le ngugbedome na anoko.		2	0					gej	
b8b64b238172873aa5b51b92f7135664c16d7d384dfc382cfd4982747c53e541032fe83b770400225720f551fcb2a9b273a351e01ed6297908140cc7cae79ded	common_voice_gej_43290170.mp3	8d75adfe5cd1f0105f9d03d90176a035aadd46cff114915f93567ff24a63c54f	Sika kuku.		3	0					gej	
b8b64b238172873aa5b51b92f7135664c16d7d384dfc382cfd4982747c53e541032fe83b770400225720f551fcb2a9b273a351e01ed6297908140cc7cae79ded	common_voice_gej_43290172.mp3	3177fc8cb64eabd5042298b1fbedef16c491318cc4737f33aaa68b15301d35e5	Kle kpe.		2	0					gej	
b8b64b238172873aa5b51b92f7135664c16d7d384dfc382cfd4982747c53e541032fe83b770400225720f551fcb2a9b273a351e01ed6297908140cc7cae79ded	common_voice_gej_43290208.mp3	8279d23161848024eb530809d8bc609cdff0486d5fe3aa1a71f6b1ae8e9b891c	Ke gba jo le ve mu wu nu a ye nyi be fioha jo so alo do agla le kpo agbledetowo.		3	0					gej	
b8b64b238172873aa5b51b92f7135664c16d7d384dfc382cfd4982747c53e541032fe83b770400225720f551fcb2a9b273a351e01ed6297908140cc7cae79ded	common_voice_gej_43290209.mp3	76fa05f7643aa8b54e71456ca34bd5fc6b41ad1b05c13cc3e21bce6398e055f0	Nyi asike.		2	0					gej	
b8b64b238172873aa5b51b92f7135664c16d7d384dfc382cfd4982747c53e541032fe83b770400225720f551fcb2a9b273a351e01ed6297908140cc7cae79ded	common_voice_gej_43290210.mp3	ed77598e830c0cf379873d96b3383d23d1df1017b3705e272f99eabe5d017cb6	Azikpewo.		2	0					gej	
b8b64b238172873aa5b51b92f7135664c16d7d384dfc382cfd4982747c53e541032fe83b770400225720f551fcb2a9b273a351e01ed6297908140cc7cae79ded	common_voice_gej_43290211.mp3	1826434ce6296e8c48177b26db4527ac4e73f60176be7eb217740e910424eaeb	Azi desi.		2	0					gej	
b8b64b238172873aa5b51b92f7135664c16d7d384dfc382cfd4982747c53e541032fe83b770400225720f551fcb2a9b273a351e01ed6297908140cc7cae79ded	common_voice_gej_43290212.mp3	51b9415a2474b42589c6c320738c3ab295065e9fb476a3f6d2616777cdfd2b07	Nusasaga.		2	0					gej	
b8b64b238172873aa5b51b92f7135664c16d7d384dfc382cfd4982747c53e541032fe83b770400225720f551fcb2a9b273a351e01ed6297908140cc7cae79ded	common_voice_gej_43290228.mp3	497fe92407380aaf240302d60ede752536197fcc3af880cde034465dc62ee86a	Lolo nyo.		2	0					gej	
b8b64b238172873aa5b51b92f7135664c16d7d384dfc382cfd4982747c53e541032fe83b770400225720f551fcb2a9b273a351e01ed6297908140cc7cae79ded	common_voice_gej_43290229.mp3	f50ba099ffba04ed4a6fdcef30f904b7a9e3aaf6d9bba4c732fe57ee218c6c7b	Ayikugbegble.		2	0					gej	
b8b64b238172873aa5b51b92f7135664c16d7d384dfc382cfd4982747c53e541032fe83b770400225720f551fcb2a9b273a351e01ed6297908140cc7cae79ded	common_voice_gej_43290230.mp3	5a9266f75c2575a479d25352873fb8c2a2924fd24e23ddb11fbb4db0a9a67596	Wo kpo.		3	0					gej	
b8b64b238172873aa5b51b92f7135664c16d7d384dfc382cfd4982747c53e541032fe83b770400225720f551fcb2a9b273a351e01ed6297908140cc7cae79ded	common_voice_gej_43290232.mp3	7f8acd0c4c40f947d890260c2681c91fe932bc4d2d0eb18c85d58725200cbb64	Nyo.		2	0					gej	
b8b64b238172873aa5b51b92f7135664c16d7d384dfc382cfd4982747c53e541032fe83b770400225720f551fcb2a9b273a351e01ed6297908140cc7cae79ded	common_voice_gej_43290238.mp3	25d29e0b1318f1cb6cbff4d4e1a5b251679f628778fe854bc226967aefdf9fe6	Wo mule kplo anyigba o.		2	0					gej	
b8b64b238172873aa5b51b92f7135664c16d7d384dfc382cfd4982747c53e541032fe83b770400225720f551fcb2a9b273a351e01ed6297908140cc7cae79ded	common_voice_gej_43290239.mp3	3ef1f8a7bbb712771a17eaf3d566be744b904a7343ca0099ad58363563849e08	Coo.		2	0					gej	
b8b64b238172873aa5b51b92f7135664c16d7d384dfc382cfd4982747c53e541032fe83b770400225720f551fcb2a9b273a351e01ed6297908140cc7cae79ded	common_voice_gej_43290240.mp3	1ffe434806735db04514f14ca892c8979085deb55f9c5f641594347ba86f8e45	Eta.		2	0					gej	
b8b64b238172873aa5b51b92f7135664c16d7d384dfc382cfd4982747c53e541032fe83b770400225720f551fcb2a9b273a351e01ed6297908140cc7cae79ded	common_voice_gej_43290241.mp3	8589000933d031d5c96b44e9f5d24f37c07b3f26318c23b2adb7124645e9e33c	Mi du aya.		2	0					gej	
b8b64b238172873aa5b51b92f7135664c16d7d384dfc382cfd4982747c53e541032fe83b770400225720f551fcb2a9b273a351e01ed6297908140cc7cae79ded	common_voice_gej_43290242.mp3	8585bbcc71d5a2563fee27e32ee74f46d252f758d8c5e46edb4dfc97b16fe310	Konu.		2	0					gej	
b8b64b238172873aa5b51b92f7135664c16d7d384dfc382cfd4982747c53e541032fe83b770400225720f551fcb2a9b273a351e01ed6297908140cc7cae79ded	common_voice_gej_43290259.mp3	89b5463e548e27ee862328c04c9983a615d076e77cb813d8527faad5f569ea54	Ajino.		3	0					gej	
b8b64b238172873aa5b51b92f7135664c16d7d384dfc382cfd4982747c53e541032fe83b770400225720f551fcb2a9b273a351e01ed6297908140cc7cae79ded	common_voice_gej_43290260.mp3	77394d05f3cddef9070b5ea906582d566f3b9fe783d7dca3746c5c12e1dc2714	Cucugba mi la po nupo so tugbawo nguti.		2	0					gej	
b8b64b238172873aa5b51b92f7135664c16d7d384dfc382cfd4982747c53e541032fe83b770400225720f551fcb2a9b273a351e01ed6297908140cc7cae79ded	common_voice_gej_43290262.mp3	9417c159b45c706c5caf5c5083075505058dc328b84d27458903ed4d144ddbec	Sukulukokonufioto.		2	0					gej	
b8b64b238172873aa5b51b92f7135664c16d7d384dfc382cfd4982747c53e541032fe83b770400225720f551fcb2a9b273a351e01ed6297908140cc7cae79ded	common_voice_gej_43290268.mp3	5d707dba5b1bb284336a1df477dee7e0cfc56333e4b142b1e6718d51f7c72dda	Lelo.		2	0					gej	
b8b64b238172873aa5b51b92f7135664c16d7d384dfc382cfd4982747c53e541032fe83b770400225720f551fcb2a9b273a351e01ed6297908140cc7cae79ded	common_voice_gej_43290269.mp3	8befc9cb39b1cdd2f43e5657cf7d4bfe9a9feee3a0d6885a4038b765cafb3d9a	Atagayovi.		2	0					gej	
b8b64b238172873aa5b51b92f7135664c16d7d384dfc382cfd4982747c53e541032fe83b770400225720f551fcb2a9b273a351e01ed6297908140cc7cae79ded	common_voice_gej_43290270.mp3	84a2617dc0fadcc9a67b5ff6888497204b839dcb2a77f6e36461577fe6b7e459	Avi.		2	0					gej	
b8b64b238172873aa5b51b92f7135664c16d7d384dfc382cfd4982747c53e541032fe83b770400225720f551fcb2a9b273a351e01ed6297908140cc7cae79ded	common_voice_gej_43290272.mp3	90f4bcd0fe3c9c803c5ead2c41b31b129fb9a2f96ad08750800d24badb7a7b5a	Nu a me de nguto.		2	0					gej	
b8b64b238172873aa5b51b92f7135664c16d7d384dfc382cfd4982747c53e541032fe83b770400225720f551fcb2a9b273a351e01ed6297908140cc7cae79ded	common_voice_gej_43290295.mp3	70676ac4a3a2174d6c35662fdd322e1ac17ea90dab0b0d4f63a2727abf1c400b	Donyanya.		2	0					gej	
b8b64b238172873aa5b51b92f7135664c16d7d384dfc382cfd4982747c53e541032fe83b770400225720f551fcb2a9b273a351e01ed6297908140cc7cae79ded	common_voice_gej_43290296.mp3	8d71c479d42737f8ece95cebeb2ac32e46e0ce3f0ac85b157b154842d66e0490	Mi puna du a?		2	0					gej	
b8b64b238172873aa5b51b92f7135664c16d7d384dfc382cfd4982747c53e541032fe83b770400225720f551fcb2a9b273a351e01ed6297908140cc7cae79ded	common_voice_gej_43290297.mp3	90b754eeee5207fe51b72dfc0b16b196c1f6307bc7f1141dcec40af006cd807b	E du ji.		2	0					gej	
b8b64b238172873aa5b51b92f7135664c16d7d384dfc382cfd4982747c53e541032fe83b770400225720f551fcb2a9b273a351e01ed6297908140cc7cae79ded	common_voice_gej_43290298.mp3	875ebfb228180784fd63237459ae81dc911dce133d445146676f139af1b288ab	Do gegbe.		2	0					gej	
b8b64b238172873aa5b51b92f7135664c16d7d384dfc382cfd4982747c53e541032fe83b770400225720f551fcb2a9b273a351e01ed6297908140cc7cae79ded	common_voice_gej_43290350.mp3	385aef2a7769f14edf07337cf3c6b621a701e82956c20f4def842c5217729f8b	Nemi.		3	0					gej	
b8b64b238172873aa5b51b92f7135664c16d7d384dfc382cfd4982747c53e541032fe83b770400225720f551fcb2a9b273a351e01ed6297908140cc7cae79ded	common_voice_gej_43290352.mp3	17bf96f0a45878dd05ba62634f42cbcb0520a7641f318d880e0a84465ade7dbd	Soda.		2	0					gej	
b8b64b238172873aa5b51b92f7135664c16d7d384dfc382cfd4982747c53e541032fe83b770400225720f551fcb2a9b273a351e01ed6297908140cc7cae79ded	common_voice_gej_43290353.mp3	96eeca45e330e0f018620dd3268ba83533cf7aa09f7e29d97648dcc18ed296c4	De wo la ci kpo a?		2	0					gej	
b8b64b238172873aa5b51b92f7135664c16d7d384dfc382cfd4982747c53e541032fe83b770400225720f551fcb2a9b273a351e01ed6297908140cc7cae79ded	common_voice_gej_43290354.mp3	828e45138727c7ecd69b41bc991731fe6b6c27773cfe57f5254322fa7e0dc3c9	Hloka.		2	0					gej	
b8b64b238172873aa5b51b92f7135664c16d7d384dfc382cfd4982747c53e541032fe83b770400225720f551fcb2a9b273a351e01ed6297908140cc7cae79ded	common_voice_gej_43290377.mp3	02aebc778b42b882360e2b47b2b4754658c90b848413173be82e1a1baf1e0db7	Akpafiono a.		2	0					gej	
b8b64b238172873aa5b51b92f7135664c16d7d384dfc382cfd4982747c53e541032fe83b770400225720f551fcb2a9b273a351e01ed6297908140cc7cae79ded	common_voice_gej_43290378.mp3	3f384a0094af09c9154e0652cfbb88f5b0324b56ba4fc2e40f1e53a1499e401e	Adigbo.		2	0					gej	
b8b64b238172873aa5b51b92f7135664c16d7d384dfc382cfd4982747c53e541032fe83b770400225720f551fcb2a9b273a351e01ed6297908140cc7cae79ded	common_voice_gej_43290382.mp3	9272c4c1a54bba6d366bcc89d8499fbddf3a5734dd6e7add296b6609b3fdfb23	He adodo na mi.		2	0					gej	
b8b64b238172873aa5b51b92f7135664c16d7d384dfc382cfd4982747c53e541032fe83b770400225720f551fcb2a9b273a351e01ed6297908140cc7cae79ded	common_voice_gej_43290402.mp3	80e59ff21d368d95c6053fa0016fbbdb9675682025e6348a8107c4a26f9445c6	Dodato.		3	0					gej	
b8b64b238172873aa5b51b92f7135664c16d7d384dfc382cfd4982747c53e541032fe83b770400225720f551fcb2a9b273a351e01ed6297908140cc7cae79ded	common_voice_gej_43290403.mp3	157d212aaf4a3dc17b96577aa70ba4dcc80c8b5cba12079ce270fe08e1db6306	Kliyokliyo.		2	0					gej	
b8b64b238172873aa5b51b92f7135664c16d7d384dfc382cfd4982747c53e541032fe83b770400225720f551fcb2a9b273a351e01ed6297908140cc7cae79ded	common_voice_gej_43290404.mp3	2da7b3831611451350d07acc065a0f020833cfa30380c49327a6549570d1161a	Neku.		2	0					gej	
b8b64b238172873aa5b51b92f7135664c16d7d384dfc382cfd4982747c53e541032fe83b770400225720f551fcb2a9b273a351e01ed6297908140cc7cae79ded	common_voice_gej_43290405.mp3	8f31155b4d8d86d0c553732c1401be5deb15898414254d96694dfd9ef8e1d2db	Adomedui.		2	0					gej	
b8b64b238172873aa5b51b92f7135664c16d7d384dfc382cfd4982747c53e541032fe83b770400225720f551fcb2a9b273a351e01ed6297908140cc7cae79ded	common_voice_gej_43290430.mp3	36416913fd30e7a5608b4f4562bcdad217ab76f7d25ec6497f2df73dd03466d0	Ve be nu jona ji na adama.		2	0					gej	
b8b64b238172873aa5b51b92f7135664c16d7d384dfc382cfd4982747c53e541032fe83b770400225720f551fcb2a9b273a351e01ed6297908140cc7cae79ded	common_voice_gej_43290431.mp3	989933e89c420a807d1b33064e842ec4f34c127d3e1e631ffd37f7acb976bb50	Mu poe.		2	0					gej	
b8b64b238172873aa5b51b92f7135664c16d7d384dfc382cfd4982747c53e541032fe83b770400225720f551fcb2a9b273a351e01ed6297908140cc7cae79ded	common_voice_gej_43290432.mp3	3852176f6880d693472a1a74e7c194be2203133fdf14b9f24b84ab4abf7cd219	Apa.		2	0					gej	
b8b64b238172873aa5b51b92f7135664c16d7d384dfc382cfd4982747c53e541032fe83b770400225720f551fcb2a9b273a351e01ed6297908140cc7cae79ded	common_voice_gej_43290433.mp3	554cc4c0b5984efd609e89580362b6d20be2a6f8bbfb8edb2e38195065a5b5ca	Lasato.		2	0					gej	
b8b64b238172873aa5b51b92f7135664c16d7d384dfc382cfd4982747c53e541032fe83b770400225720f551fcb2a9b273a351e01ed6297908140cc7cae79ded	common_voice_gej_43290434.mp3	2574e3083e8ad2bfd2b327c50d16db1c16e961ee3e6c189c8af132dfeb02071d	Eple mo ku keke.		2	0					gej	
b8b64b238172873aa5b51b92f7135664c16d7d384dfc382cfd4982747c53e541032fe83b770400225720f551fcb2a9b273a351e01ed6297908140cc7cae79ded	common_voice_gej_43290454.mp3	9dc8c6067484fbe7e93418b3816dc307aa50f18b09970b01d716c937d9830fa6	Enyi no wo ku to wo ne to wo de a.		2	0					gej	
b8b64b238172873aa5b51b92f7135664c16d7d384dfc382cfd4982747c53e541032fe83b770400225720f551fcb2a9b273a351e01ed6297908140cc7cae79ded	common_voice_gej_43290455.mp3	867a6b03e72bf0c14e3f3728c390e8f0c085cdea773309e25bf1b705e8b2f459	Kotoku akpe yi akpe ve.		2	0					gej	
b8b64b238172873aa5b51b92f7135664c16d7d384dfc382cfd4982747c53e541032fe83b770400225720f551fcb2a9b273a351e01ed6297908140cc7cae79ded	common_voice_gej_43290456.mp3	4dfb17a467271ba20b404e8b5569f53802d08a181365a6cf20b305b76b6d4ece	Wetri.		2	0					gej	
b8b64b238172873aa5b51b92f7135664c16d7d384dfc382cfd4982747c53e541032fe83b770400225720f551fcb2a9b273a351e01ed6297908140cc7cae79ded	common_voice_gej_43290459.mp3	9ca0f7044816affca5b0cf0f9e85cc0a7c2bd7360165f325de2c51b47613b599	Be gble.		2	0					gej	
b8b64b238172873aa5b51b92f7135664c16d7d384dfc382cfd4982747c53e541032fe83b770400225720f551fcb2a9b273a351e01ed6297908140cc7cae79ded	common_voice_gej_43290460.mp3	6cf52fdf599bbbbe99a586a3f39a79ebade9b398bb148150b9c9505ca2430a98	Koklosasa.		2	0					gej	
b8b64b238172873aa5b51b92f7135664c16d7d384dfc382cfd4982747c53e541032fe83b770400225720f551fcb2a9b273a351e01ed6297908140cc7cae79ded	common_voice_gej_43290461.mp3	37b28bf05a7f07261c9415f2004e50da684a5c560b5746c45725b6525c78f2eb	E ji vi.		2	0					gej	
b8b64b238172873aa5b51b92f7135664c16d7d384dfc382cfd4982747c53e541032fe83b770400225720f551fcb2a9b273a351e01ed6297908140cc7cae79ded	common_voice_gej_43290462.mp3	9c33ea9b02230ac62f4cfa90aa3ea9e7d4f61c2f6c827e8b80dff8d35b110003	Le tugba be kota me a, mi la kpo adagbe ku gbugbla kudo ela gbakudo nugo.		2	0					gej	
b8b64b238172873aa5b51b92f7135664c16d7d384dfc382cfd4982747c53e541032fe83b770400225720f551fcb2a9b273a351e01ed6297908140cc7cae79ded	common_voice_gej_43290481.mp3	52e3ef2f5b581e21775bf6f7b424fd9dd8ec717d84e69c5fbf6f413fd2e39aa2	Xomajradope.		2	0					gej	
b8b64b238172873aa5b51b92f7135664c16d7d384dfc382cfd4982747c53e541032fe83b770400225720f551fcb2a9b273a351e01ed6297908140cc7cae79ded	common_voice_gej_43290482.mp3	9728afdd473022ce56c5030e1b561537f97f4993cfc2a2691aacc274b322ef4d	Wo dro agba.		3	0					gej	
b8b64b238172873aa5b51b92f7135664c16d7d384dfc382cfd4982747c53e541032fe83b770400225720f551fcb2a9b273a351e01ed6297908140cc7cae79ded	common_voice_gej_43290484.mp3	3d535e27604d016e05c9769bf2773f144d666928a27ddb893630f67dba697d92	Xomade.		3	0					gej	
b8b64b238172873aa5b51b92f7135664c16d7d384dfc382cfd4982747c53e541032fe83b770400225720f551fcb2a9b273a351e01ed6297908140cc7cae79ded	common_voice_gej_43290485.mp3	7e14504a2a46ea9e02d91e3346572a3287a6b38767f79949d15a241f9c5c6138	Agogla.		2	0					gej	
b8b64b238172873aa5b51b92f7135664c16d7d384dfc382cfd4982747c53e541032fe83b770400225720f551fcb2a9b273a351e01ed6297908140cc7cae79ded	common_voice_gej_43290486.mp3	7c2622a801cd816b80d05dfe3436a62198d62179eafe24066f7e61572b9351f8	Adika le soe.		2	0					gej	
b8b64b238172873aa5b51b92f7135664c16d7d384dfc382cfd4982747c53e541032fe83b770400225720f551fcb2a9b273a351e01ed6297908140cc7cae79ded	common_voice_gej_43290490.mp3	32518eae682203bf50d8d968da2a1a07a8e16e12b6b97e4dedcc63050a34fc0e	Do adika.		2	0					gej	
b8b64b238172873aa5b51b92f7135664c16d7d384dfc382cfd4982747c53e541032fe83b770400225720f551fcb2a9b273a351e01ed6297908140cc7cae79ded	common_voice_gej_43290491.mp3	54a376c0ef56e79a8b055787314cbc125075b9e3145bd4dffba60ea1a7110b9e	Mi mu puna du o.		2	0					gej	
b8b64b238172873aa5b51b92f7135664c16d7d384dfc382cfd4982747c53e541032fe83b770400225720f551fcb2a9b273a351e01ed6297908140cc7cae79ded	common_voice_gej_43290492.mp3	6adacd7c82582d8465abd4d952fd174446c7c8104fe253be95d08b1f0d8f8c2e	Akongugo.		2	0					gej	
b8b64b238172873aa5b51b92f7135664c16d7d384dfc382cfd4982747c53e541032fe83b770400225720f551fcb2a9b273a351e01ed6297908140cc7cae79ded	common_voice_gej_43290493.mp3	597473ad04c4a4ff3308ef9274e5238e6fd42ab2a50615869df94f660bdf262d	Ago.		2	0					gej	
b8b64b238172873aa5b51b92f7135664c16d7d384dfc382cfd4982747c53e541032fe83b770400225720f551fcb2a9b273a351e01ed6297908140cc7cae79ded	common_voice_gej_43290518.mp3	87e138fefee9a87c580e4dd874eec8e23abbb4f0759d6ac52f8d14e8bec36c3a	Ekplo vi.		2	0					gej	
b8b64b238172873aa5b51b92f7135664c16d7d384dfc382cfd4982747c53e541032fe83b770400225720f551fcb2a9b273a351e01ed6297908140cc7cae79ded	common_voice_gej_43290519.mp3	2d4890229b9efbc71d83ad9b52d41377db31300122dfb39c19618d72d3f4bc0c	Fugege.		2	0					gej	
b8b64b238172873aa5b51b92f7135664c16d7d384dfc382cfd4982747c53e541032fe83b770400225720f551fcb2a9b273a351e01ed6297908140cc7cae79ded	common_voice_gej_43290521.mp3	a0aea35b4c6f5650cb798227b6168ea5d8f0572b9464c959cf54001b6b212d9e	Kara be anyigba a kpenyigba ye.		2	0					gej	
b8b64b238172873aa5b51b92f7135664c16d7d384dfc382cfd4982747c53e541032fe83b770400225720f551fcb2a9b273a351e01ed6297908140cc7cae79ded	common_voice_gej_43290522.mp3	670600f3e6f510528a37c4fed242c44954b56a326dfcf1b5a8f535d2de974826	Afodome.		2	0					gej	
b8b64b238172873aa5b51b92f7135664c16d7d384dfc382cfd4982747c53e541032fe83b770400225720f551fcb2a9b273a351e01ed6297908140cc7cae79ded	common_voice_gej_43290535.mp3	44685b9c1abf781c37e0d2932529fdc909467cbf4a7eda12826dedb014f81a02	Abodo.		2	0					gej	
b8b64b238172873aa5b51b92f7135664c16d7d384dfc382cfd4982747c53e541032fe83b770400225720f551fcb2a9b273a351e01ed6297908140cc7cae79ded	common_voice_gej_43290537.mp3	80f079caf7ea833679bada19538d1b229aaddd4a4680a665d5ada3e3ff276523	Mi to lavi.		2	0					gej	
b8b64b238172873aa5b51b92f7135664c16d7d384dfc382cfd4982747c53e541032fe83b770400225720f551fcb2a9b273a351e01ed6297908140cc7cae79ded	common_voice_gej_43290539.mp3	9c208a8d441a558a3b30fc16fc51f3ed957f7d9677ff13029813f7f28541d105	Po aklito.		2	0					gej	
b8b64b238172873aa5b51b92f7135664c16d7d384dfc382cfd4982747c53e541032fe83b770400225720f551fcb2a9b273a351e01ed6297908140cc7cae79ded	common_voice_gej_43290541.mp3	893987a785c2c97646b97d272ce0a9f0ca00f39f4823f831b20d3ea8e7dcfde3	Wo ko ta na nyonuvi a.		2	0					gej	
b8b64b238172873aa5b51b92f7135664c16d7d384dfc382cfd4982747c53e541032fe83b770400225720f551fcb2a9b273a351e01ed6297908140cc7cae79ded	common_voice_gej_43290542.mp3	819e7c5e18e981c41b798e49645cba621dafbf9999b7aee1bb6da45270cf8856	Madeti.		2	0					gej	
b8b64b238172873aa5b51b92f7135664c16d7d384dfc382cfd4982747c53e541032fe83b770400225720f551fcb2a9b273a351e01ed6297908140cc7cae79ded	common_voice_gej_43290584.mp3	73a449fa97f2d9260a3fc3819195fa38281dddb9efe3f289007c720ce77c3192	Koklo.		2	0					gej	
b8b64b238172873aa5b51b92f7135664c16d7d384dfc382cfd4982747c53e541032fe83b770400225720f551fcb2a9b273a351e01ed6297908140cc7cae79ded	common_voice_gej_43290585.mp3	8eebd9d163c92bc74b750d626b68a69dcac791360791b1eec73ea4e1b947629f	Woevegoa.		2	0					gej	
b8b64b238172873aa5b51b92f7135664c16d7d384dfc382cfd4982747c53e541032fe83b770400225720f551fcb2a9b273a351e01ed6297908140cc7cae79ded	common_voice_gej_43290586.mp3	4425489593ab184a78299db4cd49df8a34fef68de106e16f8c8a78ded4543bfc	Mi nya wo.		2	0					gej	
b8b64b238172873aa5b51b92f7135664c16d7d384dfc382cfd4982747c53e541032fe83b770400225720f551fcb2a9b273a351e01ed6297908140cc7cae79ded	common_voice_gej_43290587.mp3	971606f79378649a4b1f57fbbf52740c588816e6e2f470bb1ab47b8ae88b9a58	Xevi zi.		2	0					gej	
b8b64b238172873aa5b51b92f7135664c16d7d384dfc382cfd4982747c53e541032fe83b770400225720f551fcb2a9b273a351e01ed6297908140cc7cae79ded	common_voice_gej_43290589.mp3	525ad53ec49eb4d6bb0cc05690c34e55fc37f463dd10e25396a3911bc419b25c	Kotokuwuiade.		2	0					gej	
b8b64b238172873aa5b51b92f7135664c16d7d384dfc382cfd4982747c53e541032fe83b770400225720f551fcb2a9b273a351e01ed6297908140cc7cae79ded	common_voice_gej_43290660.mp3	ef15f1aba2324be4b23f271d50953f8ac534997076348aefa3de8926c9af8dd5	Ame ke fo vi wowo be fu a jena gogo.		2	0					gej	
b8b64b238172873aa5b51b92f7135664c16d7d384dfc382cfd4982747c53e541032fe83b770400225720f551fcb2a9b273a351e01ed6297908140cc7cae79ded	common_voice_gej_43290661.mp3	1a0ad40dda4dd706cd2adc0fe9fb89ce98a760f6cf885ab4315069da53bb63b9	Woato.		2	0					gej	
b8b64b238172873aa5b51b92f7135664c16d7d384dfc382cfd4982747c53e541032fe83b770400225720f551fcb2a9b273a351e01ed6297908140cc7cae79ded	common_voice_gej_43290662.mp3	7f8a959e891731dd7fbd5ec2ea3fec92b2386f09db728eca3919d7e2fa2eaf37	Tigbe.		2	0					gej	
b8b64b238172873aa5b51b92f7135664c16d7d384dfc382cfd4982747c53e541032fe83b770400225720f551fcb2a9b273a351e01ed6297908140cc7cae79ded	common_voice_gej_43290663.mp3	4160f44d0cef444e9bdecdae7947f3d8dba8aff68aa1bf4ee3fc199edb0ef6fa	Amegbagoa.		2	0					gej	
b8b64b238172873aa5b51b92f7135664c16d7d384dfc382cfd4982747c53e541032fe83b770400225720f551fcb2a9b273a351e01ed6297908140cc7cae79ded	common_voice_gej_43290664.mp3	16add8f57ac693771f970e05a3e661eb8fc965e7acbd282fc9d2baaa0aa324a5	Kawuivoato ti enyi.		3	0					gej	
b8b64b238172873aa5b51b92f7135664c16d7d384dfc382cfd4982747c53e541032fe83b770400225720f551fcb2a9b273a351e01ed6297908140cc7cae79ded	common_voice_gej_43290783.mp3	9a242778323684387852a437718c018bb8153472224bf2838ba8a17883496d1f	Atsa gble.		2	0					gej	
b8b64b238172873aa5b51b92f7135664c16d7d384dfc382cfd4982747c53e541032fe83b770400225720f551fcb2a9b273a351e01ed6297908140cc7cae79ded	common_voice_gej_43290787.mp3	a890d41b56347e6c7c4498189603af22d316478f6711113943d0442b710c024d	Gavikusa.		2	0					gej	
b8b64b238172873aa5b51b92f7135664c16d7d384dfc382cfd4982747c53e541032fe83b770400225720f551fcb2a9b273a351e01ed6297908140cc7cae79ded	common_voice_gej_43290795.mp3	8e34e70a4a013dc53005eab1e8151ee9a24976376d38c5c0cca84a8fbc0bedf0	Agble nyigba.		3	0					gej	
b8b64b238172873aa5b51b92f7135664c16d7d384dfc382cfd4982747c53e541032fe83b770400225720f551fcb2a9b273a351e01ed6297908140cc7cae79ded	common_voice_gej_43290796.mp3	29d6c34bf19627db733f26c6a99da77926847119b3b71ec559c638552b415955	Afokle.		2	0					gej	
b8b64b238172873aa5b51b92f7135664c16d7d384dfc382cfd4982747c53e541032fe83b770400225720f551fcb2a9b273a351e01ed6297908140cc7cae79ded	common_voice_gej_43290797.mp3	e24f87fe161ab0dfdc606b5a0ca57de9e02ab7c877c192579905ed74b3ac693b	Asangugome.		2	0					gej	
b8b64b238172873aa5b51b92f7135664c16d7d384dfc382cfd4982747c53e541032fe83b770400225720f551fcb2a9b273a351e01ed6297908140cc7cae79ded	common_voice_gej_43290808.mp3	10bf09bca542aa0bfe33bc2ee7db50a374159e04acd5cbf2ca305624c6a472ce	Sude.		2	0					gej	
b8b64b238172873aa5b51b92f7135664c16d7d384dfc382cfd4982747c53e541032fe83b770400225720f551fcb2a9b273a351e01ed6297908140cc7cae79ded	common_voice_gej_43290811.mp3	7e1c9779be2f89347b6746306c934a27921910a497dd5cc12cf29873438d5a90	Vevegodedejo.		2	0					gej	
b8b64b238172873aa5b51b92f7135664c16d7d384dfc382cfd4982747c53e541032fe83b770400225720f551fcb2a9b273a351e01ed6297908140cc7cae79ded	common_voice_gej_43290813.mp3	7a16a2ae39aecaf0db398baa35eff0403a76f1112db580f3ff30436953f8bd86	Gbevu.		3	0					gej	
b8b64b238172873aa5b51b92f7135664c16d7d384dfc382cfd4982747c53e541032fe83b770400225720f551fcb2a9b273a351e01ed6297908140cc7cae79ded	common_voice_gej_43290814.mp3	f8d96d6da0b239d8d61b4d6c5dd33c72a55b0432c5eade32a2ef539bdbcc8182	Gbete.		2	0					gej	
b8b64b238172873aa5b51b92f7135664c16d7d384dfc382cfd4982747c53e541032fe83b770400225720f551fcb2a9b273a351e01ed6297908140cc7cae79ded	common_voice_gej_43290820.mp3	5d1c8f2a2418cac2b575ca81b3bf3297bd273235d371ed8e36fa402c3ece9963	Abe.		3	0					gej	
b8b64b238172873aa5b51b92f7135664c16d7d384dfc382cfd4982747c53e541032fe83b770400225720f551fcb2a9b273a351e01ed6297908140cc7cae79ded	common_voice_gej_43290821.mp3	07afae5e782c2b120328b68a566a81cf02a61a63d957d719cf0370d516d66df5	Mu le ci kpo.		2	0					gej	
b8b64b238172873aa5b51b92f7135664c16d7d384dfc382cfd4982747c53e541032fe83b770400225720f551fcb2a9b273a351e01ed6297908140cc7cae79ded	common_voice_gej_43290822.mp3	07684f5121b09a9e70a1b0e2b0104cdf5a930decb336b99093483d73b6da975d	Mu la ci kpo o a?		2	0					gej	
b8b64b238172873aa5b51b92f7135664c16d7d384dfc382cfd4982747c53e541032fe83b770400225720f551fcb2a9b273a351e01ed6297908140cc7cae79ded	common_voice_gej_43290823.mp3	a14fceb71aede69c324cab451ce3fabd5913e8642639e7dcea3b990b1b828506	Mu ngo ngoti.		3	0					gej	
b8b64b238172873aa5b51b92f7135664c16d7d384dfc382cfd4982747c53e541032fe83b770400225720f551fcb2a9b273a351e01ed6297908140cc7cae79ded	common_voice_gej_43290825.mp3	82056e1016740a43529fc70767906cf1f0c08b139621ba650ccbe1c5c0bcce53	He.		2	0					gej	
b8b64b238172873aa5b51b92f7135664c16d7d384dfc382cfd4982747c53e541032fe83b770400225720f551fcb2a9b273a351e01ed6297908140cc7cae79ded	common_voice_gej_43290827.mp3	661d9497a6f9b164c0c357fcbe9ca56b9eb745025d50f9369744c8e9b8e87d60	Blewu blewu agama de afo yi anyigba :		2	0					gej	
b8b64b238172873aa5b51b92f7135664c16d7d384dfc382cfd4982747c53e541032fe83b770400225720f551fcb2a9b273a351e01ed6297908140cc7cae79ded	common_voice_gej_43290828.mp3	84803f95db7773ec053a1e1e26f3b39d3268de3a127b674bd3b847e712dfc911	Mi do ngku be mi kpo wo kpo.		2	0					gej	
b8b64b238172873aa5b51b92f7135664c16d7d384dfc382cfd4982747c53e541032fe83b770400225720f551fcb2a9b273a351e01ed6297908140cc7cae79ded	common_voice_gej_43290829.mp3	736da3f40e679cdc4626eef61029393157ad7d112887265e5a6d0f692b0e75c3	Wo tana nu.		2	0					gej	
b8b64b238172873aa5b51b92f7135664c16d7d384dfc382cfd4982747c53e541032fe83b770400225720f551fcb2a9b273a351e01ed6297908140cc7cae79ded	common_voice_gej_43290835.mp3	a8b82464b0588caea42850a00835ec2e4c29b6396342b80a751f6d8a75eac4ad	Dekonu.		2	0					gej	
b8b64b238172873aa5b51b92f7135664c16d7d384dfc382cfd4982747c53e541032fe83b770400225720f551fcb2a9b273a351e01ed6297908140cc7cae79ded	common_voice_gej_43290836.mp3	f4e3486d3709ca94757abbdb682840ee08019bdc25354649afdfecc73a3605e1	Mi puna du .		2	0					gej	
b8b64b238172873aa5b51b92f7135664c16d7d384dfc382cfd4982747c53e541032fe83b770400225720f551fcb2a9b273a351e01ed6297908140cc7cae79ded	common_voice_gej_43290837.mp3	78ebac04511eef3edb47a138a16610c733c34da2d29135ce870c3c09392b22d4	Po devi.		2	0					gej	
b8b64b238172873aa5b51b92f7135664c16d7d384dfc382cfd4982747c53e541032fe83b770400225720f551fcb2a9b273a351e01ed6297908140cc7cae79ded	common_voice_gej_43290838.mp3	932055e1c4246dc5977bb0be376b6bd71421c3428dd3c84a18b1b44b07d5d16a	Wo di to wo.		2	0					gej	
b8b64b238172873aa5b51b92f7135664c16d7d384dfc382cfd4982747c53e541032fe83b770400225720f551fcb2a9b273a351e01ed6297908140cc7cae79ded	common_voice_gej_43290839.mp3	441f6d878345632a9fde55f02fc7f2d0184f14497a4c760d66e754f230c4e7aa	Do ati.		3	0					gej	
b8b64b238172873aa5b51b92f7135664c16d7d384dfc382cfd4982747c53e541032fe83b770400225720f551fcb2a9b273a351e01ed6297908140cc7cae79ded	common_voice_gej_43290849.mp3	589bd91fec15b87809f456be81104c3b0ff70a32a345e9333c44afb4cddfad50	Gbla awu me.		2	0					gej	
b8b64b238172873aa5b51b92f7135664c16d7d384dfc382cfd4982747c53e541032fe83b770400225720f551fcb2a9b273a351e01ed6297908140cc7cae79ded	common_voice_gej_43290850.mp3	93f3e33fe4b2459ef6d84babc428406d4c3c70ffbadb3f657284a264accfc4a6	Devi.		2	0					gej	
b8b64b238172873aa5b51b92f7135664c16d7d384dfc382cfd4982747c53e541032fe83b770400225720f551fcb2a9b273a351e01ed6297908140cc7cae79ded	common_voice_gej_43290851.mp3	192fc078d901127571e5236b6e34bd700370389b17d1c141328a47ea570dbd24	Nye mu sra adome o.		2	0					gej	
b8b64b238172873aa5b51b92f7135664c16d7d384dfc382cfd4982747c53e541032fe83b770400225720f551fcb2a9b273a351e01ed6297908140cc7cae79ded	common_voice_gej_43290852.mp3	c32ecd46ac11b76a9d62086391bbb851eefcf1d87ed048ed14035861cce36a4d	Jegba.		3	0					gej	
b8b64b238172873aa5b51b92f7135664c16d7d384dfc382cfd4982747c53e541032fe83b770400225720f551fcb2a9b273a351e01ed6297908140cc7cae79ded	common_voice_gej_43290853.mp3	69e6d48cf2547dc3f98b0a2f32bb8cbaa0f914f412026da8398dd3c82b327fd8	Du aduklui.		2	0					gej	
b8b64b238172873aa5b51b92f7135664c16d7d384dfc382cfd4982747c53e541032fe83b770400225720f551fcb2a9b273a351e01ed6297908140cc7cae79ded	common_voice_gej_43290869.mp3	4405914d127ee56c9ec8a8a1c1c8d90f48ec2845529b42f8080588d1f02f3fba	Yi ahua.		2	0					gej	
b8b64b238172873aa5b51b92f7135664c16d7d384dfc382cfd4982747c53e541032fe83b770400225720f551fcb2a9b273a351e01ed6297908140cc7cae79ded	common_voice_gej_43290870.mp3	0e4e10d73ac77dc8c275398a789c988275970a370d81ae2eb90915b5a1a6b9f3	Pe ka.		2	0					gej	
b8b64b238172873aa5b51b92f7135664c16d7d384dfc382cfd4982747c53e541032fe83b770400225720f551fcb2a9b273a351e01ed6297908140cc7cae79ded	common_voice_gej_43290871.mp3	1b2d75bb8a41768e69e55669768b9f8546b81930dc8169be27e70a84f25ce7b4	Fida.		2	0					gej	
b8b64b238172873aa5b51b92f7135664c16d7d384dfc382cfd4982747c53e541032fe83b770400225720f551fcb2a9b273a351e01ed6297908140cc7cae79ded	common_voice_gej_43290873.mp3	555cf0d8e69f2b53d9a2c7058484bb96a9ebb66db536d9765324ee8c5fe67cac	Mago.		2	0					gej	
b8b64b238172873aa5b51b92f7135664c16d7d384dfc382cfd4982747c53e541032fe83b770400225720f551fcb2a9b273a351e01ed6297908140cc7cae79ded	common_voice_gej_43290919.mp3	9d9a48a19255e8728afc51c05370006b6635ca6d8710814103e8226017f718dd	Vo a jogbevoeto a nye mu du tu na woabe be nyikoyoyowo o.		2	0					gej	
b8b64b238172873aa5b51b92f7135664c16d7d384dfc382cfd4982747c53e541032fe83b770400225720f551fcb2a9b273a351e01ed6297908140cc7cae79ded	common_voice_gej_43290921.mp3	a42447a9556a3904f6c23b3438e2f40d18805c23c07b59ba870ef5f39d80d92e	Kojodoto.		3	0					gej	
b8b64b238172873aa5b51b92f7135664c16d7d384dfc382cfd4982747c53e541032fe83b770400225720f551fcb2a9b273a351e01ed6297908140cc7cae79ded	common_voice_gej_43290922.mp3	4d32c07ab7d877c1c2ba8ed5048e2e18a266849471bc3832c12c48a6f55d5138	Xolele.		3	0					gej	
b8b64b238172873aa5b51b92f7135664c16d7d384dfc382cfd4982747c53e541032fe83b770400225720f551fcb2a9b273a351e01ed6297908140cc7cae79ded	common_voice_gej_43290936.mp3	691acc76a6fb8999d0546a581b31f4f414d553cc6d1d4f8c571500d382144a7d	E to lavi.		2	0					gej	
b8b64b238172873aa5b51b92f7135664c16d7d384dfc382cfd4982747c53e541032fe83b770400225720f551fcb2a9b273a351e01ed6297908140cc7cae79ded	common_voice_gej_43290954.mp3	72bc97df6740a43b3658337d14729c79e30ad3ae289bc3a9163bfb376f9898e8	Wo le.		2	0					gej	
b8b64b238172873aa5b51b92f7135664c16d7d384dfc382cfd4982747c53e541032fe83b770400225720f551fcb2a9b273a351e01ed6297908140cc7cae79ded	common_voice_gej_43290955.mp3	a044bc6e3ec79d1cb0e2a73e5daf27b4fe5297aa79801c246a70ce9c9beeedaf	Nyatingutidowoto.		2	0					gej	
b8b64b238172873aa5b51b92f7135664c16d7d384dfc382cfd4982747c53e541032fe83b770400225720f551fcb2a9b273a351e01ed6297908140cc7cae79ded	common_voice_gej_43290956.mp3	9b0efbe9f4658da8b946fbb06255d907f82f6a43bbc4c45d1096b652dcbcc12a	Kotokuato.		2	0					gej	
b8b64b238172873aa5b51b92f7135664c16d7d384dfc382cfd4982747c53e541032fe83b770400225720f551fcb2a9b273a351e01ed6297908140cc7cae79ded	common_voice_gej_43290957.mp3	28fbed9bfc576339a7898643872d3e6c7549dc819353c12a662e6e35c72af83b	Dokoe.		2	0					gej	
b8b64b238172873aa5b51b92f7135664c16d7d384dfc382cfd4982747c53e541032fe83b770400225720f551fcb2a9b273a351e01ed6297908140cc7cae79ded	common_voice_gej_43290958.mp3	87d074357835241cb2cd5d4c575524df7c1d17d493645333d19cff5eae55179f	Gba vo adre.		2	0					gej	
b8b64b238172873aa5b51b92f7135664c16d7d384dfc382cfd4982747c53e541032fe83b770400225720f551fcb2a9b273a351e01ed6297908140cc7cae79ded	common_voice_gej_43290962.mp3	59fe46e445d0963be8b9e4a3c5b819a6a6f4075d1fae2b19d86efbbd089eafe2	Lawuwu.		2	0					gej	
b8b64b238172873aa5b51b92f7135664c16d7d384dfc382cfd4982747c53e541032fe83b770400225720f551fcb2a9b273a351e01ed6297908140cc7cae79ded	common_voice_gej_43290965.mp3	9c6e8f03a391e8404946bbac4f8361fa7788d2573e993ac48647018c7d4d627c	Angudakpo.		2	0					gej	
b8b64b238172873aa5b51b92f7135664c16d7d384dfc382cfd4982747c53e541032fe83b770400225720f551fcb2a9b273a351e01ed6297908140cc7cae79ded	common_voice_gej_43290966.mp3	9a176891c4c22434b53bcdb7620e64d596f9022642dd51ecf77e280447a66b51	Caka.		2	0					gej	
b8b64b238172873aa5b51b92f7135664c16d7d384dfc382cfd4982747c53e541032fe83b770400225720f551fcb2a9b273a351e01ed6297908140cc7cae79ded	common_voice_gej_43290967.mp3	7f04751e8f8110f224fa483e7f3918637db6ef949f6d0b6ebd7132cb18ff01bf	To ame be afodome.		2	0					gej	
b8b64b238172873aa5b51b92f7135664c16d7d384dfc382cfd4982747c53e541032fe83b770400225720f551fcb2a9b273a351e01ed6297908140cc7cae79ded	common_voice_gej_43290968.mp3	9a391cae5d2a1ec686a3220eb216097a908536fe152e3767795e0535e8006a84	Kojo.		2	0					gej	
b8b64b238172873aa5b51b92f7135664c16d7d384dfc382cfd4982747c53e541032fe83b770400225720f551fcb2a9b273a351e01ed6297908140cc7cae79ded	common_voice_gej_43290979.mp3	5443d1dff0cda6409d7a488d5fdf4196002258ac0dcee2f128f09b11089356e6	Mu so anexo.		2	0					gej	
b8b64b238172873aa5b51b92f7135664c16d7d384dfc382cfd4982747c53e541032fe83b770400225720f551fcb2a9b273a351e01ed6297908140cc7cae79ded	common_voice_gej_43290980.mp3	ac2969d43f5e0a1ac2733ad0a68ffb63d87d9f473519b19ce4810fc01fa8fc3b	Nadu zo je ade vlevlevle.		2	0					gej	
b8b64b238172873aa5b51b92f7135664c16d7d384dfc382cfd4982747c53e541032fe83b770400225720f551fcb2a9b273a351e01ed6297908140cc7cae79ded	common_voice_gej_43290981.mp3	a8c79faf0c3373db1f7ec5b5b1e1961c9c190ab4113b5e30bd3646bddccd04e1	Amade.		2	0					gej	
b8b64b238172873aa5b51b92f7135664c16d7d384dfc382cfd4982747c53e541032fe83b770400225720f551fcb2a9b273a351e01ed6297908140cc7cae79ded	common_voice_gej_43290982.mp3	ac6ff1dd1c8aab183d6ed6e23b234e914dd9331a60415b90696cb6261601351c	Asukusi.		2	0					gej	
b8b64b238172873aa5b51b92f7135664c16d7d384dfc382cfd4982747c53e541032fe83b770400225720f551fcb2a9b273a351e01ed6297908140cc7cae79ded	common_voice_gej_43290983.mp3	a97fa3f1c66988f4f3aa610bbae1cf06e17bc2db32f443f2b8b92d8e036f7ed7	Atiglinyi.		2	0					gej	
b8b64b238172873aa5b51b92f7135664c16d7d384dfc382cfd4982747c53e541032fe83b770400225720f551fcb2a9b273a351e01ed6297908140cc7cae79ded	common_voice_gej_43290990.mp3	af87cdbcc6dfffdd4068f0601931f5d578c30379b2c3e0cf78b3e4024a094b2d	Fofonye gbo.		2	0					gej	
b8b64b238172873aa5b51b92f7135664c16d7d384dfc382cfd4982747c53e541032fe83b770400225720f551fcb2a9b273a351e01ed6297908140cc7cae79ded	common_voice_gej_43290991.mp3	7dfd2328f25f6d4e8d41ce39c1c16d606dc5bc71f629324f7b829af1c641fc95	Dokplape.		2	0					gej	
b8b64b238172873aa5b51b92f7135664c16d7d384dfc382cfd4982747c53e541032fe83b770400225720f551fcb2a9b273a351e01ed6297908140cc7cae79ded	common_voice_gej_43290992.mp3	7761bfe18d3723c7fa86073c6288c4b8b139c190df807dbd233730617b6806b6	Apetro.		2	0					gej	
b8b64b238172873aa5b51b92f7135664c16d7d384dfc382cfd4982747c53e541032fe83b770400225720f551fcb2a9b273a351e01ed6297908140cc7cae79ded	common_voice_gej_43290993.mp3	87dc508c9d6b0e69b3251d189dcc1a787050d608251b51d1b269cc12666442d2	Godevi.		2	0					gej	
b8b64b238172873aa5b51b92f7135664c16d7d384dfc382cfd4982747c53e541032fe83b770400225720f551fcb2a9b273a351e01ed6297908140cc7cae79ded	common_voice_gej_43290999.mp3	8e59f53d28a5ff480c8a547ab0007e41e98172822baa00cb1e157b6a507d6e48	Apujiha.		2	0					gej	
b8b64b238172873aa5b51b92f7135664c16d7d384dfc382cfd4982747c53e541032fe83b770400225720f551fcb2a9b273a351e01ed6297908140cc7cae79ded	common_voice_gej_43291000.mp3	3052e2b26b517a890c47c51e985c4809a57cb81ce9a0598060826aa0adea4f6f	Adewe.		2	0					gej	
b8b64b238172873aa5b51b92f7135664c16d7d384dfc382cfd4982747c53e541032fe83b770400225720f551fcb2a9b273a351e01ed6297908140cc7cae79ded	common_voice_gej_43291003.mp3	9b15ce2b52de362cea53fb6a46de7920a53af72969491ff6e19a2f7e92029de4	Atukpadewo.		2	0					gej	
b8b64b238172873aa5b51b92f7135664c16d7d384dfc382cfd4982747c53e541032fe83b770400225720f551fcb2a9b273a351e01ed6297908140cc7cae79ded	common_voice_gej_43291005.mp3	6485408d0d53e748daed7603e714740f9fa0a40b81d04fdb78fe2228c210c1f1	Amakpa woedeka.		3	0					gej	
b8b64b238172873aa5b51b92f7135664c16d7d384dfc382cfd4982747c53e541032fe83b770400225720f551fcb2a9b273a351e01ed6297908140cc7cae79ded	common_voice_gej_43291008.mp3	811a0316e4a852ee63aeae7c0d4e05ba2e3d7117a0a3191bfce8063f2a35c65c	Saxe fo.		2	0					gej	
b8b64b238172873aa5b51b92f7135664c16d7d384dfc382cfd4982747c53e541032fe83b770400225720f551fcb2a9b273a351e01ed6297908140cc7cae79ded	common_voice_gej_43291026.mp3	b2125ec03db5a84a797adddce11795bab88eee407e22e489decdf378f73a0a6f	Sukesi.		2	0					gej	
b8b64b238172873aa5b51b92f7135664c16d7d384dfc382cfd4982747c53e541032fe83b770400225720f551fcb2a9b273a351e01ed6297908140cc7cae79ded	common_voice_gej_43291027.mp3	62e075e1098d2581898ec8db06b331e836e88576d6ade3f6a4979bf0d62e6f37	So ve kpe to.		3	0					gej	
b8b64b238172873aa5b51b92f7135664c16d7d384dfc382cfd4982747c53e541032fe83b770400225720f551fcb2a9b273a351e01ed6297908140cc7cae79ded	common_voice_gej_43291028.mp3	754c3684242c24311d531adb493ec0171f41c3816720b3245d478afc78c40ce0	Dadanye duji.		2	0					gej	
b8b64b238172873aa5b51b92f7135664c16d7d384dfc382cfd4982747c53e541032fe83b770400225720f551fcb2a9b273a351e01ed6297908140cc7cae79ded	common_voice_gej_43291029.mp3	95fe101e2085027f46b4a1854a0a0b8edc18f403e7b6848a2237a6a5d5f0e24d	Nyigba.		2	0					gej	
b8b64b238172873aa5b51b92f7135664c16d7d384dfc382cfd4982747c53e541032fe83b770400225720f551fcb2a9b273a351e01ed6297908140cc7cae79ded	common_voice_gej_43291045.mp3	854eca9555cc008bb249ee06d71cdc4d3c7d3b29ca7f9409d7c1a0050b953f6c	Eboe kliko novi a.		2	0					gej	
b8b64b238172873aa5b51b92f7135664c16d7d384dfc382cfd4982747c53e541032fe83b770400225720f551fcb2a9b273a351e01ed6297908140cc7cae79ded	common_voice_gej_43291048.mp3	2c6f8c759ad1421852a2fe501114e23949c5b59a7f5f13a647cdd169e19d127f	Atavi.		2	0					gej	
b8b64b238172873aa5b51b92f7135664c16d7d384dfc382cfd4982747c53e541032fe83b770400225720f551fcb2a9b273a351e01ed6297908140cc7cae79ded	common_voice_gej_43291049.mp3	60f1f1ed3edb4e64f7fdb468304a9422155a2ea2ec07b558c2881afe13e1c00b	Ahonevi.		3	0					gej	
b8b64b238172873aa5b51b92f7135664c16d7d384dfc382cfd4982747c53e541032fe83b770400225720f551fcb2a9b273a351e01ed6297908140cc7cae79ded	common_voice_gej_43291061.mp3	a0d2a03a17879b8e0252a1553b6f126701965219a76a8438f96b1f214404949a	Asixo vi.		2	0					gej	
b8b64b238172873aa5b51b92f7135664c16d7d384dfc382cfd4982747c53e541032fe83b770400225720f551fcb2a9b273a351e01ed6297908140cc7cae79ded	common_voice_gej_43291073.mp3	93bcf3d0391ecf66858c39ee265486bf42f54bb13291d69de9822df08dc6dcf9	Ple.		2	0					gej	
b8b64b238172873aa5b51b92f7135664c16d7d384dfc382cfd4982747c53e541032fe83b770400225720f551fcb2a9b273a351e01ed6297908140cc7cae79ded	common_voice_gej_43291085.mp3	b42d1a3c8de0cc33bc77ed52fdc595e1a653f9ae22396e3985ed43bc594afb2f	Labiako bu ga nye.		3	0					gej	
b8b64b238172873aa5b51b92f7135664c16d7d384dfc382cfd4982747c53e541032fe83b770400225720f551fcb2a9b273a351e01ed6297908140cc7cae79ded	common_voice_gej_43291086.mp3	b164cb33d7f202493d7cd4d38ae863d85260822502b78683bcd21849203a2423	Jamani.		2	0					gej	
b8b64b238172873aa5b51b92f7135664c16d7d384dfc382cfd4982747c53e541032fe83b770400225720f551fcb2a9b273a351e01ed6297908140cc7cae79ded	common_voice_gej_43291087.mp3	6ffe5c7a0a5a52e42fb2b1e2dfdfe76fc79adf6c68d77dfcba211659233b637e	Sa nu agbana.		2	0					gej	
b8b64b238172873aa5b51b92f7135664c16d7d384dfc382cfd4982747c53e541032fe83b770400225720f551fcb2a9b273a351e01ed6297908140cc7cae79ded	common_voice_gej_43291089.mp3	74b494105423eaea0d4849e777bae1749d281034e0e77394183631013535d3d0	Amato.		2	0					gej	
b8b64b238172873aa5b51b92f7135664c16d7d384dfc382cfd4982747c53e541032fe83b770400225720f551fcb2a9b273a351e01ed6297908140cc7cae79ded	common_voice_gej_43291104.mp3	8c89701b334db99f5419319581518c986c3e5e29532ba675e34c02a12a601422	Nyiso be do.		2	0					gej	
b8b64b238172873aa5b51b92f7135664c16d7d384dfc382cfd4982747c53e541032fe83b770400225720f551fcb2a9b273a351e01ed6297908140cc7cae79ded	common_voice_gej_43291106.mp3	2f3607f9ada60c2de1c0044c3331ad7355f4984359ba6155109326ef0815e6d3	Angosinu.		2	0					gej	
b8b64b238172873aa5b51b92f7135664c16d7d384dfc382cfd4982747c53e541032fe83b770400225720f551fcb2a9b273a351e01ed6297908140cc7cae79ded	common_voice_gej_43291109.mp3	ac3e74c7851d1dbc60dc49b7b9df55f399bbd6c97a54376b34268ac449892e48	Ta mu nona anyi ye wo dona kuku na klo o.		2	0					gej	
b8b64b238172873aa5b51b92f7135664c16d7d384dfc382cfd4982747c53e541032fe83b770400225720f551fcb2a9b273a351e01ed6297908140cc7cae79ded	common_voice_gej_43291115.mp3	f0cbdbe1f97c41ffac6bab949d81642c48a97d25efadb8fb15b61a1a5e83e447	Capecape.		2	0					gej	
b8b64b238172873aa5b51b92f7135664c16d7d384dfc382cfd4982747c53e541032fe83b770400225720f551fcb2a9b273a351e01ed6297908140cc7cae79ded	common_voice_gej_43291117.mp3	b3123af75ea2bb205f6e0aecd75c5de12698467b2ee18448666b48501caa56f6	Enya me ne ko.		2	0					gej	
b8b64b238172873aa5b51b92f7135664c16d7d384dfc382cfd4982747c53e541032fe83b770400225720f551fcb2a9b273a351e01ed6297908140cc7cae79ded	common_voice_gej_43291119.mp3	7418292891d9b52f7e096c263a4f368a9aac3e45daa834e9b840c30715cfa808	Ame badade.		2	0					gej	
b8b64b238172873aa5b51b92f7135664c16d7d384dfc382cfd4982747c53e541032fe83b770400225720f551fcb2a9b273a351e01ed6297908140cc7cae79ded	common_voice_gej_43291122.mp3	aea37c9c7036b9e1fbdf045a3f6f0fea9fd4f9e98c15f91693a8db34fd2786d0	Ayikue tu kpedru.		2	0					gej	
b8b64b238172873aa5b51b92f7135664c16d7d384dfc382cfd4982747c53e541032fe83b770400225720f551fcb2a9b273a351e01ed6297908140cc7cae79ded	common_voice_gej_43291124.mp3	b4d0abba592ce9ff88ad377508ee311b95fc4dfcb87259fdd660197deb70c0f2	Kadodo.		2	0					gej	
b8b64b238172873aa5b51b92f7135664c16d7d384dfc382cfd4982747c53e541032fe83b770400225720f551fcb2a9b273a351e01ed6297908140cc7cae79ded	common_voice_gej_43291130.mp3	5697ff65d9524b5722f516110d09b8b2e5d4ab14060d5c8a5c077a01591e245d	Lilikpoawo le zo.		3	0					gej	
b8b64b238172873aa5b51b92f7135664c16d7d384dfc382cfd4982747c53e541032fe83b770400225720f551fcb2a9b273a351e01ed6297908140cc7cae79ded	common_voice_gej_43291131.mp3	683fd74fc8a0d6a9822ec17b8ac62b3927885b1635442cd68510250e880f4f2c	Adaka.		2	0					gej	
b8b64b238172873aa5b51b92f7135664c16d7d384dfc382cfd4982747c53e541032fe83b770400225720f551fcb2a9b273a351e01ed6297908140cc7cae79ded	common_voice_gej_43291132.mp3	2ed7734da9b76bcd51cd9bedd383db0c6c827a41a4d28402331835418dd49262	Mi si hoe.		2	0					gej	
b8b64b238172873aa5b51b92f7135664c16d7d384dfc382cfd4982747c53e541032fe83b770400225720f551fcb2a9b273a351e01ed6297908140cc7cae79ded	common_voice_gej_43291134.mp3	ff0f69a6263a565b131294149580de99291825f53158bc33cb52dcf778e4d8a5	Du ago.		2	0					gej	
b8b64b238172873aa5b51b92f7135664c16d7d384dfc382cfd4982747c53e541032fe83b770400225720f551fcb2a9b273a351e01ed6297908140cc7cae79ded	common_voice_gej_43291136.mp3	9e1772fad935cdf60cbb86429a769d224bc40a430670e84d2448c9382247de3b	Ajafi.		2	0					gej	
b8b64b238172873aa5b51b92f7135664c16d7d384dfc382cfd4982747c53e541032fe83b770400225720f551fcb2a9b273a351e01ed6297908140cc7cae79ded	common_voice_gej_43291146.mp3	b14c6cf108b7a38cfbbe9ccd14ff5042890d94de3b3ab1c3d0e4e0399f018e35	Nye ca nye mu so afo voedekpe ji o.		2	0					gej	
b8b64b238172873aa5b51b92f7135664c16d7d384dfc382cfd4982747c53e541032fe83b770400225720f551fcb2a9b273a351e01ed6297908140cc7cae79ded	common_voice_gej_43291147.mp3	9ee0af52ca70f7bd1215edd7a7231ec05574620d364292c14a5047985b125d80	Didipenusemo.		2	0					gej	
b8b64b238172873aa5b51b92f7135664c16d7d384dfc382cfd4982747c53e541032fe83b770400225720f551fcb2a9b273a351e01ed6297908140cc7cae79ded	common_voice_gej_43291148.mp3	66fcaa29611bc20b2348d210b551d88583ee327c5e606d1facae69a90e825c64	Ase amewoato.		2	0					gej	
b8b64b238172873aa5b51b92f7135664c16d7d384dfc382cfd4982747c53e541032fe83b770400225720f551fcb2a9b273a351e01ed6297908140cc7cae79ded	common_voice_gej_43291149.mp3	69f9904803706355c29f052afcece63ccfd241674088e380a683580c49815182	Afobolu.		2	0					gej	
b8b64b238172873aa5b51b92f7135664c16d7d384dfc382cfd4982747c53e541032fe83b770400225720f551fcb2a9b273a351e01ed6297908140cc7cae79ded	common_voice_gej_43291162.mp3	91844eeecb959cb0912cf524db7ba584d4b1db0d3f630361d8763b2d456b4591	Woe zo e.		2	0					gej	
b8b64b238172873aa5b51b92f7135664c16d7d384dfc382cfd4982747c53e541032fe83b770400225720f551fcb2a9b273a351e01ed6297908140cc7cae79ded	common_voice_gej_43291163.mp3	a6c4cc6c84062ddacfa5124ad3fc4a82b9afcc574ad2f556c9d2ed1c17d57f35	Wo do vi.		2	0					gej	
b8b64b238172873aa5b51b92f7135664c16d7d384dfc382cfd4982747c53e541032fe83b770400225720f551fcb2a9b273a351e01ed6297908140cc7cae79ded	common_voice_gej_43291164.mp3	8e4fb01a9b7783abd9c5336586374a1b34d6f174056692b9fa549fb7216847eb	Cacaca.		2	0					gej	
b8b64b238172873aa5b51b92f7135664c16d7d384dfc382cfd4982747c53e541032fe83b770400225720f551fcb2a9b273a351e01ed6297908140cc7cae79ded	common_voice_gej_43291175.mp3	920486525923e1eb7dbd93b23790157f8a783508e2131739a10e70821ba4548c	Je.		2	0					gej	
b8b64b238172873aa5b51b92f7135664c16d7d384dfc382cfd4982747c53e541032fe83b770400225720f551fcb2a9b273a351e01ed6297908140cc7cae79ded	common_voice_gej_43291176.mp3	a7dd67ad0e789d77537aefa5db8fd81c8f0479a801f39879916d841d7686b73b	Telado.		2	0					gej	
b8b64b238172873aa5b51b92f7135664c16d7d384dfc382cfd4982747c53e541032fe83b770400225720f551fcb2a9b273a351e01ed6297908140cc7cae79ded	common_voice_gej_43291177.mp3	b1b6f5287f01328ee6ba12035fd6d557924a7287ded9ce208e5c3b3dbba1c5eb	Akota le gbaja na folivi.		3	0					gej	
b8b64b238172873aa5b51b92f7135664c16d7d384dfc382cfd4982747c53e541032fe83b770400225720f551fcb2a9b273a351e01ed6297908140cc7cae79ded	common_voice_gej_43291178.mp3	a210161a8ce6c8fcfa8387a269614b6ce362be14ad5098b6d9161752374a73e0	Wo ku ati.		2	0					gej	
b8b64b238172873aa5b51b92f7135664c16d7d384dfc382cfd4982747c53e541032fe83b770400225720f551fcb2a9b273a351e01ed6297908140cc7cae79ded	common_voice_gej_43291179.mp3	7afe1314db4df538018c3d58be70964d4c1a66cf13900f17fa5f30184b0c5a2f	Kotokuwoasideke.		2	0					gej	
b8b64b238172873aa5b51b92f7135664c16d7d384dfc382cfd4982747c53e541032fe83b770400225720f551fcb2a9b273a351e01ed6297908140cc7cae79ded	common_voice_gej_43291183.mp3	8fa353e93e5d1c5ab0ddc84f5278578113e076d08df28f1e372cb97188b3471b	Ayemo.		3	0					gej	
b8b64b238172873aa5b51b92f7135664c16d7d384dfc382cfd4982747c53e541032fe83b770400225720f551fcb2a9b273a351e01ed6297908140cc7cae79ded	common_voice_gej_43291186.mp3	6e823f8723151014b43f2a99bc2680aad7ec6f51ae25bdd263b1cd38402f8d25	Sa anyigba.		2	0					gej	
b8b64b238172873aa5b51b92f7135664c16d7d384dfc382cfd4982747c53e541032fe83b770400225720f551fcb2a9b273a351e01ed6297908140cc7cae79ded	common_voice_gej_43291188.mp3	9ad16156213363033b1dbb9b56d65404def0d776a4991ba78dfb088a7be9ba27	Agbosu.		3	0					gej	
b8b64b238172873aa5b51b92f7135664c16d7d384dfc382cfd4982747c53e541032fe83b770400225720f551fcb2a9b273a351e01ed6297908140cc7cae79ded	common_voice_gej_43291190.mp3	1e4f9dc92411d131dc22c6ccb0e3c971939346cad5aa6a4a28819a0193e9f66c	Ku si do go me.		3	0					gej	
b8b64b238172873aa5b51b92f7135664c16d7d384dfc382cfd4982747c53e541032fe83b770400225720f551fcb2a9b273a351e01ed6297908140cc7cae79ded	common_voice_gej_43291191.mp3	a2846a188f691a65eed106c5e6424d138c42dce250f0f371d3dd5ab874db376f	Lokoti awo.		2	0					gej	
b8b64b238172873aa5b51b92f7135664c16d7d384dfc382cfd4982747c53e541032fe83b770400225720f551fcb2a9b273a351e01ed6297908140cc7cae79ded	common_voice_gej_43291207.mp3	572c1828b09a4fe891810c6444220fbbf68b02485b88d9430b597c5928199b0a	Dudo.		2	0					gej	
b8b64b238172873aa5b51b92f7135664c16d7d384dfc382cfd4982747c53e541032fe83b770400225720f551fcb2a9b273a351e01ed6297908140cc7cae79ded	common_voice_gej_43291208.mp3	77bbf65436b7d796147341cb0708fccc48849072a491cf0dac54b66defb29676	Lometo.		2	0					gej	
b8b64b238172873aa5b51b92f7135664c16d7d384dfc382cfd4982747c53e541032fe83b770400225720f551fcb2a9b273a351e01ed6297908140cc7cae79ded	common_voice_gej_43291210.mp3	812e23118dba7cd08b03fc0ced4bd4a75aeba65996ec4a0527f2d6d2fed60fdb	Nyonu awo tona : ajele, ajoko, tele, anyele ku buwo.		2	0					gej	
b8b64b238172873aa5b51b92f7135664c16d7d384dfc382cfd4982747c53e541032fe83b770400225720f551fcb2a9b273a351e01ed6297908140cc7cae79ded	common_voice_gej_43291211.mp3	9ec4468ac4fb58de58015cbb60429beca46eae41fe0b601b5e7092496f4653bb	Mi nyam.		2	0					gej	
b8b64b238172873aa5b51b92f7135664c16d7d384dfc382cfd4982747c53e541032fe83b770400225720f551fcb2a9b273a351e01ed6297908140cc7cae79ded	common_voice_gej_43291222.mp3	85e0f258303432d4a965ec686e3ecbc9b6c15a026a0018ea17f2bc2b9a5230f1	Amedibome.		2	0					gej	
b8b64b238172873aa5b51b92f7135664c16d7d384dfc382cfd4982747c53e541032fe83b770400225720f551fcb2a9b273a351e01ed6297908140cc7cae79ded	common_voice_gej_43291225.mp3	777996e683305a65addaeeec4a5724017c8e96b2046bb314af91ee43e1d0d3ee	Mu nyi.		2	0					gej	
b8b64b238172873aa5b51b92f7135664c16d7d384dfc382cfd4982747c53e541032fe83b770400225720f551fcb2a9b273a351e01ed6297908140cc7cae79ded	common_voice_gej_43291227.mp3	445052bc4a6ad9704596d680a500a0aa32623829c3c0aeedb1d034ddaa765f14	Wo adikunu.		2	0					gej	
b8b64b238172873aa5b51b92f7135664c16d7d384dfc382cfd4982747c53e541032fe83b770400225720f551fcb2a9b273a351e01ed6297908140cc7cae79ded	common_voice_gej_43291229.mp3	6f0ba1cc514b69151c21985ff81028cc1902fef399e62b3ac0e05b8af11110d2	Wo la ci kpo a?		2	0					gej	
b8b64b238172873aa5b51b92f7135664c16d7d384dfc382cfd4982747c53e541032fe83b770400225720f551fcb2a9b273a351e01ed6297908140cc7cae79ded	common_voice_gej_43291242.mp3	b328ccd4d5c1c06a47a9be568c55c97a885e1d343d59361a0854cf3e18f3a43f	Avu.		2	0					gej	
b8b64b238172873aa5b51b92f7135664c16d7d384dfc382cfd4982747c53e541032fe83b770400225720f551fcb2a9b273a351e01ed6297908140cc7cae79ded	common_voice_gej_43291243.mp3	637da555833f238e9e7d80b7bbbe58fe3aef3fe88675b464efe8db4e048855b5	Nesi.		3	0					gej	
b8b64b238172873aa5b51b92f7135664c16d7d384dfc382cfd4982747c53e541032fe83b770400225720f551fcb2a9b273a351e01ed6297908140cc7cae79ded	common_voice_gej_43291244.mp3	9642cecdf4aac04076c4c97ea9da8a8d480a8ec9b9f2b38a58022059f61d4752	Tome gavi.		2	0					gej	
b8b64b238172873aa5b51b92f7135664c16d7d384dfc382cfd4982747c53e541032fe83b770400225720f551fcb2a9b273a351e01ed6297908140cc7cae79ded	common_voice_gej_43291245.mp3	7a746cef0d7caff96aa14139a8185dc5c27df3954742cf14e9096a012ee3063a	Vesato.		2	0					gej	
b8b64b238172873aa5b51b92f7135664c16d7d384dfc382cfd4982747c53e541032fe83b770400225720f551fcb2a9b273a351e01ed6297908140cc7cae79ded	common_voice_gej_43291254.mp3	82a519c4a59c73188e49c42d3d7b44901371f875a07e00b4ac69589527bac1dc	Mi nyi.		2	0					gej	
b8b64b238172873aa5b51b92f7135664c16d7d384dfc382cfd4982747c53e541032fe83b770400225720f551fcb2a9b273a351e01ed6297908140cc7cae79ded	common_voice_gej_43291258.mp3	88366f31c001b657e161ec263714eae53f5ccea70721252258805ff8e23fdef7	Do ji ke tri a.		2	0					gej	
b8b64b238172873aa5b51b92f7135664c16d7d384dfc382cfd4982747c53e541032fe83b770400225720f551fcb2a9b273a351e01ed6297908140cc7cae79ded	common_voice_gej_43291259.mp3	efd4de0bd418c1fb0943c89a59db55c2bd76fb3f2a13744380787c535a63af2b	Sime.		2	0					gej	
b8b64b238172873aa5b51b92f7135664c16d7d384dfc382cfd4982747c53e541032fe83b770400225720f551fcb2a9b273a351e01ed6297908140cc7cae79ded	common_voice_gej_43291260.mp3	40bbe4ce28867b08e30ad27ebfd2b2395d61114b29f1aefca5f28ea9e0acb2da	Tugbejedewo.		3	0					gej	
b8b64b238172873aa5b51b92f7135664c16d7d384dfc382cfd4982747c53e541032fe83b770400225720f551fcb2a9b273a351e01ed6297908140cc7cae79ded	common_voice_gej_43291272.mp3	95a8e4944c0caae30c38265ea92defb71e2540d00064315bc5cd1d4298fa6b0e	Kpa ati.		3	0					gej	
b8b64b238172873aa5b51b92f7135664c16d7d384dfc382cfd4982747c53e541032fe83b770400225720f551fcb2a9b273a351e01ed6297908140cc7cae79ded	common_voice_gej_43291273.mp3	8922c7918f3dbf75401caec62b85ed2babfa0655dc418a6617dd7f9d11b64e7f	Deglefesu.		2	0					gej	
b8b64b238172873aa5b51b92f7135664c16d7d384dfc382cfd4982747c53e541032fe83b770400225720f551fcb2a9b273a351e01ed6297908140cc7cae79ded	common_voice_gej_43291274.mp3	86f6cb858c60bb1b12621edd264f99f729236d3c6fd3fc342a0f71d19e74aa9c	Dokplakpla.		2	0					gej	
b8b64b238172873aa5b51b92f7135664c16d7d384dfc382cfd4982747c53e541032fe83b770400225720f551fcb2a9b273a351e01ed6297908140cc7cae79ded	common_voice_gej_43291275.mp3	5bd6d47c87fb9221c009cfd9d3a6ee9d7a7a591e69da8c6ef2fc752be1008ea3	Kotokuwuiadre.		2	0					gej	
b8b64b238172873aa5b51b92f7135664c16d7d384dfc382cfd4982747c53e541032fe83b770400225720f551fcb2a9b273a351e01ed6297908140cc7cae79ded	common_voice_gej_43291276.mp3	99687fae201bdeb941636c81609b53370144317dd7d96e6f9dcab2ed93bfeda1	Ali.		2	0					gej	
b8b64b238172873aa5b51b92f7135664c16d7d384dfc382cfd4982747c53e541032fe83b770400225720f551fcb2a9b273a351e01ed6297908140cc7cae79ded	common_voice_gej_43291292.mp3	97433bb623b0a9ebeb8c224cee216418ac27a528761b7d5bbcf1fd1c9aff5089	Alenovi.		2	0					gej	
b8b64b238172873aa5b51b92f7135664c16d7d384dfc382cfd4982747c53e541032fe83b770400225720f551fcb2a9b273a351e01ed6297908140cc7cae79ded	common_voice_gej_43291293.mp3	869c8d4c2f157ba65889bd418e79bb5cddba3ab7673ff461b27b2755a7a5d957	Ame be vava.		2	0					gej	
b8b64b238172873aa5b51b92f7135664c16d7d384dfc382cfd4982747c53e541032fe83b770400225720f551fcb2a9b273a351e01ed6297908140cc7cae79ded	common_voice_gej_43291294.mp3	bafa03711caf8b0e6f7a42a4fb46604f25bd4c98076bcab8d556874f868b2c2a	Weci.		2	0					gej	
b8b64b238172873aa5b51b92f7135664c16d7d384dfc382cfd4982747c53e541032fe83b770400225720f551fcb2a9b273a351e01ed6297908140cc7cae79ded	common_voice_gej_43291296.mp3	ef9fdfc537f3e01941cc707b1aa868c1865de8432d3825abbe5c68b61163fd57	Depopo.		2	0					gej	
b8b64b238172873aa5b51b92f7135664c16d7d384dfc382cfd4982747c53e541032fe83b770400225720f551fcb2a9b273a351e01ed6297908140cc7cae79ded	common_voice_gej_43291332.mp3	b7315aa4a9ef14a3a0e74df1c043194f3473940493de186439d8a29e37eeb7fa	Janguta.		2	0					gej	
b8b64b238172873aa5b51b92f7135664c16d7d384dfc382cfd4982747c53e541032fe83b770400225720f551fcb2a9b273a351e01ed6297908140cc7cae79ded	common_voice_gej_43291335.mp3	ac39a222089801de822c554b6274865010097d551e141adba911eaf165ad513b	Wo.		2	0					gej	
b8b64b238172873aa5b51b92f7135664c16d7d384dfc382cfd4982747c53e541032fe83b770400225720f551fcb2a9b273a351e01ed6297908140cc7cae79ded	common_voice_gej_43291337.mp3	9ce8d9c034a1f32a52a1f1628046c11ace8b07703fe4e9ce4553c565e4dd57ec	Mu so vi.		2	0					gej	
b8b64b238172873aa5b51b92f7135664c16d7d384dfc382cfd4982747c53e541032fe83b770400225720f551fcb2a9b273a351e01ed6297908140cc7cae79ded	common_voice_gej_43291349.mp3	b0d77e8964b86cd96fed5152809181e44a1839f16e3b6f94614dc14a19b0a188	Agogbagba.		2	0					gej	
b8b64b238172873aa5b51b92f7135664c16d7d384dfc382cfd4982747c53e541032fe83b770400225720f551fcb2a9b273a351e01ed6297908140cc7cae79ded	common_voice_gej_43291350.mp3	6fa68ae148edf483fb785defe1152529caf84f5d529f07f4e4d9fd9bc7069353	Fla deka.		2	0					gej	
b8b64b238172873aa5b51b92f7135664c16d7d384dfc382cfd4982747c53e541032fe83b770400225720f551fcb2a9b273a351e01ed6297908140cc7cae79ded	common_voice_gej_43291351.mp3	8786cc14bce214c4ddc76a54d7e79338fe8417fe696e1f41d2e42841675e5ea5	Kpo ale.		2	0					gej	
b8b64b238172873aa5b51b92f7135664c16d7d384dfc382cfd4982747c53e541032fe83b770400225720f551fcb2a9b273a351e01ed6297908140cc7cae79ded	common_voice_gej_43291353.mp3	ae5d14404edca13a7c54f0af7f06cd00d266ad51faaf217f670dc8dd83481bc1	Nunyiametehuehuelelame.		2	0					gej	
b8b64b238172873aa5b51b92f7135664c16d7d384dfc382cfd4982747c53e541032fe83b770400225720f551fcb2a9b273a351e01ed6297908140cc7cae79ded	common_voice_gej_43291372.mp3	6ddc0f52ba7519df23a8e3eb546a714510fa835781d00ad1d60b9b6e12521bde	Adokaganugbo.		3	0					gej	
b8b64b238172873aa5b51b92f7135664c16d7d384dfc382cfd4982747c53e541032fe83b770400225720f551fcb2a9b273a351e01ed6297908140cc7cae79ded	common_voice_gej_43291373.mp3	bdb3d900760d35cb2714366a2f08985d933e14aab92084802cce5ae7f5a969ba	Je agbagba.		3	0					gej	
b8b64b238172873aa5b51b92f7135664c16d7d384dfc382cfd4982747c53e541032fe83b770400225720f551fcb2a9b273a351e01ed6297908140cc7cae79ded	common_voice_gej_43291374.mp3	b360d4c7ad1543c715820735ab9db3326331693cb3e2378b7a4b31a09bc15113	Je abi.		3	0					gej	
b8b64b238172873aa5b51b92f7135664c16d7d384dfc382cfd4982747c53e541032fe83b770400225720f551fcb2a9b273a351e01ed6297908140cc7cae79ded	common_voice_gej_43291375.mp3	995cc8c5702d390df3ed44406f30c8ddab7d85b0d1e6672ecafd84bfa9f56292	Kope.		2	0					gej	
b8b64b238172873aa5b51b92f7135664c16d7d384dfc382cfd4982747c53e541032fe83b770400225720f551fcb2a9b273a351e01ed6297908140cc7cae79ded	common_voice_gej_43291376.mp3	89d1f2503e193f0ba98cbff2d131aa6db6a28b405d020dbf0baef1f75531a9a3	Nye ya de kpo mu gba jo va le vo do enu.		3	0					gej	
b8b64b238172873aa5b51b92f7135664c16d7d384dfc382cfd4982747c53e541032fe83b770400225720f551fcb2a9b273a351e01ed6297908140cc7cae79ded	common_voice_gej_43291614.mp3	b76f07400b4b0bf6f42361a503e70cb1a4ede30cfdfb6c3fdaa323f02a660a99	Asixo.		2	0					gej	
b8b64b238172873aa5b51b92f7135664c16d7d384dfc382cfd4982747c53e541032fe83b770400225720f551fcb2a9b273a351e01ed6297908140cc7cae79ded	common_voice_gej_43291615.mp3	b7ff47c6b90a3bba4e32db09c3a7ffdc6bd95a19fe7659d9cf6b425763fd293c	Dawope.		2	0					gej	
b8b64b238172873aa5b51b92f7135664c16d7d384dfc382cfd4982747c53e541032fe83b770400225720f551fcb2a9b273a351e01ed6297908140cc7cae79ded	common_voice_gej_43291616.mp3	b5acd220e64d113765d004c413092d150279fe0ebaa6a49852867c88f97e094d	Avivo le wo.		2	0					gej	
b8b64b238172873aa5b51b92f7135664c16d7d384dfc382cfd4982747c53e541032fe83b770400225720f551fcb2a9b273a351e01ed6297908140cc7cae79ded	common_voice_gej_43291617.mp3	2b145d46a5f422dded34cde0cb1fc420bcfc376ebaa3c28d5d339914bff9c239	Azi kaka.		2	0					gej	
b8b64b238172873aa5b51b92f7135664c16d7d384dfc382cfd4982747c53e541032fe83b770400225720f551fcb2a9b273a351e01ed6297908140cc7cae79ded	common_voice_gej_43291640.mp3	b4bfe87de3f5c41bf30975a77a440c66ac0332fe78612133ec9b6f7437151ef9	Safle.		2	0					gej	
b8b64b238172873aa5b51b92f7135664c16d7d384dfc382cfd4982747c53e541032fe83b770400225720f551fcb2a9b273a351e01ed6297908140cc7cae79ded	common_voice_gej_43291642.mp3	932369bb0500bea0ccac3c61797591dcffd1b6e73229a24ee60bee2da6c6f0d8	Nunglobe.		2	0					gej	
b8b64b238172873aa5b51b92f7135664c16d7d384dfc382cfd4982747c53e541032fe83b770400225720f551fcb2a9b273a351e01ed6297908140cc7cae79ded	common_voice_gej_43291644.mp3	8671324f24201976c049f3af3bb8c58adb3299f8f1b65e17ebc1f6f66e5e797e	Mi la ci kpo.		2	0					gej	
b8b64b238172873aa5b51b92f7135664c16d7d384dfc382cfd4982747c53e541032fe83b770400225720f551fcb2a9b273a351e01ed6297908140cc7cae79ded	common_voice_gej_43291646.mp3	ba133da58a49c19fea47728229d7626104087144634d8dc41d7e5e2f24faa0a8	Ne je ngku me ne mi.		2	0					gej	
b8b64b238172873aa5b51b92f7135664c16d7d384dfc382cfd4982747c53e541032fe83b770400225720f551fcb2a9b273a351e01ed6297908140cc7cae79ded	common_voice_gej_43291647.mp3	bbb5a52b937d5b67a345c69c5a1f933d6eca04b299df97cb537646be09ca77d8	Anyisi.		2	0					gej	
b8b64b238172873aa5b51b92f7135664c16d7d384dfc382cfd4982747c53e541032fe83b770400225720f551fcb2a9b273a351e01ed6297908140cc7cae79ded	common_voice_gej_43291691.mp3	bb2ffad3ed9bf5c678ea48261fa4f90f577c87da0c5789b700e25a1411a90dce	Flese.		2	0					gej	
b8b64b238172873aa5b51b92f7135664c16d7d384dfc382cfd4982747c53e541032fe83b770400225720f551fcb2a9b273a351e01ed6297908140cc7cae79ded	common_voice_gej_43291692.mp3	c0ffc1a33793e3c23bb5c09aee84fb4f95a51e4b5f5f5ec56187bb25237507ed	Ka ve ci adre.		2	0					gej	
b8b64b238172873aa5b51b92f7135664c16d7d384dfc382cfd4982747c53e541032fe83b770400225720f551fcb2a9b273a351e01ed6297908140cc7cae79ded	common_voice_gej_43291694.mp3	5e0d2d7a70066b252ed8077e4169ae9a4a29e033f6181a648f7546d9829d268a	Woabe nyonu awo a wo ye nyi : mable, mele, moko, jagble, ku buwo.		2	0					gej	
b8b64b238172873aa5b51b92f7135664c16d7d384dfc382cfd4982747c53e541032fe83b770400225720f551fcb2a9b273a351e01ed6297908140cc7cae79ded	common_voice_gej_43291695.mp3	b243db295c103e2367d77e997059c35ae2126089f878099a9792dc9b3387a040	Ca nu.		2	0					gej	
b8b64b238172873aa5b51b92f7135664c16d7d384dfc382cfd4982747c53e541032fe83b770400225720f551fcb2a9b273a351e01ed6297908140cc7cae79ded	common_voice_gej_43291696.mp3	73d5d06ed01700bfaf16b8dd33c98257fa714e42e17cac7f162e186a209e3227	Ame bada a.		3	0					gej	
b8b64b238172873aa5b51b92f7135664c16d7d384dfc382cfd4982747c53e541032fe83b770400225720f551fcb2a9b273a351e01ed6297908140cc7cae79ded	common_voice_gej_43291697.mp3	930098409f4c8d4505bf9e6b4abe64a451ca930cd6134bfae1b00c7343aa87df	Asiti.		2	0					gej	
b8b64b238172873aa5b51b92f7135664c16d7d384dfc382cfd4982747c53e541032fe83b770400225720f551fcb2a9b273a351e01ed6297908140cc7cae79ded	common_voice_gej_43291699.mp3	95df484e38772180a6b650c6abf132b2c280785500870b3c83caf229993078f8	E jina vi kabakaba.		2	0					gej	
b8b64b238172873aa5b51b92f7135664c16d7d384dfc382cfd4982747c53e541032fe83b770400225720f551fcb2a9b273a351e01ed6297908140cc7cae79ded	common_voice_gej_43291700.mp3	b8d08b17274dc5994b114e2cea749fa46b519f13c4c12a8596e60b24955c7d6a	Ato.		2	0					gej	
b8b64b238172873aa5b51b92f7135664c16d7d384dfc382cfd4982747c53e541032fe83b770400225720f551fcb2a9b273a351e01ed6297908140cc7cae79ded	common_voice_gej_43291738.mp3	ab99d9de3e588c55a7e919493f2403323faaf311a6924fc7ec49fe816827857b	Dumevide.		2	0					gej	
b8b64b238172873aa5b51b92f7135664c16d7d384dfc382cfd4982747c53e541032fe83b770400225720f551fcb2a9b273a351e01ed6297908140cc7cae79ded	common_voice_gej_43291740.mp3	675600d7fefe91d86e756fa62a5ed1d9ce381a962344642e772a729acabad2c3	Ekposu.		2	0					gej	
b8b64b238172873aa5b51b92f7135664c16d7d384dfc382cfd4982747c53e541032fe83b770400225720f551fcb2a9b273a351e01ed6297908140cc7cae79ded	common_voice_gej_43291741.mp3	6b94ae6455a5d42db2cdd7ce13b17967e51d9d557247b3b8d91dc2a46bde50eb	Oooooo kotoku ne hee!		2	0					gej	
b8b64b238172873aa5b51b92f7135664c16d7d384dfc382cfd4982747c53e541032fe83b770400225720f551fcb2a9b273a351e01ed6297908140cc7cae79ded	common_voice_gej_43291751.mp3	bf1b273abaf87e1b0437b26af04b28c20292ccf098e13d32a7a72c46491667b9	Wo ke abo me.		2	0					gej	
b8b64b238172873aa5b51b92f7135664c16d7d384dfc382cfd4982747c53e541032fe83b770400225720f551fcb2a9b273a351e01ed6297908140cc7cae79ded	common_voice_gej_43291752.mp3	baf9fbf25816d0fc08a18cd6446d3d506357d97aa574e0490d16b279791b0394	Plengugodewo.		2	0					gej	
b8b64b238172873aa5b51b92f7135664c16d7d384dfc382cfd4982747c53e541032fe83b770400225720f551fcb2a9b273a351e01ed6297908140cc7cae79ded	common_voice_gej_43291753.mp3	1e1891c69ea53865ca14f41862f6201e8b06e3d57c2902effd56be86be110573	E to le axome va yi to ahanunu ku aditamayoyo he.		2	0					gej	
b8b64b238172873aa5b51b92f7135664c16d7d384dfc382cfd4982747c53e541032fe83b770400225720f551fcb2a9b273a351e01ed6297908140cc7cae79ded	common_voice_gej_43291754.mp3	95e1258d0bd9802d8311f21834a2e93f7abb531c12cb394e7aff9a6b087c9498	Lacigbojogbojo le do nupo ne.		2	0					gej	
b8b64b238172873aa5b51b92f7135664c16d7d384dfc382cfd4982747c53e541032fe83b770400225720f551fcb2a9b273a351e01ed6297908140cc7cae79ded	common_voice_gej_43291755.mp3	9cca993faacca1942acc4f7ab304937f1cba1e9bc7b6c70dc61422bb5da0c1d0	Atokliko.		2	0					gej	
b8b64b238172873aa5b51b92f7135664c16d7d384dfc382cfd4982747c53e541032fe83b770400225720f551fcb2a9b273a351e01ed6297908140cc7cae79ded	common_voice_gej_43291766.mp3	00056bc92a833050060a44af2cdf047a231f6c9c841e3cba236b9b87b38a1a87	Amedododime.		2	0					gej	
b8b64b238172873aa5b51b92f7135664c16d7d384dfc382cfd4982747c53e541032fe83b770400225720f551fcb2a9b273a351e01ed6297908140cc7cae79ded	common_voice_gej_43291767.mp3	b8a94014950dcf54e466f183ae46a8e089e95ecbc7c0a5f2bdfc5c08bb6447ae	Pe to.		3	0					gej	
b8b64b238172873aa5b51b92f7135664c16d7d384dfc382cfd4982747c53e541032fe83b770400225720f551fcb2a9b273a351e01ed6297908140cc7cae79ded	common_voice_gej_43291768.mp3	b53d3fca0bce1ac41a9728459a92cf05bf2548e222c3be4079eca056c85bb9b0	Si kokoe.		2	0					gej	
b8b64b238172873aa5b51b92f7135664c16d7d384dfc382cfd4982747c53e541032fe83b770400225720f551fcb2a9b273a351e01ed6297908140cc7cae79ded	common_voice_gej_43291769.mp3	ae204da757860598e92de2b60df8ad391ea7f6276e91629936296992db18922b	Enuwo xo ci le asigame ngto.		2	0					gej	
b8b64b238172873aa5b51b92f7135664c16d7d384dfc382cfd4982747c53e541032fe83b770400225720f551fcb2a9b273a351e01ed6297908140cc7cae79ded	common_voice_gej_43291770.mp3	2c9d738ec5cec07887a671b73bb235921756f6b0e677c115203ebc0ae2c90834	Kpla kpete.		2	0					gej	
b8b64b238172873aa5b51b92f7135664c16d7d384dfc382cfd4982747c53e541032fe83b770400225720f551fcb2a9b273a351e01ed6297908140cc7cae79ded	common_voice_gej_43291771.mp3	c14d2a9d00d2bd7806bf725bb79a79f4b7648f14b2d3e50942d59722c2da4f64	Woma popo.		2	0					gej	
b8b64b238172873aa5b51b92f7135664c16d7d384dfc382cfd4982747c53e541032fe83b770400225720f551fcb2a9b273a351e01ed6297908140cc7cae79ded	common_voice_gej_43291773.mp3	7cd2aaceaf3a559e15f40eef9b7a28f5ce4aae9739442238f7bd3c0838c2d151	Atikplo.		3	0					gej	
b8b64b238172873aa5b51b92f7135664c16d7d384dfc382cfd4982747c53e541032fe83b770400225720f551fcb2a9b273a351e01ed6297908140cc7cae79ded	common_voice_gej_43291775.mp3	7b77b06d1a6c3d2b5e7bede362b444e2361af90a72cab694d4121b307b8952c1	Azidesi.		2	0					gej	
b8b64b238172873aa5b51b92f7135664c16d7d384dfc382cfd4982747c53e541032fe83b770400225720f551fcb2a9b273a351e01ed6297908140cc7cae79ded	common_voice_gej_43291776.mp3	70bd5fe0f0ff305f7c0b3a965b31d95eb3e503d5e4fabcebfa80648225924d7c	Lakpakpa.		2	0					gej	
b8b64b238172873aa5b51b92f7135664c16d7d384dfc382cfd4982747c53e541032fe83b770400225720f551fcb2a9b273a351e01ed6297908140cc7cae79ded	common_voice_gej_43291796.mp3	c23c38c330ae6fca37185768d55ac91586e79f6d04efa0709aa146270225a912	Edakpakpa.		2	0					gej	
b8b64b238172873aa5b51b92f7135664c16d7d384dfc382cfd4982747c53e541032fe83b770400225720f551fcb2a9b273a351e01ed6297908140cc7cae79ded	common_voice_gej_43291797.mp3	7a9d36971c4a05a0c4fb8e70444da6bc1adcbfaac8455b52305833fce04acf9a	Mi ke azi.		2	0					gej	
b8b64b238172873aa5b51b92f7135664c16d7d384dfc382cfd4982747c53e541032fe83b770400225720f551fcb2a9b273a351e01ed6297908140cc7cae79ded	common_voice_gej_43291799.mp3	b56105f60be5fb78cdcf2e9266ac0a14bdfa5d99cb3000d97feb9271545cd0e8	Gbedidingutidowoto.		2	0					gej	
b8b64b238172873aa5b51b92f7135664c16d7d384dfc382cfd4982747c53e541032fe83b770400225720f551fcb2a9b273a351e01ed6297908140cc7cae79ded	common_voice_gej_43291800.mp3	80c59e16005029167aed9de1d35396eacdce63f1c270b4b2de97ca589dd031d2	Angomefu.		2	0					gej	
b8b64b238172873aa5b51b92f7135664c16d7d384dfc382cfd4982747c53e541032fe83b770400225720f551fcb2a9b273a351e01ed6297908140cc7cae79ded	common_voice_gej_43291809.mp3	a8936a3e13f76856d9caf7f9f9b96e58dc7cd325505f6ccf7704051ccefe6c5e	Ngudekenye ganyi.		2	0					gej	
b8b64b238172873aa5b51b92f7135664c16d7d384dfc382cfd4982747c53e541032fe83b770400225720f551fcb2a9b273a351e01ed6297908140cc7cae79ded	common_voice_gej_43291813.mp3	b50111c1eb54900e7b82dcc5c2faf4130883b7cb3d6188905399fe9ef1063b6e	Melekuto.		2	0					gej	
b8b64b238172873aa5b51b92f7135664c16d7d384dfc382cfd4982747c53e541032fe83b770400225720f551fcb2a9b273a351e01ed6297908140cc7cae79ded	common_voice_gej_43291814.mp3	a550fee27d3e6f51ccd27c15bc7880c2ab73b6633212d0a93c167603fbcea352	Ka ve ci to.		2	0					gej	
b8b64b238172873aa5b51b92f7135664c16d7d384dfc382cfd4982747c53e541032fe83b770400225720f551fcb2a9b273a351e01ed6297908140cc7cae79ded	common_voice_gej_43291827.mp3	12280e4c29dd0fb14998b6f23fc7dbd99d3a580809c92189719f31ee060c22a1	Axwe nu.		2	0					gej	
b8b64b238172873aa5b51b92f7135664c16d7d384dfc382cfd4982747c53e541032fe83b770400225720f551fcb2a9b273a351e01ed6297908140cc7cae79ded	common_voice_gej_43291828.mp3	b3032c18667dbeb4e6ed700eeda3083d73001aa9482bccbb71a85bdd2b23bf9d	Ele ci kpo.		2	0					gej	
b8b64b238172873aa5b51b92f7135664c16d7d384dfc382cfd4982747c53e541032fe83b770400225720f551fcb2a9b273a351e01ed6297908140cc7cae79ded	common_voice_gej_43291844.mp3	999972414b057ed28bba126b62eed03ca5843b76fd00ff1e9ec23df9d8e7a4fb	Adifu.		2	0					gej	
b8b64b238172873aa5b51b92f7135664c16d7d384dfc382cfd4982747c53e541032fe83b770400225720f551fcb2a9b273a351e01ed6297908140cc7cae79ded	common_voice_gej_43291847.mp3	9f3f61a5e1297a315150e7937c3933e8714fdaefedeb367ee9a800bf2ace6142	Wo jra do.		2	0					gej	
b8b64b238172873aa5b51b92f7135664c16d7d384dfc382cfd4982747c53e541032fe83b770400225720f551fcb2a9b273a351e01ed6297908140cc7cae79ded	common_voice_gej_43291848.mp3	690943bc4316df040d6f3c9639c3ee5c26029d0304ec9c6908aa9c033cf56544	Mu lo wo.		2	0					gej	
b8b64b238172873aa5b51b92f7135664c16d7d384dfc382cfd4982747c53e541032fe83b770400225720f551fcb2a9b273a351e01ed6297908140cc7cae79ded	common_voice_gej_43291859.mp3	77f70edb7830d307237c9e53b3cefbde6a7882e3d881b42aebdfd4cf504cac5b	Afoxome.		2	0					gej	
b8b64b238172873aa5b51b92f7135664c16d7d384dfc382cfd4982747c53e541032fe83b770400225720f551fcb2a9b273a351e01ed6297908140cc7cae79ded	common_voice_gej_43291861.mp3	b9d0bf50fd1b9d59c87ef4412dea97cfbc434a61f880cdc3ede01890430d5112	Aduklui.		3	0					gej	
b8b64b238172873aa5b51b92f7135664c16d7d384dfc382cfd4982747c53e541032fe83b770400225720f551fcb2a9b273a351e01ed6297908140cc7cae79ded	common_voice_gej_43291862.mp3	77f1821a599591b850a28897804653c6fc61fa775ab9cbd29a1728f21b9d354b	Koklo mi.		2	0					gej	
b8b64b238172873aa5b51b92f7135664c16d7d384dfc382cfd4982747c53e541032fe83b770400225720f551fcb2a9b273a351e01ed6297908140cc7cae79ded	common_voice_gej_43291874.mp3	898b4a2495ba39b3ccf838f849cee697e1143fa50bea2aaa576a6d9693c3a276	Enya xoxo.		2	0					gej	
b8b64b238172873aa5b51b92f7135664c16d7d384dfc382cfd4982747c53e541032fe83b770400225720f551fcb2a9b273a351e01ed6297908140cc7cae79ded	common_voice_gej_43291875.mp3	bfad0588acb8dddf451d4c8b42ffbbaaf6de9bf6c11fcf764df0b4acd2d4d033	Mu lowo.		2	1					gej	
b8b64b238172873aa5b51b92f7135664c16d7d384dfc382cfd4982747c53e541032fe83b770400225720f551fcb2a9b273a351e01ed6297908140cc7cae79ded	common_voice_gej_43291876.mp3	8edf27f783c3e4bbf8e5dc31ad083919c9ce571236fde96efde69e9941a3d7a1	Kadikadi.		2	0					gej	
b8b64b238172873aa5b51b92f7135664c16d7d384dfc382cfd4982747c53e541032fe83b770400225720f551fcb2a9b273a351e01ed6297908140cc7cae79ded	common_voice_gej_43291877.mp3	4db32e129abed98b26ae3d5277f519a2afc5af910db1028f3a1b2f7aa0630e58	Legbee.		3	0					gej	
b8b64b238172873aa5b51b92f7135664c16d7d384dfc382cfd4982747c53e541032fe83b770400225720f551fcb2a9b273a351e01ed6297908140cc7cae79ded	common_voice_gej_43291878.mp3	bd938a9910ec1336c8f7897baee1768880c158fb7dffde8b048c9cacfb031ea8	Mi jra do.		2	0					gej	
b8b64b238172873aa5b51b92f7135664c16d7d384dfc382cfd4982747c53e541032fe83b770400225720f551fcb2a9b273a351e01ed6297908140cc7cae79ded	common_voice_gej_43291892.mp3	3cacdc1ce539468f9db83be602c16c656e4ef65d5758663432c394842947e0c4	Kotoku ka takpo ci wo.		2	0					gej	
b8b64b238172873aa5b51b92f7135664c16d7d384dfc382cfd4982747c53e541032fe83b770400225720f551fcb2a9b273a351e01ed6297908140cc7cae79ded	common_voice_gej_43291894.mp3	c0681ce70998270134703f5474fb3c33c8803a36d929b4f4fc7a723ab9550f3a	Abuidodo.		2	0					gej	
b8b64b238172873aa5b51b92f7135664c16d7d384dfc382cfd4982747c53e541032fe83b770400225720f551fcb2a9b273a351e01ed6297908140cc7cae79ded	common_voice_gej_43291897.mp3	a9687cabaf69ef8786d2b1a7fe4db59daed909bbbd399506005d606c458de204	Ne wo le je tagba a, ye nyina ame cucugbo ke cina flima me a.		2	0					gej	
b8b64b238172873aa5b51b92f7135664c16d7d384dfc382cfd4982747c53e541032fe83b770400225720f551fcb2a9b273a351e01ed6297908140cc7cae79ded	common_voice_gej_43291900.mp3	57c3cd3bc0242cdb8e634507f5a9f26f63365cd1e74b4815a57d7b1b7f4e63fa	Xomede.		2	0					gej	
b8b64b238172873aa5b51b92f7135664c16d7d384dfc382cfd4982747c53e541032fe83b770400225720f551fcb2a9b273a351e01ed6297908140cc7cae79ded	common_voice_gej_43291902.mp3	a189cc055e4e42cc77991c2be7e11860942f67235683ec2ca4663b41d3f3ed92	Agbledede nyo.		2	0					gej	
b8b64b238172873aa5b51b92f7135664c16d7d384dfc382cfd4982747c53e541032fe83b770400225720f551fcb2a9b273a351e01ed6297908140cc7cae79ded	common_voice_gej_43291915.mp3	a9f1cb83d6f2138495c74139c89ee5c7be87d66fcebade9845b31bd4e1eefb89	Ewa.		2	0					gej	
b8b64b238172873aa5b51b92f7135664c16d7d384dfc382cfd4982747c53e541032fe83b770400225720f551fcb2a9b273a351e01ed6297908140cc7cae79ded	common_voice_gej_43291916.mp3	8839deafc73661991ad56763f5376150d4fbedc093d76b1cb6c1bf1bcb2a0021	So apuje.		4	0					gej	
b8b64b238172873aa5b51b92f7135664c16d7d384dfc382cfd4982747c53e541032fe83b770400225720f551fcb2a9b273a351e01ed6297908140cc7cae79ded	common_voice_gej_43291917.mp3	06f78d517f8deeb1ef72a5619864630f26b1170d5fc196b967a008440f284f30	Kosida.		2	0					gej	
b8b64b238172873aa5b51b92f7135664c16d7d384dfc382cfd4982747c53e541032fe83b770400225720f551fcb2a9b273a351e01ed6297908140cc7cae79ded	common_voice_gej_43291919.mp3	91bee6e51516bc368acbb1d1def04f3ff5a88a444170d0b0fe4f335a6e57c5b7	Nyonu ke yina tome be nyi.		2	0					gej	
b8b64b238172873aa5b51b92f7135664c16d7d384dfc382cfd4982747c53e541032fe83b770400225720f551fcb2a9b273a351e01ed6297908140cc7cae79ded	common_voice_gej_43291992.mp3	c783185c963e342fe03dbd69d541631381dbbd870465593ce3f09c687fc58ef7	Klo be blewu ye jena xixe a.		2	0					gej	
b8b64b238172873aa5b51b92f7135664c16d7d384dfc382cfd4982747c53e541032fe83b770400225720f551fcb2a9b273a351e01ed6297908140cc7cae79ded	common_voice_gej_43291993.mp3	a982d9c7557ea95c2a5d7a209c97f0847b4d68fd3a8547479eb6aa1c6f9a79c3	Ajofito.		2	0					gej	
b8b64b238172873aa5b51b92f7135664c16d7d384dfc382cfd4982747c53e541032fe83b770400225720f551fcb2a9b273a351e01ed6297908140cc7cae79ded	common_voice_gej_43291994.mp3	b0fdc5631a9acf3d4e1b8f0450d632ecfc3b34395d169c276f5fa4c7cc73a91b	Ne je ngku me na wo.		2	0					gej	
b8b64b238172873aa5b51b92f7135664c16d7d384dfc382cfd4982747c53e541032fe83b770400225720f551fcb2a9b273a351e01ed6297908140cc7cae79ded	common_voice_gej_43291996.mp3	c454204dec3d6ab5815e07705f3cad79b86063cebc3867653d7bd6ac9bf2f665	Kawuivoato ti to.		2	0					gej	
b8b64b238172873aa5b51b92f7135664c16d7d384dfc382cfd4982747c53e541032fe83b770400225720f551fcb2a9b273a351e01ed6297908140cc7cae79ded	common_voice_gej_43291998.mp3	645b1c87bffa77e6a4659d67a4dc1e785790152e3a54fb54e74d098875ce75e3	Zedeka ke a woe zo loo.		2	0					gej	
b8b64b238172873aa5b51b92f7135664c16d7d384dfc382cfd4982747c53e541032fe83b770400225720f551fcb2a9b273a351e01ed6297908140cc7cae79ded	common_voice_gej_43292011.mp3	6270752d1a47e4c2646be19844e911b9a229345d69fc39698e25e6ee51757118	Mu su akpe o.		3	0					gej	
b8b64b238172873aa5b51b92f7135664c16d7d384dfc382cfd4982747c53e541032fe83b770400225720f551fcb2a9b273a351e01ed6297908140cc7cae79ded	common_voice_gej_43292012.mp3	7562dc1171fa3817fed1cfadf2b569f9a8ae4fb94da36392a745a1a82ad4dcfb	Zisu.		2	0					gej	
b8b64b238172873aa5b51b92f7135664c16d7d384dfc382cfd4982747c53e541032fe83b770400225720f551fcb2a9b273a351e01ed6297908140cc7cae79ded	common_voice_gej_43292015.mp3	a52cc71c8583ed85695dcc0065afd6b155178aafb35ef7e82a298cee5ba0ef52	Atikplive.		2	0					gej	
b8b64b238172873aa5b51b92f7135664c16d7d384dfc382cfd4982747c53e541032fe83b770400225720f551fcb2a9b273a351e01ed6297908140cc7cae79ded	common_voice_gej_43292026.mp3	868335b8153e739e05caa4e061996289d63c237237f16dd8512d24b4fc7d0b4b	Dapope.		2	0					gej	
b8b64b238172873aa5b51b92f7135664c16d7d384dfc382cfd4982747c53e541032fe83b770400225720f551fcb2a9b273a351e01ed6297908140cc7cae79ded	common_voice_gej_43292027.mp3	61c9faac85e2b519d85ee89824e852affe54719975e41bb89fae5cdc28261b70	Ahone.		2	0					gej	
b8b64b238172873aa5b51b92f7135664c16d7d384dfc382cfd4982747c53e541032fe83b770400225720f551fcb2a9b273a351e01ed6297908140cc7cae79ded	common_voice_gej_43292028.mp3	31cce57dce37cee8cc8ec3dd95150a6df75365228dd001b490e1d88401734e4e	Ko aplaga yi ji :		2	0					gej	
b8b64b238172873aa5b51b92f7135664c16d7d384dfc382cfd4982747c53e541032fe83b770400225720f551fcb2a9b273a351e01ed6297908140cc7cae79ded	common_voice_gej_43292041.mp3	b74052898568974b755a9d7b6bb750b9f749012ccdd2ff7451f1f7525d4b85bd	E le ngtifafa me.		2	0					gej	
b8b64b238172873aa5b51b92f7135664c16d7d384dfc382cfd4982747c53e541032fe83b770400225720f551fcb2a9b273a351e01ed6297908140cc7cae79ded	common_voice_gej_43292042.mp3	9e5ef121241a9d97c841148f3c7a69de813c9e2cc4d7a8ed98b95ffd2047edce	Mi ngo ngoti.		3	0					gej	
b8b64b238172873aa5b51b92f7135664c16d7d384dfc382cfd4982747c53e541032fe83b770400225720f551fcb2a9b273a351e01ed6297908140cc7cae79ded	common_voice_gej_43292043.mp3	a58afaa26c900f569c1c75c1530506f52d6adf6339ceaa129f6ecdf43af44113	Axwekoto.		2	0					gej	
b8b64b238172873aa5b51b92f7135664c16d7d384dfc382cfd4982747c53e541032fe83b770400225720f551fcb2a9b273a351e01ed6297908140cc7cae79ded	common_voice_gej_43292044.mp3	434998f40d236d58a38f857f87897112d5e702b6c7f0a51630ab2aeade8aa628	Aya.		2	0					gej	
b8b64b238172873aa5b51b92f7135664c16d7d384dfc382cfd4982747c53e541032fe83b770400225720f551fcb2a9b273a351e01ed6297908140cc7cae79ded	common_voice_gej_43292045.mp3	c01837ab0998211c9380bc0c526cf1dba644dc6c4aa8d8b2325eba089e82599f	Dikanaku wuna ame.		2	0					gej	
b8b64b238172873aa5b51b92f7135664c16d7d384dfc382cfd4982747c53e541032fe83b770400225720f551fcb2a9b273a351e01ed6297908140cc7cae79ded	common_voice_gej_43292049.mp3	61595e2dbc321e86210dcf047d1c4c413148f52112d4032b32d26b89f9f30436	Aputa.		2	0					gej	
b8b64b238172873aa5b51b92f7135664c16d7d384dfc382cfd4982747c53e541032fe83b770400225720f551fcb2a9b273a351e01ed6297908140cc7cae79ded	common_voice_gej_43292053.mp3	6acc5c93cf63d3b01cd059a56027512e8452234e7d4730b3f2ee597f9bbec715	Mi ge.		2	0					gej	
b8b64b238172873aa5b51b92f7135664c16d7d384dfc382cfd4982747c53e541032fe83b770400225720f551fcb2a9b273a351e01ed6297908140cc7cae79ded	common_voice_gej_43292054.mp3	b2c35699410157141cea5e2f8017b4f09a4f4580651012f3419f7f5790d56bed	Mu ge.		2	0					gej	
b8b64b238172873aa5b51b92f7135664c16d7d384dfc382cfd4982747c53e541032fe83b770400225720f551fcb2a9b273a351e01ed6297908140cc7cae79ded	common_voice_gej_43292055.mp3	bbb6ce521c3aa5836735e88d28530c8a6bad0ce9e93a11c9dbb9f8599f9fb403	Wo di woa to.		2	0					gej	
b8b64b238172873aa5b51b92f7135664c16d7d384dfc382cfd4982747c53e541032fe83b770400225720f551fcb2a9b273a351e01ed6297908140cc7cae79ded	common_voice_gej_43292061.mp3	cd6059df78f8142e0429996eae7146ab71debe900466d7b5c69c09473cd170b5	Memleda.		2	0					gej	
b8b64b238172873aa5b51b92f7135664c16d7d384dfc382cfd4982747c53e541032fe83b770400225720f551fcb2a9b273a351e01ed6297908140cc7cae79ded	common_voice_gej_43292062.mp3	c7978e807edfed79ced257c2da68ecbb83e0aa2bca98bf09f0f40009b8f2b92e	Flavi.		2	0					gej	
b8b64b238172873aa5b51b92f7135664c16d7d384dfc382cfd4982747c53e541032fe83b770400225720f551fcb2a9b273a351e01ed6297908140cc7cae79ded	common_voice_gej_43292063.mp3	c8a670779b6c8af9187f394dfe1c52a2a0f2104733a848a2cd1b2bfb7f284d61	Mi tana nu.		2	0					gej	
b8b64b238172873aa5b51b92f7135664c16d7d384dfc382cfd4982747c53e541032fe83b770400225720f551fcb2a9b273a351e01ed6297908140cc7cae79ded	common_voice_gej_43292064.mp3	c547e5a8b0c28361d43fb60d37674a40aacd4f900940280e44c41840b4ad733a	Gbevuvia le gakpame.		2	0					gej	
b8b64b238172873aa5b51b92f7135664c16d7d384dfc382cfd4982747c53e541032fe83b770400225720f551fcb2a9b273a351e01ed6297908140cc7cae79ded	common_voice_gej_43292070.mp3	50d4aa72c9c225508efa8a8c4914d6ef380b6e7cfbc317f3fd026d11bb8fd3f6	Mu me te.		3	0					gej	
b8b64b238172873aa5b51b92f7135664c16d7d384dfc382cfd4982747c53e541032fe83b770400225720f551fcb2a9b273a351e01ed6297908140cc7cae79ded	common_voice_gej_43292071.mp3	c44421d7397dd87836b68e139c32f6d5cdaf8478098329168a26b002b411e939	Ange.		2	0					gej	
b8b64b238172873aa5b51b92f7135664c16d7d384dfc382cfd4982747c53e541032fe83b770400225720f551fcb2a9b273a351e01ed6297908140cc7cae79ded	common_voice_gej_43292072.mp3	713476c3be07e5c60b7e20821f2be971cc26d76bf27918c51dcfff42e76ebb52	E jim.		2	0					gej	
b8b64b238172873aa5b51b92f7135664c16d7d384dfc382cfd4982747c53e541032fe83b770400225720f551fcb2a9b273a351e01ed6297908140cc7cae79ded	common_voice_gej_43292074.mp3	ba3c95e89183cd1863d68112d1b3549a240d85f8222a2b617c06f66d6bc1114d	Wo klo asi.		2	0					gej	
b8b64b238172873aa5b51b92f7135664c16d7d384dfc382cfd4982747c53e541032fe83b770400225720f551fcb2a9b273a351e01ed6297908140cc7cae79ded	common_voice_gej_43292088.mp3	9c2fb7ec3c76ecdf283af01fc4087e622f94d47e0bbecf0e4f5e29c45f23223d	Adesa.		3	0					gej	
b8b64b238172873aa5b51b92f7135664c16d7d384dfc382cfd4982747c53e541032fe83b770400225720f551fcb2a9b273a351e01ed6297908140cc7cae79ded	common_voice_gej_43292089.mp3	273b580dd57c17a89ea5d090ee36f784f37d4d6670564277f798c865fee56900	Biye nyi.		2	0					gej	
b8b64b238172873aa5b51b92f7135664c16d7d384dfc382cfd4982747c53e541032fe83b770400225720f551fcb2a9b273a351e01ed6297908140cc7cae79ded	common_voice_gej_43292090.mp3	be9a277945c98d1da906c19150eca503520504e82131b78e996818412e51d7df	Lokoti wa.		2	0					gej	
b8b64b238172873aa5b51b92f7135664c16d7d384dfc382cfd4982747c53e541032fe83b770400225720f551fcb2a9b273a351e01ed6297908140cc7cae79ded	common_voice_gej_43292091.mp3	a37e91572bd4cd011b355809e46a46c5151806cb35ca5271e82595133b6af2c0	Aklabi.		2	0					gej	
b8b64b238172873aa5b51b92f7135664c16d7d384dfc382cfd4982747c53e541032fe83b770400225720f551fcb2a9b273a351e01ed6297908140cc7cae79ded	common_voice_gej_43292092.mp3	c141010e34e1af5cbe9b9de454263a314d9c9cf98822f16d452df2e53e741c10	De vegble.		2	0					gej	
b8b64b238172873aa5b51b92f7135664c16d7d384dfc382cfd4982747c53e541032fe83b770400225720f551fcb2a9b273a351e01ed6297908140cc7cae79ded	common_voice_gej_43292123.mp3	a6af06ea112f2d78717a13383084ff6d0b07a5ab3bde4fd316181cc5d0aca698	Adugbo.		2	0					gej	
b8b64b238172873aa5b51b92f7135664c16d7d384dfc382cfd4982747c53e541032fe83b770400225720f551fcb2a9b273a351e01ed6297908140cc7cae79ded	common_voice_gej_43292124.mp3	c90abc2d7ea64b35ab8ee370d8f3b1d508c2bb3399a10feeb1151df60d75a9e4	Kaklo.		3	0					gej	
b8b64b238172873aa5b51b92f7135664c16d7d384dfc382cfd4982747c53e541032fe83b770400225720f551fcb2a9b273a351e01ed6297908140cc7cae79ded	common_voice_gej_43292125.mp3	50550af0f15ffa9c3d752dfa084c787d5fcdb6f67ce572328565d13b63a15cee	Enu wawo kpata le so mia nguto leke mi le gble jojomenuwo to miabe agbenonowo ji.		2	0					gej	
b8b64b238172873aa5b51b92f7135664c16d7d384dfc382cfd4982747c53e541032fe83b770400225720f551fcb2a9b273a351e01ed6297908140cc7cae79ded	common_voice_gej_43292128.mp3	6d1a1d3cb55f5cc81958741c538731d3160fcbcf32857bc59f4caeba19032c75	To.		3	0					gej	
b8b64b238172873aa5b51b92f7135664c16d7d384dfc382cfd4982747c53e541032fe83b770400225720f551fcb2a9b273a351e01ed6297908140cc7cae79ded	common_voice_gej_43292138.mp3	a28db3cadc34cb4f4413c91bf2ce2bf0b76c9c51ca5aafdd5a3e1374e515bf55	Afokpa he pempem.		3	0					gej	
b8b64b238172873aa5b51b92f7135664c16d7d384dfc382cfd4982747c53e541032fe83b770400225720f551fcb2a9b273a351e01ed6297908140cc7cae79ded	common_voice_gej_43292140.mp3	b4a4dcc287b7f6e2c8f18b9425a8290780c250401bd650ff2a10271585af7718	Do cici :		2	0					gej	
b8b64b238172873aa5b51b92f7135664c16d7d384dfc382cfd4982747c53e541032fe83b770400225720f551fcb2a9b273a351e01ed6297908140cc7cae79ded	common_voice_gej_43292141.mp3	9ac379fdc50dd2323c7b40158ce7788543e576ba0e3437e412113a849a6c1359	Enyi.		2	0					gej	
b8b64b238172873aa5b51b92f7135664c16d7d384dfc382cfd4982747c53e541032fe83b770400225720f551fcb2a9b273a351e01ed6297908140cc7cae79ded	common_voice_gej_43292142.mp3	cac05b93f50567f62cba643574ab8c74d07939abe3423487903331779bc4525e	Defafla.		2	0					gej	
b8b64b238172873aa5b51b92f7135664c16d7d384dfc382cfd4982747c53e541032fe83b770400225720f551fcb2a9b273a351e01ed6297908140cc7cae79ded	common_voice_gej_43292158.mp3	ac62f30ace78cbdbe70ce0be0aafb81af6044427255a9d9ac9507c05b47af966	Dido.		2	0					gej	
b8b64b238172873aa5b51b92f7135664c16d7d384dfc382cfd4982747c53e541032fe83b770400225720f551fcb2a9b273a351e01ed6297908140cc7cae79ded	common_voice_gej_43292159.mp3	9b8b8324fde6cbc278e625fb56241118cbaa1b6b4302867e0b45ec05c23f1cea	Awo.		2	0					gej	
b8b64b238172873aa5b51b92f7135664c16d7d384dfc382cfd4982747c53e541032fe83b770400225720f551fcb2a9b273a351e01ed6297908140cc7cae79ded	common_voice_gej_43292160.mp3	d093de7c40041eb9a0c50f611163c41b543ffa66d2b81ddb1a26611741fbb888	Wo va.		3	0					gej	
b8b64b238172873aa5b51b92f7135664c16d7d384dfc382cfd4982747c53e541032fe83b770400225720f551fcb2a9b273a351e01ed6297908140cc7cae79ded	common_voice_gej_43292162.mp3	716f2c34d04cbb2485baa22992907bd3937a31737645aa87b0227379f54f2790	Amekatakpotiwo.		3	0					gej	
b8b64b238172873aa5b51b92f7135664c16d7d384dfc382cfd4982747c53e541032fe83b770400225720f551fcb2a9b273a351e01ed6297908140cc7cae79ded	common_voice_gej_43292165.mp3	cf2546ab64146877d6551a1c3c820da030e9dae60dffe23b694454ebc6d1253b	Mi nya.		2	0					gej	
b8b64b238172873aa5b51b92f7135664c16d7d384dfc382cfd4982747c53e541032fe83b770400225720f551fcb2a9b273a351e01ed6297908140cc7cae79ded	common_voice_gej_43292167.mp3	86ca656edf0237476bd4d8e598e6172fda4185191798743341bb9cef51cf69dc	Agbapu.		2	0					gej	
b8b64b238172873aa5b51b92f7135664c16d7d384dfc382cfd4982747c53e541032fe83b770400225720f551fcb2a9b273a351e01ed6297908140cc7cae79ded	common_voice_gej_43292169.mp3	c113072bce6cabed19a67b3432573a71dc902d0c8a2d89d1520a95ca53952a17	Vetukpa.		2	0					gej	
b8b64b238172873aa5b51b92f7135664c16d7d384dfc382cfd4982747c53e541032fe83b770400225720f551fcb2a9b273a351e01ed6297908140cc7cae79ded	common_voice_gej_43292171.mp3	8eb3af3934a2dd1d1bbce05e9466b62b958899978e01271ffee81afe4c75f046	Dagbe ne va.		2	0					gej	
b8b64b238172873aa5b51b92f7135664c16d7d384dfc382cfd4982747c53e541032fe83b770400225720f551fcb2a9b273a351e01ed6297908140cc7cae79ded	common_voice_gej_43292172.mp3	bbfb48725e30432280d0a7ffcca5ae230d6bcc64d0a82f0f280bf7d4b59ee0d6	Ejo ji nam.		3	0					gej	
b8b64b238172873aa5b51b92f7135664c16d7d384dfc382cfd4982747c53e541032fe83b770400225720f551fcb2a9b273a351e01ed6297908140cc7cae79ded	common_voice_gej_43292179.mp3	c019690a35edde421dd5cd544c75bddf5703ae6fb0217b03317b0ca8a531becd	E da ade.		2	0					gej	
b8b64b238172873aa5b51b92f7135664c16d7d384dfc382cfd4982747c53e541032fe83b770400225720f551fcb2a9b273a351e01ed6297908140cc7cae79ded	common_voice_gej_43292181.mp3	8ada75f98ee4bc6d29ad0271337cce9db47e01cdd9f752be4a976741f6ebaac6	Aklito.		2	0					gej	
b8b64b238172873aa5b51b92f7135664c16d7d384dfc382cfd4982747c53e541032fe83b770400225720f551fcb2a9b273a351e01ed6297908140cc7cae79ded	common_voice_gej_43292183.mp3	afb011cec28be13ac4396b897719dc2617044998a3e5c614bf89ef12afd576c9	Gbogboe.		2	0					gej	
b8b64b238172873aa5b51b92f7135664c16d7d384dfc382cfd4982747c53e541032fe83b770400225720f551fcb2a9b273a351e01ed6297908140cc7cae79ded	common_voice_gej_43292186.mp3	3c6f07f10fae55e1a9a6c55e59f1f01fdf544cb0d85b6ce84a6fadf5ad80502c	Puxaxa.		3	0					gej	
b8b64b238172873aa5b51b92f7135664c16d7d384dfc382cfd4982747c53e541032fe83b770400225720f551fcb2a9b273a351e01ed6297908140cc7cae79ded	common_voice_gej_43292189.mp3	b61ae464efbdf20f211628e5d283e706b3d4abc04ca117f568f98d586c782751	Kotokuasideke.		2	0					gej	
b8b64b238172873aa5b51b92f7135664c16d7d384dfc382cfd4982747c53e541032fe83b770400225720f551fcb2a9b273a351e01ed6297908140cc7cae79ded	common_voice_gej_43292198.mp3	1f3a7191c281035cf6794aa66988d2199212118cf281dcc7b44afd455d6fa691	Tameseto wa.		2	0					gej	
b8b64b238172873aa5b51b92f7135664c16d7d384dfc382cfd4982747c53e541032fe83b770400225720f551fcb2a9b273a351e01ed6297908140cc7cae79ded	common_voice_gej_43292199.mp3	5546b9dd4e1a9ad0652bc510ba876e6134667a90109666438c04cbeea2d80b44	Jodavi.		2	0					gej	
b8b64b238172873aa5b51b92f7135664c16d7d384dfc382cfd4982747c53e541032fe83b770400225720f551fcb2a9b273a351e01ed6297908140cc7cae79ded	common_voice_gej_43292201.mp3	9349a1868463938915467a8718d2678ba3ade08391cd34be2816982fe2b3dc47	Gangkokoe.		2	0					gej	
b8b64b238172873aa5b51b92f7135664c16d7d384dfc382cfd4982747c53e541032fe83b770400225720f551fcb2a9b273a351e01ed6297908140cc7cae79ded	common_voice_gej_43292202.mp3	98d2a82030f7db18d2f72fc5deafafd06ee9f72dc88ebd0c126d8086c72bac93	Yekeyeke a le hoe fiofiofio.		2	0					gej	
b8b64b238172873aa5b51b92f7135664c16d7d384dfc382cfd4982747c53e541032fe83b770400225720f551fcb2a9b273a351e01ed6297908140cc7cae79ded	common_voice_gej_43292208.mp3	171d9715d27b810f47fbbd1813c3845322e83b529acd65f0648ecdbdac2766a9	Ami vava.		2	0					gej	
b8b64b238172873aa5b51b92f7135664c16d7d384dfc382cfd4982747c53e541032fe83b770400225720f551fcb2a9b273a351e01ed6297908140cc7cae79ded	common_voice_gej_43292209.mp3	ac88b95fbf5fb7ec8d306e8c1ca759a8a22a418902bf3b50ec6f5fd7525b3917	Ejo ji na mu nguto.		2	0					gej	
b8b64b238172873aa5b51b92f7135664c16d7d384dfc382cfd4982747c53e541032fe83b770400225720f551fcb2a9b273a351e01ed6297908140cc7cae79ded	common_voice_gej_43292210.mp3	5880f731c6bca4b1d3d84dc2958368e62e3efed479f5437bea67018d38d3fd33	Abito.		2	0					gej	
b8b64b238172873aa5b51b92f7135664c16d7d384dfc382cfd4982747c53e541032fe83b770400225720f551fcb2a9b273a351e01ed6297908140cc7cae79ded	common_voice_gej_43292213.mp3	bdadc3fdd53b6e7b14b3d41524763c26d6424cc6f3608a060f255b2d66af95c6	Xevi.		2	0					gej	
b8b64b238172873aa5b51b92f7135664c16d7d384dfc382cfd4982747c53e541032fe83b770400225720f551fcb2a9b273a351e01ed6297908140cc7cae79ded	common_voice_gej_43292219.mp3	55114a8d7ec208b650f0e2d65069abeae4e2bdf38839e23966aaf7e48df83c2e	Mu le ji laboko.		2	0					gej	
b8b64b238172873aa5b51b92f7135664c16d7d384dfc382cfd4982747c53e541032fe83b770400225720f551fcb2a9b273a351e01ed6297908140cc7cae79ded	common_voice_gej_43292220.mp3	877e34de81c830777e04320099ee465b11376b54d3e9bb9f0b21c277db9710b1	Ci akongugo.		2	0					gej	
b8b64b238172873aa5b51b92f7135664c16d7d384dfc382cfd4982747c53e541032fe83b770400225720f551fcb2a9b273a351e01ed6297908140cc7cae79ded	common_voice_gej_43292222.mp3	8c180050e9daf40d9661971cdc84c77d892b24022ac738f3799180323ae01cc1	Mi le si.		2	0					gej	
b8b64b238172873aa5b51b92f7135664c16d7d384dfc382cfd4982747c53e541032fe83b770400225720f551fcb2a9b273a351e01ed6297908140cc7cae79ded	common_voice_gej_43292224.mp3	c73567388f7b5e066652be78d16eab4f0dc011a74163f4ba710074aa195c85d0	Kplo.		2	0					gej	
b8b64b238172873aa5b51b92f7135664c16d7d384dfc382cfd4982747c53e541032fe83b770400225720f551fcb2a9b273a351e01ed6297908140cc7cae79ded	common_voice_gej_43292232.mp3	6b6af790ee9210657d9b8dbd8640c9d24d4f1004bd221498c1bd72b0897b9837	Gbevuviawo le gakpame.		2	0					gej	
b8b64b238172873aa5b51b92f7135664c16d7d384dfc382cfd4982747c53e541032fe83b770400225720f551fcb2a9b273a351e01ed6297908140cc7cae79ded	common_voice_gej_43292233.mp3	67bd66208721d21876f9e5b8a070fd58b5441e455e8e6d051f446adec56e51e1	Ka ve.		2	0					gej	
b8b64b238172873aa5b51b92f7135664c16d7d384dfc382cfd4982747c53e541032fe83b770400225720f551fcb2a9b273a351e01ed6297908140cc7cae79ded	common_voice_gej_43292234.mp3	b1fffdfd53aecf1e77003d1d6447838c88cb73833f1649553ad2764f00a532c8	Ataviyovi.		2	0					gej	
b8b64b238172873aa5b51b92f7135664c16d7d384dfc382cfd4982747c53e541032fe83b770400225720f551fcb2a9b273a351e01ed6297908140cc7cae79ded	common_voice_gej_43292235.mp3	ae4c91e2531bea65ee3cd2aac08fd3684dc6a5ca1eba1f0b19fe455e966a9e6f	Botokoe.		3	0					gej	
b8b64b238172873aa5b51b92f7135664c16d7d384dfc382cfd4982747c53e541032fe83b770400225720f551fcb2a9b273a351e01ed6297908140cc7cae79ded	common_voice_gej_43292236.mp3	81950be4274d0a9777c929ca61f8e37aff6fd1dbb56d9fc49e6727b9813729fa	Kuefade.		2	0					gej	
b8b64b238172873aa5b51b92f7135664c16d7d384dfc382cfd4982747c53e541032fe83b770400225720f551fcb2a9b273a351e01ed6297908140cc7cae79ded	common_voice_gej_43292248.mp3	c4c9986017c5af05211ec3cd3429764696f25a6e322eda97faec50e99f0f6428	Bli meme.		2	0					gej	
b8b64b238172873aa5b51b92f7135664c16d7d384dfc382cfd4982747c53e541032fe83b770400225720f551fcb2a9b273a351e01ed6297908140cc7cae79ded	common_voice_gej_43292250.mp3	b52978cc622b6e13ab28658e2fac2223efba98fcdbfd769aac0522970dad680e	Akovi no anyi kpoo so asi do agla.		2	0					gej	
b8b64b238172873aa5b51b92f7135664c16d7d384dfc382cfd4982747c53e541032fe83b770400225720f551fcb2a9b273a351e01ed6297908140cc7cae79ded	common_voice_gej_43292253.mp3	eb8f5e6c9fec2c71c3da880555dcdbf7fe80f68f1ffe14d076b4be2b4eb5f138	Game su.		2	0					gej	
b8b64b238172873aa5b51b92f7135664c16d7d384dfc382cfd4982747c53e541032fe83b770400225720f551fcb2a9b273a351e01ed6297908140cc7cae79ded	common_voice_gej_43292255.mp3	ca0eb9239e98f3ca881a4e66950b9067c941e599990ad5061a2037fc4605827c	Saxe vi.		2	0					gej	
b8b64b238172873aa5b51b92f7135664c16d7d384dfc382cfd4982747c53e541032fe83b770400225720f551fcb2a9b273a351e01ed6297908140cc7cae79ded	common_voice_gej_43292267.mp3	7d6a5bb187c87b3acde2a478a68a97144a7a64327574f2f277c695a8f327955d	Adongglo.		2	0					gej	
b8b64b238172873aa5b51b92f7135664c16d7d384dfc382cfd4982747c53e541032fe83b770400225720f551fcb2a9b273a351e01ed6297908140cc7cae79ded	common_voice_gej_43292273.mp3	b8c2a5f80557e8b717aa46187b1814fea67a35b10b42d698b2540127e5bfb989	De mo na mu mia so kotawo deka deka.		2	0					gej	
b8b64b238172873aa5b51b92f7135664c16d7d384dfc382cfd4982747c53e541032fe83b770400225720f551fcb2a9b273a351e01ed6297908140cc7cae79ded	common_voice_gej_43292275.mp3	8be4d5079f497feaf641568a3daa25b1519e45cfe20a1bc67f9547b2ac57b4b6	Amakpa enyi.		2	0					gej	
b8b64b238172873aa5b51b92f7135664c16d7d384dfc382cfd4982747c53e541032fe83b770400225720f551fcb2a9b273a351e01ed6297908140cc7cae79ded	common_voice_gej_43292288.mp3	bf41f0d6f50c9f399925db5b563cd8b91ae7220bf99c1e840480de50926a1875	Wo je sim.		2	0					gej	
b8b64b238172873aa5b51b92f7135664c16d7d384dfc382cfd4982747c53e541032fe83b770400225720f551fcb2a9b273a351e01ed6297908140cc7cae79ded	common_voice_gej_43292289.mp3	8ffa0b11ac748de2fbbc98de5f3f471fc09b9e0cea030dfa828af786e059ed65	Evo.		2	0					gej	
b8b64b238172873aa5b51b92f7135664c16d7d384dfc382cfd4982747c53e541032fe83b770400225720f551fcb2a9b273a351e01ed6297908140cc7cae79ded	common_voice_gej_43292290.mp3	c873a08f94d2bd29a7440ecd1bf1e44e8f7b81cd81673db9e55e993bbfb53550	Foli be podo le loto.		3	0					gej	
b8b64b238172873aa5b51b92f7135664c16d7d384dfc382cfd4982747c53e541032fe83b770400225720f551fcb2a9b273a351e01ed6297908140cc7cae79ded	common_voice_gej_43292291.mp3	7f4d20f4676d1b8f5ae765c5585fc85eb352325b5d7864cd6ee672c56ed82295	Mu le fa na wo a vo a wo mu le so de le eme o.		2	0					gej	
b8b64b238172873aa5b51b92f7135664c16d7d384dfc382cfd4982747c53e541032fe83b770400225720f551fcb2a9b273a351e01ed6297908140cc7cae79ded	common_voice_gej_43292300.mp3	ce18e784f16a893986e714dbc5ae3a8a30fb684d37edac4e6e6a0a059799d314	Ada.		2	0					gej	
b8b64b238172873aa5b51b92f7135664c16d7d384dfc382cfd4982747c53e541032fe83b770400225720f551fcb2a9b273a351e01ed6297908140cc7cae79ded	common_voice_gej_43292301.mp3	97e0239bbc2c97a806fc3e95d557acdddf68f140bfa496f19ca61ff15f2e89c1	Ka afa.		2	0					gej	
b8b64b238172873aa5b51b92f7135664c16d7d384dfc382cfd4982747c53e541032fe83b770400225720f551fcb2a9b273a351e01ed6297908140cc7cae79ded	common_voice_gej_43292302.mp3	a954fc169c4d08e7aa4da7fe0b0aab5a31b93c5d45b7be4ff1e1ab4f1bf782c4	Nukpakpla nyo nguuto.		2	0					gej	
b8b64b238172873aa5b51b92f7135664c16d7d384dfc382cfd4982747c53e541032fe83b770400225720f551fcb2a9b273a351e01ed6297908140cc7cae79ded	common_voice_gej_43292303.mp3	beb14f3147ae5dabb9c24f465b39c28d1e94e9f0ac4c381f0085034c3347201f	E gbo.		2	0					gej	
b8b64b238172873aa5b51b92f7135664c16d7d384dfc382cfd4982747c53e541032fe83b770400225720f551fcb2a9b273a351e01ed6297908140cc7cae79ded	common_voice_gej_43292304.mp3	bd94ad73c2d40137791735d30d093659806a3a936525c3f95b3cb31c307661ea	E klo asi.		2	0					gej	
b8b64b238172873aa5b51b92f7135664c16d7d384dfc382cfd4982747c53e541032fe83b770400225720f551fcb2a9b273a351e01ed6297908140cc7cae79ded	common_voice_gej_43292321.mp3	d203d81881834f40f63c9b56d9e64460e4d0ab2a153a01537acb1bdacec2d16e	Xo se.		2	0					gej	
b8b64b238172873aa5b51b92f7135664c16d7d384dfc382cfd4982747c53e541032fe83b770400225720f551fcb2a9b273a351e01ed6297908140cc7cae79ded	common_voice_gej_43292322.mp3	43f52816fc3e0d37c2834042874a52c03a0da6fcc23f5534eb26c859cf12e0b9	Mi klo asi.		2	0					gej	
b8b64b238172873aa5b51b92f7135664c16d7d384dfc382cfd4982747c53e541032fe83b770400225720f551fcb2a9b273a351e01ed6297908140cc7cae79ded	common_voice_gej_43292323.mp3	c3d5001240906a149e7e4ad619e064b98d1b31c5ab5b2e5e724263db01f85d0b	Agbadede.		2	0					gej	
b8b64b238172873aa5b51b92f7135664c16d7d384dfc382cfd4982747c53e541032fe83b770400225720f551fcb2a9b273a351e01ed6297908140cc7cae79ded	common_voice_gej_43292324.mp3	bb1bb9d23dcd3f5755405c5a99e9928c6687604be962552017a81a36f08eb0bb	Klo.		2	0					gej	
b8b64b238172873aa5b51b92f7135664c16d7d384dfc382cfd4982747c53e541032fe83b770400225720f551fcb2a9b273a351e01ed6297908140cc7cae79ded	common_voice_gej_43292350.mp3	8a58580b44e3f8d7ac49c1166d5c1920ba09e9ff3865a20a1e613e61cefbca42	Vevedonu.		2	0					gej	
b8b64b238172873aa5b51b92f7135664c16d7d384dfc382cfd4982747c53e541032fe83b770400225720f551fcb2a9b273a351e01ed6297908140cc7cae79ded	common_voice_gej_43292351.mp3	b9556de9e62a0bd0d939563ac13890a56ee9ec8fb7ea6e260e6d699e326551cf	Mu ji ha.		2	0					gej	
b8b64b238172873aa5b51b92f7135664c16d7d384dfc382cfd4982747c53e541032fe83b770400225720f551fcb2a9b273a351e01ed6297908140cc7cae79ded	common_voice_gej_43292394.mp3	26572e944470792c05ffa9532ced649cabad40acf20f1ce1d77c3e8d7b1ffef1	Kukudo.		2	0					gej	
b8b64b238172873aa5b51b92f7135664c16d7d384dfc382cfd4982747c53e541032fe83b770400225720f551fcb2a9b273a351e01ed6297908140cc7cae79ded	common_voice_gej_43292396.mp3	af95c6502b914f2c4365c1cd3dfb25e029d463de3a5dbee465c07061beda9cde	Droyii droyii.		2	0					gej	
b8b64b238172873aa5b51b92f7135664c16d7d384dfc382cfd4982747c53e541032fe83b770400225720f551fcb2a9b273a351e01ed6297908140cc7cae79ded	common_voice_gej_43292397.mp3	c967fb5847c04c9970454e74cc9ac93e3dded743743468b407cce92060496f07	Mu klo nume.		2	0					gej	
b8b64b238172873aa5b51b92f7135664c16d7d384dfc382cfd4982747c53e541032fe83b770400225720f551fcb2a9b273a351e01ed6297908140cc7cae79ded	common_voice_gej_43292398.mp3	7a6ac38ef18e89ea723949d74429e675968b377efda7b472570cc9dc320bef25	Apujihukuto.		2	0					gej	
b8b64b238172873aa5b51b92f7135664c16d7d384dfc382cfd4982747c53e541032fe83b770400225720f551fcb2a9b273a351e01ed6297908140cc7cae79ded	common_voice_gej_43292409.mp3	570fc54d50279df1dee0e1d0ef2bd56bde0bcbfe6d1fb098ddcf8262a1e4b9dd	Tameseto.		2	0					gej	
b8b64b238172873aa5b51b92f7135664c16d7d384dfc382cfd4982747c53e541032fe83b770400225720f551fcb2a9b273a351e01ed6297908140cc7cae79ded	common_voice_gej_43292411.mp3	9bfede527ee9ed7a01f8eff5891e331e516f16edec5fd898022fbc125e466dd1	Jime pu.		2	0					gej	
b8b64b238172873aa5b51b92f7135664c16d7d384dfc382cfd4982747c53e541032fe83b770400225720f551fcb2a9b273a351e01ed6297908140cc7cae79ded	common_voice_gej_43292412.mp3	a05b14e31a31f8985ffb5d3eec192e8916c051db96d295109c49c8ffda58f991	Tasi mu di kokoe na amewo le ko a me.		2	0					gej	
b8b64b238172873aa5b51b92f7135664c16d7d384dfc382cfd4982747c53e541032fe83b770400225720f551fcb2a9b273a351e01ed6297908140cc7cae79ded	common_voice_gej_43292413.mp3	a86a2d1e4b303aa2b2283b65fe7b457558a43d51927ef6806f7337dfcff15d75	Nyonumengutidowoto.		2	0					gej	
b8b64b238172873aa5b51b92f7135664c16d7d384dfc382cfd4982747c53e541032fe83b770400225720f551fcb2a9b273a351e01ed6297908140cc7cae79ded	common_voice_gej_43292416.mp3	d3ecc2e2014bd59f200cbf073da24c7cd9cfde065ae62a2f538c107ad5fd72c9	Blobloblo.		2	0					gej	
b8b64b238172873aa5b51b92f7135664c16d7d384dfc382cfd4982747c53e541032fe83b770400225720f551fcb2a9b273a351e01ed6297908140cc7cae79ded	common_voice_gej_43292418.mp3	b4e6345e8c7610bbea5281b6234f6111a2db210ff6cf1057aa71e5af890112df	Wo da nu.		2	0					gej	
b8b64b238172873aa5b51b92f7135664c16d7d384dfc382cfd4982747c53e541032fe83b770400225720f551fcb2a9b273a351e01ed6297908140cc7cae79ded	common_voice_gej_43292420.mp3	639c75ef1b9f8ec5c9501e500dc1b733e228411a709a268ec155f84e5ca6444a	Dediadia.		2	0					gej	
b8b64b238172873aa5b51b92f7135664c16d7d384dfc382cfd4982747c53e541032fe83b770400225720f551fcb2a9b273a351e01ed6297908140cc7cae79ded	common_voice_gej_43292422.mp3	d762ddc286d4265e06b9e61f2cce55cf5f7b88405451a4d788ab7472fce5b944	Helu.		2	0					gej	
b8b64b238172873aa5b51b92f7135664c16d7d384dfc382cfd4982747c53e541032fe83b770400225720f551fcb2a9b273a351e01ed6297908140cc7cae79ded	common_voice_gej_43292430.mp3	af2f0226810ce91908515cea90ca81e9e7823b14ae4d2510a4ebb27116b69979	Kota ke me wo so ?		2	0					gej	
b8b64b238172873aa5b51b92f7135664c16d7d384dfc382cfd4982747c53e541032fe83b770400225720f551fcb2a9b273a351e01ed6297908140cc7cae79ded	common_voice_gej_43292432.mp3	c71eed2c5711820d55fd27e705a1ad2a28ad1190ddefb966ac25c0688970091e	Kpenyigba.		2	0					gej	
b8b64b238172873aa5b51b92f7135664c16d7d384dfc382cfd4982747c53e541032fe83b770400225720f551fcb2a9b273a351e01ed6297908140cc7cae79ded	common_voice_gej_43292436.mp3	ab6420b7a0f705c7fb176e5abc26026b42b816638c980cbd45c8bd228863a164	Ka ve ci ne.		3	0					gej	
b8b64b238172873aa5b51b92f7135664c16d7d384dfc382cfd4982747c53e541032fe83b770400225720f551fcb2a9b273a351e01ed6297908140cc7cae79ded	common_voice_gej_43292439.mp3	4463989110fcccac0c04cf15dc73601cff8a25b6615b7e49918118d2f99023cf	Nonye mu le so so o.		2	0					gej	
b8b64b238172873aa5b51b92f7135664c16d7d384dfc382cfd4982747c53e541032fe83b770400225720f551fcb2a9b273a351e01ed6297908140cc7cae79ded	common_voice_gej_43292440.mp3	9e8f9954a39d5997df9ad6208cde18af2065a12975ce52c42d0f074aee5c7f1d	Wo du ji.		2	0					gej	
b8b64b238172873aa5b51b92f7135664c16d7d384dfc382cfd4982747c53e541032fe83b770400225720f551fcb2a9b273a351e01ed6297908140cc7cae79ded	common_voice_gej_43292441.mp3	9a76b5c8bc0d0c04394c411a49c7950ac9fe994b702d96e5a540bd039ed820ba	Lo.		3	0					gej	
b8b64b238172873aa5b51b92f7135664c16d7d384dfc382cfd4982747c53e541032fe83b770400225720f551fcb2a9b273a351e01ed6297908140cc7cae79ded	common_voice_gej_43292443.mp3	d4c063dabdd6099f9bf9ffea4a9b441b9a5f8827468d3e664e6fe7bcc9e22e97	Wi vo ve.		2	0					gej	
b8b64b238172873aa5b51b92f7135664c16d7d384dfc382cfd4982747c53e541032fe83b770400225720f551fcb2a9b273a351e01ed6297908140cc7cae79ded	common_voice_gej_43292447.mp3	a0f7e25bb2c6a8c9bb118e4cb73edffd8807805af3f7d1858b0e10e28c968f3e	Dime.		2	1					gej	
b8b64b238172873aa5b51b92f7135664c16d7d384dfc382cfd4982747c53e541032fe83b770400225720f551fcb2a9b273a351e01ed6297908140cc7cae79ded	common_voice_gej_43292448.mp3	ce9a8ae67fd33e097858e65a68a9efcca003ac30d42f59e1859e4923f0557a1f	Kotoku ka takpo.		2	0					gej	
b8b64b238172873aa5b51b92f7135664c16d7d384dfc382cfd4982747c53e541032fe83b770400225720f551fcb2a9b273a351e01ed6297908140cc7cae79ded	common_voice_gej_43292452.mp3	46fcf98cf7e2825a2369e54abd84a7faec52a2c99383f8bb4635ce56ed3bfcfe	Agbamedesi.		2	0					gej	
b8b64b238172873aa5b51b92f7135664c16d7d384dfc382cfd4982747c53e541032fe83b770400225720f551fcb2a9b273a351e01ed6297908140cc7cae79ded	common_voice_gej_43292453.mp3	ac2edeab46e19ac6ad85f14ea9cf647ef6c61c7e686817c1e68273fe093476ac	Atukpa wawo.		2	0					gej	
b8b64b238172873aa5b51b92f7135664c16d7d384dfc382cfd4982747c53e541032fe83b770400225720f551fcb2a9b273a351e01ed6297908140cc7cae79ded	common_voice_gej_43292459.mp3	cf79c6e87d6dd41bdc772cbb0f69aea88ad69b54e8b05c69795e6963c44e7008	So apublo.		2	0					gej	
b8b64b238172873aa5b51b92f7135664c16d7d384dfc382cfd4982747c53e541032fe83b770400225720f551fcb2a9b273a351e01ed6297908140cc7cae79ded	common_voice_gej_43292460.mp3	c560a3e6710584397fb692bcffef00cacd2c6427f79166a6f6b7d1f508a8480a	Kotokuenyi.		2	0					gej	
b8b64b238172873aa5b51b92f7135664c16d7d384dfc382cfd4982747c53e541032fe83b770400225720f551fcb2a9b273a351e01ed6297908140cc7cae79ded	common_voice_gej_43292461.mp3	5fc262fed53a321136eca3dcc393a5f5b6619b2ad7c143add9281c891a2e1e2d	Wo tro.		2	0					gej	
b8b64b238172873aa5b51b92f7135664c16d7d384dfc382cfd4982747c53e541032fe83b770400225720f551fcb2a9b273a351e01ed6297908140cc7cae79ded	common_voice_gej_43292462.mp3	b847c5b2c0cce6df0d9c3e3436dedbb1f83ed7dacd3bce87ff26fea5a76a679b	Aglago.		2	0					gej	
b8b64b238172873aa5b51b92f7135664c16d7d384dfc382cfd4982747c53e541032fe83b770400225720f551fcb2a9b273a351e01ed6297908140cc7cae79ded	common_voice_gej_43292463.mp3	db3ebf0399d4d7ee2485067328c33128c7ed070146f937eeb95d49a610eb49f9	De fesu.		2	0					gej	
b8b64b238172873aa5b51b92f7135664c16d7d384dfc382cfd4982747c53e541032fe83b770400225720f551fcb2a9b273a351e01ed6297908140cc7cae79ded	common_voice_gej_43292479.mp3	911b291dadfb49c74d8438009a275541f14cd5f3f38d1f339f69184ce1a87bc4	Wo do ngku.		2	0					gej	
b8b64b238172873aa5b51b92f7135664c16d7d384dfc382cfd4982747c53e541032fe83b770400225720f551fcb2a9b273a351e01ed6297908140cc7cae79ded	common_voice_gej_43292480.mp3	6848ce2d5a5261688229312a54435191a8ce84a32d71684b9a0ec4c4b8beb7d3	Eji le ja sugbo, nye ma teng va o.		2	0					gej	
b8b64b238172873aa5b51b92f7135664c16d7d384dfc382cfd4982747c53e541032fe83b770400225720f551fcb2a9b273a351e01ed6297908140cc7cae79ded	common_voice_gej_43292481.mp3	c4654e1beb13e3548037044999f0aa41b3a2b0a49a9f1a855e2e768fc12b0682	Mi dena susu so gbedidiwo, nyatiwo nyagbewo, nyawo be gomesese, ku buwo nguti.		2	0					gej	
b8b64b238172873aa5b51b92f7135664c16d7d384dfc382cfd4982747c53e541032fe83b770400225720f551fcb2a9b273a351e01ed6297908140cc7cae79ded	common_voice_gej_43292482.mp3	83301c152322f916bcac482374435aab873c46c08d011c9b509054ef096ef375	Xevidewo.		2	1					gej	
b8b64b238172873aa5b51b92f7135664c16d7d384dfc382cfd4982747c53e541032fe83b770400225720f551fcb2a9b273a351e01ed6297908140cc7cae79ded	common_voice_gej_43292803.mp3	a499a50024e23cc42b5a28f51e9a301a9944a7879d19c62b6801912211f00c69	Le si.		3	0					gej	
b8b64b238172873aa5b51b92f7135664c16d7d384dfc382cfd4982747c53e541032fe83b770400225720f551fcb2a9b273a351e01ed6297908140cc7cae79ded	common_voice_gej_43292804.mp3	bd9748245f2984ac6858d2e5ae57e37efe8b9c078ae8dca807f8af060f832f2c	Bla weci.		2	0					gej	
b8b64b238172873aa5b51b92f7135664c16d7d384dfc382cfd4982747c53e541032fe83b770400225720f551fcb2a9b273a351e01ed6297908140cc7cae79ded	common_voice_gej_43292805.mp3	bfd23f0b46aa1374d6c20718dafe06bac6ffdf231ccb8ba368dee740f7186113	Mi dena adangu so gbewo nguti.		2	0					gej	
b8b64b238172873aa5b51b92f7135664c16d7d384dfc382cfd4982747c53e541032fe83b770400225720f551fcb2a9b273a351e01ed6297908140cc7cae79ded	common_voice_gej_43292806.mp3	d51738daf1b6872ab40d1084478e46e54ae4568c9669d01b3d6611690a4674d4	Nyine.		2	0					gej	
b8b64b238172873aa5b51b92f7135664c16d7d384dfc382cfd4982747c53e541032fe83b770400225720f551fcb2a9b273a351e01ed6297908140cc7cae79ded	common_voice_gej_43292817.mp3	d82d7223dc43a3e06e21d8f8cc0789f0b9558901bba21df178538af95d6688c1	Vovo.		2	0					gej	
b8b64b238172873aa5b51b92f7135664c16d7d384dfc382cfd4982747c53e541032fe83b770400225720f551fcb2a9b273a351e01ed6297908140cc7cae79ded	common_voice_gej_43292822.mp3	aae661ab48651b0c3aba7c7569bc3bdb58f74ba2a3bf4ba28c2ab47891adaa2c	Kopuwocapecapevevesese.		2	0					gej	
b8b64b238172873aa5b51b92f7135664c16d7d384dfc382cfd4982747c53e541032fe83b770400225720f551fcb2a9b273a351e01ed6297908140cc7cae79ded	common_voice_gej_43292827.mp3	a43e1d96f70ad06d9b4e438b93ec48878ed3a2edb8e9a334f61280c4320c8786	Abo.		2	0					gej	
b8b64b238172873aa5b51b92f7135664c16d7d384dfc382cfd4982747c53e541032fe83b770400225720f551fcb2a9b273a351e01ed6297908140cc7cae79ded	common_voice_gej_43292830.mp3	7fd2555b82e8d5560df599c40ee388c103f75f95cc3a37db9c663ce486f544ce	Xo abi.		3	0					gej	
b8b64b238172873aa5b51b92f7135664c16d7d384dfc382cfd4982747c53e541032fe83b770400225720f551fcb2a9b273a351e01ed6297908140cc7cae79ded	common_voice_gej_43292854.mp3	8d0c2fd30a1016dc221a8922b73a8a84f4fb1611ef4ab0d4b5449a1bd09a3bef	Do adi si me.		2	0					gej	
b8b64b238172873aa5b51b92f7135664c16d7d384dfc382cfd4982747c53e541032fe83b770400225720f551fcb2a9b273a351e01ed6297908140cc7cae79ded	common_voice_gej_43292855.mp3	c6a6f92ff2e555b8a53ad73ad7bce9db16cdd11134065085098080ce4c07b4cb	Dukploto a.		2	0					gej	
b8b64b238172873aa5b51b92f7135664c16d7d384dfc382cfd4982747c53e541032fe83b770400225720f551fcb2a9b273a351e01ed6297908140cc7cae79ded	common_voice_gej_43292856.mp3	d0e0f81b3080e96d08b77168410977c045dcb40cb9dee84fe521352bdf6a33e8	Wale na mi loo.		3	0					gej	
b8b64b238172873aa5b51b92f7135664c16d7d384dfc382cfd4982747c53e541032fe83b770400225720f551fcb2a9b273a351e01ed6297908140cc7cae79ded	common_voice_gej_43292857.mp3	d767f690bbde7931e502a606927bfcc0dcc3b2b89f6663437fab54e5a1b519c2	Dugame.		3	0					gej	
b8b64b238172873aa5b51b92f7135664c16d7d384dfc382cfd4982747c53e541032fe83b770400225720f551fcb2a9b273a351e01ed6297908140cc7cae79ded	common_voice_gej_43292858.mp3	c2e032dcdc05ff4b2287dd6b82e528c82d3de11924ff4a92e5d0b55bfdf9501c	Fifi a nene wo la ple wo o.		2	0					gej	
b8b64b238172873aa5b51b92f7135664c16d7d384dfc382cfd4982747c53e541032fe83b770400225720f551fcb2a9b273a351e01ed6297908140cc7cae79ded	common_voice_gej_43292887.mp3	c372d99491dc3434eb1dfd131dc0ac49b69c5a9bc7a3473ce191e35d49ed2cb2	Nukplokplo.		2	0					gej	
b8b64b238172873aa5b51b92f7135664c16d7d384dfc382cfd4982747c53e541032fe83b770400225720f551fcb2a9b273a351e01ed6297908140cc7cae79ded	common_voice_gej_43292892.mp3	2769bf1efca5014c749e921c67edbd7bd60e587e3ec0a5adc809e685077b04cd	Vesu.		2	0					gej	
b8b64b238172873aa5b51b92f7135664c16d7d384dfc382cfd4982747c53e541032fe83b770400225720f551fcb2a9b273a351e01ed6297908140cc7cae79ded	common_voice_gej_43292893.mp3	95bf25da951f7fd324099e8cca7a0056f08cfa55b8405cad5b6921b85cc182b4	Detikpa.		2	0					gej	
b8b64b238172873aa5b51b92f7135664c16d7d384dfc382cfd4982747c53e541032fe83b770400225720f551fcb2a9b273a351e01ed6297908140cc7cae79ded	common_voice_gej_43292904.mp3	ccb398dcaab38425b4f0da386b020a23f240b96bacc3f70988e1418f53b179e3	Yi nugodo.		2	0					gej	
b8b64b238172873aa5b51b92f7135664c16d7d384dfc382cfd4982747c53e541032fe83b770400225720f551fcb2a9b273a351e01ed6297908140cc7cae79ded	common_voice_gej_43292905.mp3	bd2c1ddbe14399870b8edbcd0c6264086fdb9dc8a982f616dbc0199ae7376066	Wo kpo dokoewo ji.		3	0					gej	
b8b64b238172873aa5b51b92f7135664c16d7d384dfc382cfd4982747c53e541032fe83b770400225720f551fcb2a9b273a351e01ed6297908140cc7cae79ded	common_voice_gej_43292907.mp3	deaa6862e471504788154bdd4f412a2f67776d6c3e194507c9a04b861de23be8	Ela ci kpo.		3	0					gej	
b8b64b238172873aa5b51b92f7135664c16d7d384dfc382cfd4982747c53e541032fe83b770400225720f551fcb2a9b273a351e01ed6297908140cc7cae79ded	common_voice_gej_43292908.mp3	7c5c89901ddda7be103b7ff407ffa3bee28e99deae420fb50e946a521aff9ce6	Dokplavi.		2	0					gej	
b8b64b238172873aa5b51b92f7135664c16d7d384dfc382cfd4982747c53e541032fe83b770400225720f551fcb2a9b273a351e01ed6297908140cc7cae79ded	common_voice_gej_43292914.mp3	ddb5bf652ee2d09224595e77fb1a794fabbac16100f78f80b120438d025752ec	Mu ji vi.		2	0					gej	
b8b64b238172873aa5b51b92f7135664c16d7d384dfc382cfd4982747c53e541032fe83b770400225720f551fcb2a9b273a351e01ed6297908140cc7cae79ded	common_voice_gej_43292916.mp3	97b090f0e6c8620c2796ae167932f4d03a4cffa1e36c1a2cf89b8c483fbd320e	Mi poe.		2	0					gej	
b8b64b238172873aa5b51b92f7135664c16d7d384dfc382cfd4982747c53e541032fe83b770400225720f551fcb2a9b273a351e01ed6297908140cc7cae79ded	common_voice_gej_43292917.mp3	73dacb2ae3d15b2c9c0a47e18adafe5a7fb25b4045f523dce64fee5c2ec6fb88	Nutotowawo.		2	0					gej	
b8b64b238172873aa5b51b92f7135664c16d7d384dfc382cfd4982747c53e541032fe83b770400225720f551fcb2a9b273a351e01ed6297908140cc7cae79ded	common_voice_gej_43292918.mp3	bc3e77fa1a021f9ce09f9d78a5258a754b5138030079f2756e154eecc23e8f7b	Kawuivoato ti ve.		2	0					gej	
b8b64b238172873aa5b51b92f7135664c16d7d384dfc382cfd4982747c53e541032fe83b770400225720f551fcb2a9b273a351e01ed6297908140cc7cae79ded	common_voice_gej_43292919.mp3	b6e2be0445e020eacadae508073d3114eee5d7650c3da43b41562b113f7fa29f	Gbi.		2	0					gej	
b8b64b238172873aa5b51b92f7135664c16d7d384dfc382cfd4982747c53e541032fe83b770400225720f551fcb2a9b273a351e01ed6297908140cc7cae79ded	common_voice_gej_43292921.mp3	c31a1e25e7b6fce07803af0e12e1256d89ca24b4e064b877dc69019c9a3d94d4	Axwe.		2	0					gej	
b8b64b238172873aa5b51b92f7135664c16d7d384dfc382cfd4982747c53e541032fe83b770400225720f551fcb2a9b273a351e01ed6297908140cc7cae79ded	common_voice_gej_43292924.mp3	dd5c2bca1b6a1b4143cacd1504e55dfd9d9f299209e6758a8e57e75bb52bf147	E tana nu.		2	0					gej	
b8b64b238172873aa5b51b92f7135664c16d7d384dfc382cfd4982747c53e541032fe83b770400225720f551fcb2a9b273a351e01ed6297908140cc7cae79ded	common_voice_gej_43292927.mp3	d1c68b3657c5c5ee937b9bac8478cde15e75067842b7b241700dff360e930b21	E yi za de.		2	0					gej	
b8b64b238172873aa5b51b92f7135664c16d7d384dfc382cfd4982747c53e541032fe83b770400225720f551fcb2a9b273a351e01ed6297908140cc7cae79ded	common_voice_gej_43292930.mp3	8de9a6fee19c6c33248124acf3ad740858ac29e58a5b3654f9ce90980096e0fb	Agla.		3	0					gej	
b8b64b238172873aa5b51b92f7135664c16d7d384dfc382cfd4982747c53e541032fe83b770400225720f551fcb2a9b273a351e01ed6297908140cc7cae79ded	common_voice_gej_43292931.mp3	1a48784bf1f0937ac645569221bcb27a8b03d5a5026c7e6f451d727a536fc603	Agbota.		2	0					gej	
b8b64b238172873aa5b51b92f7135664c16d7d384dfc382cfd4982747c53e541032fe83b770400225720f551fcb2a9b273a351e01ed6297908140cc7cae79ded	common_voice_gej_43292934.mp3	beca827e3ae0349cff6d0a68412f7c7dbd7c4e45ead41e5869767520c1810771	Wo le do azia ngku.		2	0					gej	
b8b64b238172873aa5b51b92f7135664c16d7d384dfc382cfd4982747c53e541032fe83b770400225720f551fcb2a9b273a351e01ed6297908140cc7cae79ded	common_voice_gej_43292942.mp3	33923f6c6d836d5573f7909b69cbbc943791ae4d100596533567393cc94ef272	Koklofu.		2	0					gej	
b8b64b238172873aa5b51b92f7135664c16d7d384dfc382cfd4982747c53e541032fe83b770400225720f551fcb2a9b273a351e01ed6297908140cc7cae79ded	common_voice_gej_43292943.mp3	c6460b33ec97b5f815aa3727e1327771ebabecde8f37fbf50015ae8525ec5ab6	Atikusese.		2	0					gej	
b8b64b238172873aa5b51b92f7135664c16d7d384dfc382cfd4982747c53e541032fe83b770400225720f551fcb2a9b273a351e01ed6297908140cc7cae79ded	common_voice_gej_43292944.mp3	8a1bb1fa18c0047d80b9ce771858375e2817e43ddbee448f8adbe20cc600d365	Wuivotogoa.		2	0					gej	
b8b64b238172873aa5b51b92f7135664c16d7d384dfc382cfd4982747c53e541032fe83b770400225720f551fcb2a9b273a351e01ed6297908140cc7cae79ded	common_voice_gej_43292946.mp3	d3cb1d1b5e2ea0cd9b264c56ebdd728a4d70c53989a527d9951ad03a4281f150	Tutu mo.		2	0					gej	
b8b64b238172873aa5b51b92f7135664c16d7d384dfc382cfd4982747c53e541032fe83b770400225720f551fcb2a9b273a351e01ed6297908140cc7cae79ded	common_voice_gej_43292971.mp3	ac9be3b3d728f8f39efbe8e5b749c7cecce82ff489e5c78d5498189059826554	Axwe tutu.		2	0					gej	
b8b64b238172873aa5b51b92f7135664c16d7d384dfc382cfd4982747c53e541032fe83b770400225720f551fcb2a9b273a351e01ed6297908140cc7cae79ded	common_voice_gej_43292972.mp3	9ddd1dd4e0a5babcbd4b31305bb5220c1b5828986ce0fb18261bba6003769580	Sika fokpa.		2	0					gej	
b8b64b238172873aa5b51b92f7135664c16d7d384dfc382cfd4982747c53e541032fe83b770400225720f551fcb2a9b273a351e01ed6297908140cc7cae79ded	common_voice_gej_43292976.mp3	ca3683309eed8373f9c3278b9a004ca7637371bec107c679ffe38a0cc44b11ea	Amedipe.		2	0					gej	
b8b64b238172873aa5b51b92f7135664c16d7d384dfc382cfd4982747c53e541032fe83b770400225720f551fcb2a9b273a351e01ed6297908140cc7cae79ded	common_voice_gej_43292978.mp3	dd519d3661271cd7f078d999950dfc48268af26de8a1dff6c61f98b746f03d90	Mi la be wo mu gba ka asi doelevi nguti na ye o.		2	0					gej	
b8b64b238172873aa5b51b92f7135664c16d7d384dfc382cfd4982747c53e541032fe83b770400225720f551fcb2a9b273a351e01ed6297908140cc7cae79ded	common_voice_gej_43292980.mp3	b8b87240a2cb64bae86d04eea37b475678bdc715c57251b44befabf625e235e3	Wo nyra.		3	0					gej	
b8b64b238172873aa5b51b92f7135664c16d7d384dfc382cfd4982747c53e541032fe83b770400225720f551fcb2a9b273a351e01ed6297908140cc7cae79ded	common_voice_gej_43293003.mp3	d8cdd524d03dfc8e82c9342d9736426ad8d7470e0f9e79cc6e8e6a54afb9dc00	Amakpa asideke.		2	0					gej	
b8b64b238172873aa5b51b92f7135664c16d7d384dfc382cfd4982747c53e541032fe83b770400225720f551fcb2a9b273a351e01ed6297908140cc7cae79ded	common_voice_gej_43293004.mp3	3c1ba78e9f9ad18d63d68c8507b61c2b6e2c4620ff5dfa3fc4e27f886cb57abc	Dodatosewo.		3	0					gej	
b8b64b238172873aa5b51b92f7135664c16d7d384dfc382cfd4982747c53e541032fe83b770400225720f551fcb2a9b273a351e01ed6297908140cc7cae79ded	common_voice_gej_43293005.mp3	7727ea47a58380dc54c8fd88895830b967f273151d6c4c6a888ac28c64820d05	To da loboo.		2	0					gej	
b8b64b238172873aa5b51b92f7135664c16d7d384dfc382cfd4982747c53e541032fe83b770400225720f551fcb2a9b273a351e01ed6297908140cc7cae79ded	common_voice_gej_43293007.mp3	b5884dd338c5c12715928e4fb184a6b0edc1262cfd449a9e29cf97144d06e9a4	Adika.		2	0					gej	
b8b64b238172873aa5b51b92f7135664c16d7d384dfc382cfd4982747c53e541032fe83b770400225720f551fcb2a9b273a351e01ed6297908140cc7cae79ded	common_voice_gej_43293060.mp3	36fd1a475e98319f7a5ae02b3b02c6162835fb840be54c09d967a1f7cc06adf8	Yewo be nyonuvi deka ye loo.		3	0					gej	
b8b64b238172873aa5b51b92f7135664c16d7d384dfc382cfd4982747c53e541032fe83b770400225720f551fcb2a9b273a351e01ed6297908140cc7cae79ded	common_voice_gej_43293064.mp3	d5961ee8d4bb5c07d32ad2a7aa4bd853a34e478fa9f23d843be5ba66737cf753	De fu.		2	0					gej	
b8b64b238172873aa5b51b92f7135664c16d7d384dfc382cfd4982747c53e541032fe83b770400225720f551fcb2a9b273a351e01ed6297908140cc7cae79ded	common_voice_gej_43293065.mp3	c80347cac958e9eb20122b716e449141053e92c06a5baaa6ae20a0028e6089c5	Apublo.		2	0					gej	
b8b64b238172873aa5b51b92f7135664c16d7d384dfc382cfd4982747c53e541032fe83b770400225720f551fcb2a9b273a351e01ed6297908140cc7cae79ded	common_voice_gej_43293103.mp3	de6a64d9cc58c975cb7fa05de88086619954044aa768b76dca30cc71d4b5d8f2	Ayamehu wa.		3	0					gej	
b8b64b238172873aa5b51b92f7135664c16d7d384dfc382cfd4982747c53e541032fe83b770400225720f551fcb2a9b273a351e01ed6297908140cc7cae79ded	common_voice_gej_43293104.mp3	b42c28db794d084d7f5ebb2b88cc017a6ccca8b3796beabc5a9135958e894aac	To koliko.		2	0					gej	
b8b64b238172873aa5b51b92f7135664c16d7d384dfc382cfd4982747c53e541032fe83b770400225720f551fcb2a9b273a351e01ed6297908140cc7cae79ded	common_voice_gej_43293106.mp3	e8328faf057dc49b474e08783b8eb5a0c8a49c7e404d6777139abd548fe0aa83	Deviwo mi bu miabe ajitowo.		2	0					gej	
b8b64b238172873aa5b51b92f7135664c16d7d384dfc382cfd4982747c53e541032fe83b770400225720f551fcb2a9b273a351e01ed6297908140cc7cae79ded	common_voice_gej_43293137.mp3	e4c8b3f6901597b2075c2c317a31e27470451b53da5dff1183f068ad4cc68660	Apugo.		2	0					gej	
b8b64b238172873aa5b51b92f7135664c16d7d384dfc382cfd4982747c53e541032fe83b770400225720f551fcb2a9b273a351e01ed6297908140cc7cae79ded	common_voice_gej_43293138.mp3	d8e2fa1229a9f7c853d91a0cb7efdfef5b87303d65f5225a6b082a7894b09228	Wi vo ato.		2	0					gej	
b8b64b238172873aa5b51b92f7135664c16d7d384dfc382cfd4982747c53e541032fe83b770400225720f551fcb2a9b273a351e01ed6297908140cc7cae79ded	common_voice_gej_43293139.mp3	38f52e099ae960530759717a899662fff7ae5425e2a6b065d9ce49b9e477f25b	Zo a le kle nguto le xo a me.		2	0					gej	
b8b64b238172873aa5b51b92f7135664c16d7d384dfc382cfd4982747c53e541032fe83b770400225720f551fcb2a9b273a351e01ed6297908140cc7cae79ded	common_voice_gej_43293141.mp3	4acf5df5a4626367f36d71f7c1328daa427c920f5eafba681d938b66734997d0	Biblia.		2	0					gej	
b8b64b238172873aa5b51b92f7135664c16d7d384dfc382cfd4982747c53e541032fe83b770400225720f551fcb2a9b273a351e01ed6297908140cc7cae79ded	common_voice_gej_43293169.mp3	b9c7bd347201d808f20f687bacf7ad09a0c43b36ce6531264e9bf6d6051e287d	Mu di to nye.		2	0					gej	
b8b64b238172873aa5b51b92f7135664c16d7d384dfc382cfd4982747c53e541032fe83b770400225720f551fcb2a9b273a351e01ed6297908140cc7cae79ded	common_voice_gej_43293170.mp3	99f84a8c9efca3b7882c5a45f6605042cd20cbbaca6f07b5094e5bf875302518	Ekeya la tengu na be wo mu la no do asixoxo woa dokoe nguti o.		3	0					gej	
b8b64b238172873aa5b51b92f7135664c16d7d384dfc382cfd4982747c53e541032fe83b770400225720f551fcb2a9b273a351e01ed6297908140cc7cae79ded	common_voice_gej_43293171.mp3	c0b36f09c4537e252f5a5869a9f29d91a5294aed9539d8549d7d8c359f05e2a3	Zino.		2	0					gej	
b8b64b238172873aa5b51b92f7135664c16d7d384dfc382cfd4982747c53e541032fe83b770400225720f551fcb2a9b273a351e01ed6297908140cc7cae79ded	common_voice_gej_43293172.mp3	dbcb933af33ea9bb44b48f199a642f6cca3be6c2c6ba7bcbcfacad3411c9f05b	Ejia klo.		2	0					gej	
b8b64b238172873aa5b51b92f7135664c16d7d384dfc382cfd4982747c53e541032fe83b770400225720f551fcb2a9b273a351e01ed6297908140cc7cae79ded	common_voice_gej_43293174.mp3	bfdfa61c5710ec67bf30e9ded5b466cbd2251637686034545189c3ebc8846d66	Mu nya.		2	0					gej	
b8b64b238172873aa5b51b92f7135664c16d7d384dfc382cfd4982747c53e541032fe83b770400225720f551fcb2a9b273a351e01ed6297908140cc7cae79ded	common_voice_gej_43293199.mp3	894ebdf51017af373c465dc544b94c048a0a4d6b473155c87250ab3919cbecaf	Do abikpa.		2	0					gej	
b8b64b238172873aa5b51b92f7135664c16d7d384dfc382cfd4982747c53e541032fe83b770400225720f551fcb2a9b273a351e01ed6297908140cc7cae79ded	common_voice_gej_43293203.mp3	dcd3349d26328b85bf14b3689a9509fa7c14cc68c82f3c2f7b696c799116a18d	Eje egome hoho.		2	0					gej	
b8b64b238172873aa5b51b92f7135664c16d7d384dfc382cfd4982747c53e541032fe83b770400225720f551fcb2a9b273a351e01ed6297908140cc7cae79ded	common_voice_gej_43293206.mp3	b17c246ac3b8f4102df79905517abe1b82cc60f3ac82c90fa244954fa7efcbf2	Ha.		3	0					gej	
b8b64b238172873aa5b51b92f7135664c16d7d384dfc382cfd4982747c53e541032fe83b770400225720f551fcb2a9b273a351e01ed6297908140cc7cae79ded	common_voice_gej_43293212.mp3	9ed1fceb09d4e4d2c59f684545184bbab54597bbb98fb25a38330319dc18f6d4	Dowevi meme.		2	0					gej	
b8b64b238172873aa5b51b92f7135664c16d7d384dfc382cfd4982747c53e541032fe83b770400225720f551fcb2a9b273a351e01ed6297908140cc7cae79ded	common_voice_gej_43293213.mp3	d9779f4041e632071c3509a3401b4d4d6d9d22c70a8af79c7265212f5fe05d04	Koje.		2	0					gej	
b8b64b238172873aa5b51b92f7135664c16d7d384dfc382cfd4982747c53e541032fe83b770400225720f551fcb2a9b273a351e01ed6297908140cc7cae79ded	common_voice_gej_43293215.mp3	de2b299274b9317a8513c0a4d71e2e10defc4b2aa5943a00b5812a407bedff1d	Fiozikpe.		2	0					gej	
b8b64b238172873aa5b51b92f7135664c16d7d384dfc382cfd4982747c53e541032fe83b770400225720f551fcb2a9b273a351e01ed6297908140cc7cae79ded	common_voice_gej_43293216.mp3	c5ba3f7638f1e25ddaac35c3813cca14011ae99869c3438cda6bb276bba8afbf	E da do.		2	0					gej	
b8b64b238172873aa5b51b92f7135664c16d7d384dfc382cfd4982747c53e541032fe83b770400225720f551fcb2a9b273a351e01ed6297908140cc7cae79ded	common_voice_gej_43293223.mp3	954ef2b02f4d77190347def19a8213e570025cf0cbb2ebe72d03ceb1d6431cd2	Jegbogbojesi.		2	0					gej	
b8b64b238172873aa5b51b92f7135664c16d7d384dfc382cfd4982747c53e541032fe83b770400225720f551fcb2a9b273a351e01ed6297908140cc7cae79ded	common_voice_gej_43293226.mp3	cd0e05e18cb9a0126d7a73ee9d0d6bb3b1ba9c7f2ce4e6d7f611d196fb7a13da	Aklo agba.		2	0					gej	
b8b64b238172873aa5b51b92f7135664c16d7d384dfc382cfd4982747c53e541032fe83b770400225720f551fcb2a9b273a351e01ed6297908140cc7cae79ded	common_voice_gej_43293228.mp3	683f548865cc10fcb022f13705aa2fe4cef8a0b0356968b7077c9f6c30db4290	Huvolelame.		2	0					gej	
b8b64b238172873aa5b51b92f7135664c16d7d384dfc382cfd4982747c53e541032fe83b770400225720f551fcb2a9b273a351e01ed6297908140cc7cae79ded	common_voice_gej_43293230.mp3	b304c47ea4ec11274979eba448aa63a094ee33a7ef87b263ad09a8aedfbf0485	Kuteba.		2	0					gej	
b8b64b238172873aa5b51b92f7135664c16d7d384dfc382cfd4982747c53e541032fe83b770400225720f551fcb2a9b273a351e01ed6297908140cc7cae79ded	common_voice_gej_43293231.mp3	8227ec0f2d23c5fe4ec28eae5706263a1322af47a2571b7e3add4f82a7b72619	Ne ado le wu wo a enana wo nududu.		2	0					gej	
b8b64b238172873aa5b51b92f7135664c16d7d384dfc382cfd4982747c53e541032fe83b770400225720f551fcb2a9b273a351e01ed6297908140cc7cae79ded	common_voice_gej_43293237.mp3	e3d738e1eb349e7c3fa6128bf2dcf909978c98cab506e7552faa688d535d05ae	Mu gbe.		2	0					gej	
b8b64b238172873aa5b51b92f7135664c16d7d384dfc382cfd4982747c53e541032fe83b770400225720f551fcb2a9b273a351e01ed6297908140cc7cae79ded	common_voice_gej_43293239.mp3	8b8dd5e9dc8d2b86b4ada81a2c8d7da769ca9d25fdd178413d1815754fdabdca	Je agbagba ne a wo jifoto.		2	0					gej	
b8b64b238172873aa5b51b92f7135664c16d7d384dfc382cfd4982747c53e541032fe83b770400225720f551fcb2a9b273a351e01ed6297908140cc7cae79ded	common_voice_gej_43293240.mp3	6d6ad968c8abf5cfdf4ce44ce4cdbe35f269bf93174ea25c181279b295f05b40	Mu do vi.		2	0					gej	
b8b64b238172873aa5b51b92f7135664c16d7d384dfc382cfd4982747c53e541032fe83b770400225720f551fcb2a9b273a351e01ed6297908140cc7cae79ded	common_voice_gej_43293241.mp3	c67dff838dac0b344645cf36811f56f68997122f78b74eaf5d77de3be5c42568	Mi gbojo.		3	0					gej	
b8b64b238172873aa5b51b92f7135664c16d7d384dfc382cfd4982747c53e541032fe83b770400225720f551fcb2a9b273a351e01ed6297908140cc7cae79ded	common_voice_gej_43293263.mp3	ea7317f1fb834900cb774af418c4eb3668cda95463d9a048b6420bafd0b56111	Ekplo ga.		2	0					gej	
b8b64b238172873aa5b51b92f7135664c16d7d384dfc382cfd4982747c53e541032fe83b770400225720f551fcb2a9b273a351e01ed6297908140cc7cae79ded	common_voice_gej_43293264.mp3	ac744d00c671940d0a688a4d40b51a32672a099c8708bf22651831636143192b	Nu atike.		2	0					gej	
b8b64b238172873aa5b51b92f7135664c16d7d384dfc382cfd4982747c53e541032fe83b770400225720f551fcb2a9b273a351e01ed6297908140cc7cae79ded	common_voice_gej_43293266.mp3	ced6f7867b027efddce90f2a753cbdbe6ebe60c642b1ad96cfdb41695223cd39	Ngudekenye gato.		2	0					gej	
b8b64b238172873aa5b51b92f7135664c16d7d384dfc382cfd4982747c53e541032fe83b770400225720f551fcb2a9b273a351e01ed6297908140cc7cae79ded	common_voice_gej_43293267.mp3	8d5c21103d26d7175a7a0c6be60d53e333c0b08a34a1247e94b11016b802f2dd	Vevedonuto.		2	0					gej	
b8b64b238172873aa5b51b92f7135664c16d7d384dfc382cfd4982747c53e541032fe83b770400225720f551fcb2a9b273a351e01ed6297908140cc7cae79ded	common_voice_gej_43293283.mp3	e852ec21ff346115f3081ef5a5f390699695acd4018ad97b877f6cb9eb72e743	Nujekodoagbazeme.		2	0					gej	
b8b64b238172873aa5b51b92f7135664c16d7d384dfc382cfd4982747c53e541032fe83b770400225720f551fcb2a9b273a351e01ed6297908140cc7cae79ded	common_voice_gej_43293304.mp3	d5baad649606c1ce3e211cd77b5abdbed06fbf3a1e4a3fa233b3f644d3bfe776	Koklosu.		2	0					gej	
b8b64b238172873aa5b51b92f7135664c16d7d384dfc382cfd4982747c53e541032fe83b770400225720f551fcb2a9b273a351e01ed6297908140cc7cae79ded	common_voice_gej_43293305.mp3	330e3b9a0f3b212390a8669f4c9c809a9ccb7dc63bd8351c8fe43077e3108deb	Adogbo.		2	0					gej	
b8b64b238172873aa5b51b92f7135664c16d7d384dfc382cfd4982747c53e541032fe83b770400225720f551fcb2a9b273a351e01ed6297908140cc7cae79ded	common_voice_gej_43293306.mp3	e3ec2187e560b50f233405949454b3177e22c5e71b97697d7e96ca502142725d	Azi blibo.		3	0					gej	
b8b64b238172873aa5b51b92f7135664c16d7d384dfc382cfd4982747c53e541032fe83b770400225720f551fcb2a9b273a351e01ed6297908140cc7cae79ded	common_voice_gej_43293307.mp3	beaea48b0af6bfed0784deb49769791101264de81c048f54ae1f9cf9b7300212	Le si nam.		2	0					gej	
b8b64b238172873aa5b51b92f7135664c16d7d384dfc382cfd4982747c53e541032fe83b770400225720f551fcb2a9b273a351e01ed6297908140cc7cae79ded	common_voice_gej_43293308.mp3	d18aa7674d2f57888b380855b7828ba0dc4de895f591b550706c651161b79d2c	Ayaga.		2	0					gej	
b8b64b238172873aa5b51b92f7135664c16d7d384dfc382cfd4982747c53e541032fe83b770400225720f551fcb2a9b273a351e01ed6297908140cc7cae79ded	common_voice_gej_43293333.mp3	cd10bc891424e11b4b9d79aad78bd0bba3a972a9b64dd0a9ee847fde1169205b	Timati.		3	0					gej	
b8b64b238172873aa5b51b92f7135664c16d7d384dfc382cfd4982747c53e541032fe83b770400225720f551fcb2a9b273a351e01ed6297908140cc7cae79ded	common_voice_gej_43293339.mp3	db50a774c5aad09691f92f8bf14947e492b4db3db54c9d458741516ac7e28c40	Ne je ngku me nam.		2	0					gej	
b8b64b238172873aa5b51b92f7135664c16d7d384dfc382cfd4982747c53e541032fe83b770400225720f551fcb2a9b273a351e01ed6297908140cc7cae79ded	common_voice_gej_43293340.mp3	df627b590321e3d25e7b4861e22c80adf297c2c4137fc92065889f733d4ba4d7	Nyi agbo.		2	0					gej	
b8b64b238172873aa5b51b92f7135664c16d7d384dfc382cfd4982747c53e541032fe83b770400225720f551fcb2a9b273a351e01ed6297908140cc7cae79ded	common_voice_gej_43293341.mp3	83c44c7b5405faf3be824cf1da0139c142617f09775354ad1471510c8318d290	Eto.		3	0					gej	
b8b64b238172873aa5b51b92f7135664c16d7d384dfc382cfd4982747c53e541032fe83b770400225720f551fcb2a9b273a351e01ed6297908140cc7cae79ded	common_voice_gej_43293342.mp3	944a0a31330f8d76cbc32da29ff8f54d11c37586ba34779238a014de7e0629ee	Alododo.		2	0					gej	
b8b64b238172873aa5b51b92f7135664c16d7d384dfc382cfd4982747c53e541032fe83b770400225720f551fcb2a9b273a351e01ed6297908140cc7cae79ded	common_voice_gej_43293343.mp3	d9f740541f7523a359a3339bd60cd3be20064031fcfc0b1a730a7da85a4f02aa	Lokotide.		2	0					gej	
b8b64b238172873aa5b51b92f7135664c16d7d384dfc382cfd4982747c53e541032fe83b770400225720f551fcb2a9b273a351e01ed6297908140cc7cae79ded	common_voice_gej_43293351.mp3	d933b672b68f2f9a44b0b1834c22f4443a029f5da5b887b65ead796d1c636903	Tre xoma.		2	0					gej	
b8b64b238172873aa5b51b92f7135664c16d7d384dfc382cfd4982747c53e541032fe83b770400225720f551fcb2a9b273a351e01ed6297908140cc7cae79ded	common_voice_gej_43293352.mp3	c8f04326af9b7bb3d746001c074e1a0773979b492abf08217704dcad0e93ab25	Lamumu.		2	0					gej	
b8b64b238172873aa5b51b92f7135664c16d7d384dfc382cfd4982747c53e541032fe83b770400225720f551fcb2a9b273a351e01ed6297908140cc7cae79ded	common_voice_gej_43293355.mp3	eb9fabdfe19beac5fe663fecd451e6f788bb1e2f7445899f049d162631ac780d	Yo aditama.		2	0					gej	
b8b64b238172873aa5b51b92f7135664c16d7d384dfc382cfd4982747c53e541032fe83b770400225720f551fcb2a9b273a351e01ed6297908140cc7cae79ded	common_voice_gej_43293357.mp3	22a41f02c568e8a03dc01f627791720be7703ed7a81d01a4be086577b4469d30	Gbabe.		2	0					gej	
b8b64b238172873aa5b51b92f7135664c16d7d384dfc382cfd4982747c53e541032fe83b770400225720f551fcb2a9b273a351e01ed6297908140cc7cae79ded	common_voice_gej_43293358.mp3	ae19f181d4833b88fb38ba8e9a36f9049996419edf2d5a9a1b41fdf61f52d596	Wo sia nu.		2	0					gej	
b8b64b238172873aa5b51b92f7135664c16d7d384dfc382cfd4982747c53e541032fe83b770400225720f551fcb2a9b273a351e01ed6297908140cc7cae79ded	common_voice_gej_43293380.mp3	a140b1735e548aace36055aeea884a8810c6b9d4ee431f8fe57e0223290a48d0	Fiye.		3	0					gej	
b8b64b238172873aa5b51b92f7135664c16d7d384dfc382cfd4982747c53e541032fe83b770400225720f551fcb2a9b273a351e01ed6297908140cc7cae79ded	common_voice_gej_43293382.mp3	bc2728bc6abe63757d89514abb102305da336119b604b0846ca258f3fab6186c	Koklo ku viawo va le yi.		2	0					gej	
b8b64b238172873aa5b51b92f7135664c16d7d384dfc382cfd4982747c53e541032fe83b770400225720f551fcb2a9b273a351e01ed6297908140cc7cae79ded	common_voice_gej_43293384.mp3	a4880f26137743ec9e6ecaf26f7851932d655c86ec7d9784702d0d9d222edf77	Adi.		2	0					gej	
b8b64b238172873aa5b51b92f7135664c16d7d384dfc382cfd4982747c53e541032fe83b770400225720f551fcb2a9b273a351e01ed6297908140cc7cae79ded	common_voice_gej_43293385.mp3	dd72fb98db88fd6c17b82ae3703462e9db7f277b8c2fcb28bac07c039d2917af	Eti wo ngto.		2	0					gej	
b8b64b238172873aa5b51b92f7135664c16d7d384dfc382cfd4982747c53e541032fe83b770400225720f551fcb2a9b273a351e01ed6297908140cc7cae79ded	common_voice_gej_43293404.mp3	705e797b31eeafc50cfbaade197176862f77768ab79d9fcf1134fa3c39594a8f	Nyawo he.		2	0					gej	
b8b64b238172873aa5b51b92f7135664c16d7d384dfc382cfd4982747c53e541032fe83b770400225720f551fcb2a9b273a351e01ed6297908140cc7cae79ded	common_voice_gej_43293408.mp3	c873b4b9ef6239af74ad0a69046ec363a13097eb2ca44271745455305419a767	Sasrado.		2	0					gej	
b8b64b238172873aa5b51b92f7135664c16d7d384dfc382cfd4982747c53e541032fe83b770400225720f551fcb2a9b273a351e01ed6297908140cc7cae79ded	common_voice_gej_43293410.mp3	df6a9c01ffc7b3d30a78a17bbd19a9393170c817df04f173997bcd25a8580f28	Ka ve takpo.		2	0					gej	
b8b64b238172873aa5b51b92f7135664c16d7d384dfc382cfd4982747c53e541032fe83b770400225720f551fcb2a9b273a351e01ed6297908140cc7cae79ded	common_voice_gej_43293428.mp3	bf503009a0134aad5184f14a56e069e0d1523f483e57ceb1d1865740f167cc93	Kokongte.		2	0					gej	
b8b64b238172873aa5b51b92f7135664c16d7d384dfc382cfd4982747c53e541032fe83b770400225720f551fcb2a9b273a351e01ed6297908140cc7cae79ded	common_voice_gej_43293429.mp3	d04b02a42be25f107931f86a3047d2ee90b7b2efc0c754099b3ec8c3092da080	Wo didi.		2	0					gej	
b8b64b238172873aa5b51b92f7135664c16d7d384dfc382cfd4982747c53e541032fe83b770400225720f551fcb2a9b273a351e01ed6297908140cc7cae79ded	common_voice_gej_43293430.mp3	d577277c9faa2ebdb965e7113d76263bf08fb0805c48330719e299c3bd8ee0f1	Dokoeto.		2	0					gej	
b8b64b238172873aa5b51b92f7135664c16d7d384dfc382cfd4982747c53e541032fe83b770400225720f551fcb2a9b273a351e01ed6297908140cc7cae79ded	common_voice_gej_43293431.mp3	e8ee9b0390f3fd0d2fe1f45172de975c80b6b3875d4fc56ce4629599160ba1be	Amegaxo.		3	0					gej	
b8b64b238172873aa5b51b92f7135664c16d7d384dfc382cfd4982747c53e541032fe83b770400225720f551fcb2a9b273a351e01ed6297908140cc7cae79ded	common_voice_gej_43293432.mp3	ebcdf2507bd1597ca0c93bc73b65fd153445f18af6bc47ba17a995024cf42cea	So ye be gbo va si za ga wo nene be vle ku aha caka ku aditama.		2	0					gej	
b8b64b238172873aa5b51b92f7135664c16d7d384dfc382cfd4982747c53e541032fe83b770400225720f551fcb2a9b273a351e01ed6297908140cc7cae79ded	common_voice_gej_43293448.mp3	e366ee0b456ab322f313659844095dc4cce8307acb4822f9267f2666d5f323ba	Goroti.		3	0					gej	
b8b64b238172873aa5b51b92f7135664c16d7d384dfc382cfd4982747c53e541032fe83b770400225720f551fcb2a9b273a351e01ed6297908140cc7cae79ded	common_voice_gej_43293449.mp3	94b864e4f1939e4a1f1460281934a88fc7d910837ad3399404aaad7266834ec9	Dawoto.		2	0					gej	
b8b64b238172873aa5b51b92f7135664c16d7d384dfc382cfd4982747c53e541032fe83b770400225720f551fcb2a9b273a351e01ed6297908140cc7cae79ded	common_voice_gej_43293451.mp3	a0a75d3ede1a57f6a8e282f1f8085367f7742d5b441b6dcd471a56bbfc2a24a7	Aya le po.		2	0					gej	
b8b64b238172873aa5b51b92f7135664c16d7d384dfc382cfd4982747c53e541032fe83b770400225720f551fcb2a9b273a351e01ed6297908140cc7cae79ded	common_voice_gej_43294056.mp3	15d30b583878e451f4a1acba958a3a6a04fa36d3ecdf9fcfb6ea6e6799289b72	Denujojo.		2	0					gej	
b8b64b238172873aa5b51b92f7135664c16d7d384dfc382cfd4982747c53e541032fe83b770400225720f551fcb2a9b273a351e01ed6297908140cc7cae79ded	common_voice_gej_43294057.mp3	e105bf8c5f4450ed7757ced493f0709cefcb6a77d7133ccf1d4f429583966831	Fetri.		3	0					gej	
b8b64b238172873aa5b51b92f7135664c16d7d384dfc382cfd4982747c53e541032fe83b770400225720f551fcb2a9b273a351e01ed6297908140cc7cae79ded	common_voice_gej_43294058.mp3	95d6e481129c89251f8c09da3e97fb7cc67cc1195bf80302bb8120f5f90e31c9	Wo le do.		2	0					gej	
b8b64b238172873aa5b51b92f7135664c16d7d384dfc382cfd4982747c53e541032fe83b770400225720f551fcb2a9b273a351e01ed6297908140cc7cae79ded	common_voice_gej_43294059.mp3	c24d81924c01413829c831853f7169b2ab07c55eb763bf170445c94b0f59c4d6	Ka ve ci wo.		2	0					gej	
b8b64b238172873aa5b51b92f7135664c16d7d384dfc382cfd4982747c53e541032fe83b770400225720f551fcb2a9b273a351e01ed6297908140cc7cae79ded	common_voice_gej_43294065.mp3	41996ba89343b2ce4898c9ee4d711c23c43a16e21f12703d6d9c99e0e76d81a0	Numegbedidi.		3	0					gej	
b8b64b238172873aa5b51b92f7135664c16d7d384dfc382cfd4982747c53e541032fe83b770400225720f551fcb2a9b273a351e01ed6297908140cc7cae79ded	common_voice_gej_43294066.mp3	eb5651963a5a1e7e2c3baab716fe99182c002a022efce9c253f12f37b185639a	Xoma wa.		2	0					gej	
b8b64b238172873aa5b51b92f7135664c16d7d384dfc382cfd4982747c53e541032fe83b770400225720f551fcb2a9b273a351e01ed6297908140cc7cae79ded	common_voice_gej_43294068.mp3	d1ee85a3b8f7326152ece42c4878d8027938ad2e57400a58e69e7fbebe878e47	Wo le ku.		2	0					gej	
b8b64b238172873aa5b51b92f7135664c16d7d384dfc382cfd4982747c53e541032fe83b770400225720f551fcb2a9b273a351e01ed6297908140cc7cae79ded	common_voice_gej_43294069.mp3	ec1d90cb860776e9585abb9304776eed5a70d79a1358b53556c7f8c273ee7cde	Mi sra adome.		2	0					gej	
b8b64b238172873aa5b51b92f7135664c16d7d384dfc382cfd4982747c53e541032fe83b770400225720f551fcb2a9b273a351e01ed6297908140cc7cae79ded	common_voice_gej_43294070.mp3	c0faeb7c75a8265ad87bba5548d0f2306f558692cefb9383d8cefee595b8fb14	Kplogodo.		2	0					gej	
b8b64b238172873aa5b51b92f7135664c16d7d384dfc382cfd4982747c53e541032fe83b770400225720f551fcb2a9b273a351e01ed6297908140cc7cae79ded	common_voice_gej_43294071.mp3	633ecda2a1cd54815eb2cff68f949c36e11282ef90ad46f5c426ca76c574112d	Mi va.		2	0					gej	
b8b64b238172873aa5b51b92f7135664c16d7d384dfc382cfd4982747c53e541032fe83b770400225720f551fcb2a9b273a351e01ed6297908140cc7cae79ded	common_voice_gej_43294072.mp3	d162d6636993a09cbfa2bccbfd5c4d78e238cd84fd0c2b808943c7a39c260cca	Dokoesinunoto.		2	0					gej	
b8b64b238172873aa5b51b92f7135664c16d7d384dfc382cfd4982747c53e541032fe83b770400225720f551fcb2a9b273a351e01ed6297908140cc7cae79ded	common_voice_gej_43294073.mp3	e659fc4f96792d3ba8a0b6292a59e6f803c6fc9946dc291e5d3b7882a594199e	Wu ale.		2	0					gej	
b8b64b238172873aa5b51b92f7135664c16d7d384dfc382cfd4982747c53e541032fe83b770400225720f551fcb2a9b273a351e01ed6297908140cc7cae79ded	common_voice_gej_43294074.mp3	f3ea9233158226cfc42bc4bd7b63c71d273d25863cf9e243553285cfc0ef4183	Woene.		3	0					gej	
b8b64b238172873aa5b51b92f7135664c16d7d384dfc382cfd4982747c53e541032fe83b770400225720f551fcb2a9b273a351e01ed6297908140cc7cae79ded	common_voice_gej_43294075.mp3	cbb654db3cec331b8d63286ed5eff5393b82e4c88d5d33593c2641b6e8a483db	Dowevi siasia.		2	0					gej	
b8b64b238172873aa5b51b92f7135664c16d7d384dfc382cfd4982747c53e541032fe83b770400225720f551fcb2a9b273a351e01ed6297908140cc7cae79ded	common_voice_gej_43294076.mp3	a158c091870c3d5172dd03f3087901a4698d66ac517749996b861a0d2675e1aa	Agbexoma.		2	0					gej	
b8b64b238172873aa5b51b92f7135664c16d7d384dfc382cfd4982747c53e541032fe83b770400225720f551fcb2a9b273a351e01ed6297908140cc7cae79ded	common_voice_gej_43294078.mp3	ac26356ec272b773da4fbc666f892f61be0318fdfa898668388ff712a3db1c9c	Akodadaka.		2	0					gej	
b8b64b238172873aa5b51b92f7135664c16d7d384dfc382cfd4982747c53e541032fe83b770400225720f551fcb2a9b273a351e01ed6297908140cc7cae79ded	common_voice_gej_43294080.mp3	bab73815ec076d7112fbd8cf0ef13f1930ee783be1c41f8c2f4bd2b027ea9e26	Tsu bese.		2	0					gej	
b8b64b238172873aa5b51b92f7135664c16d7d384dfc382cfd4982747c53e541032fe83b770400225720f551fcb2a9b273a351e01ed6297908140cc7cae79ded	common_voice_gej_43294083.mp3	e8f89903158c6f76e14f5b249bf24be881d598f88ee32180916ffdf16d5a8a16	Togbe nye be nyiko ye nyi foli-bebe.		2	0					gej	
b8b64b238172873aa5b51b92f7135664c16d7d384dfc382cfd4982747c53e541032fe83b770400225720f551fcb2a9b273a351e01ed6297908140cc7cae79ded	common_voice_gej_43294084.mp3	e3d828a09a66f46dfcee2d160b8776b52747a396d3f399cc4b2aa512f52459b6	Abota.		2	0					gej	
b8b64b238172873aa5b51b92f7135664c16d7d384dfc382cfd4982747c53e541032fe83b770400225720f551fcb2a9b273a351e01ed6297908140cc7cae79ded	common_voice_gej_43294085.mp3	69c46186eb8d296607afbed69d512487da4ade26e57b8b0144110af7f6ac2459	Nutete.		2	0					gej	
b8b64b238172873aa5b51b92f7135664c16d7d384dfc382cfd4982747c53e541032fe83b770400225720f551fcb2a9b273a351e01ed6297908140cc7cae79ded	common_voice_gej_43294086.mp3	acf18eb408409c3014f6ea1ac473e96978eeabe61e72a3e1a4e04b82e8909e8f	Tome lo.		2	0					gej	
b8b64b238172873aa5b51b92f7135664c16d7d384dfc382cfd4982747c53e541032fe83b770400225720f551fcb2a9b273a351e01ed6297908140cc7cae79ded	common_voice_gej_43294087.mp3	8fb31e4b4abeb5c646d521490727aa4b5f03cddb943078bef8eafc2439cab0e0	Mi.		2	0					gej	
b8b64b238172873aa5b51b92f7135664c16d7d384dfc382cfd4982747c53e541032fe83b770400225720f551fcb2a9b273a351e01ed6297908140cc7cae79ded	common_voice_gej_43294088.mp3	e463430887c94989e397ac65dbf4b54cd98a351e229bd10fe1a73f82c73fb698	Esito.		2	0					gej	
b8b64b238172873aa5b51b92f7135664c16d7d384dfc382cfd4982747c53e541032fe83b770400225720f551fcb2a9b273a351e01ed6297908140cc7cae79ded	common_voice_gej_43294089.mp3	eda25360b0d042d93b41a6f9f35c40acd2bc0ec0ca636efafe762087c34f381d	Kekeme.		3	0					gej	
b8b64b238172873aa5b51b92f7135664c16d7d384dfc382cfd4982747c53e541032fe83b770400225720f551fcb2a9b273a351e01ed6297908140cc7cae79ded	common_voice_gej_43294090.mp3	d8022ce5a110198b267a924158dacc18093937b4457c07aaaef5cfd026f2cd37	Kotoku ka ci wo.		2	0					gej	
b8b64b238172873aa5b51b92f7135664c16d7d384dfc382cfd4982747c53e541032fe83b770400225720f551fcb2a9b273a351e01ed6297908140cc7cae79ded	common_voice_gej_43294092.mp3	20daf4eb4d0bba7befd5410d864fbba8abc8b7960b13702beebdcb8c928a38e4	Wo kpo vi.		2	0					gej	
b8b64b238172873aa5b51b92f7135664c16d7d384dfc382cfd4982747c53e541032fe83b770400225720f551fcb2a9b273a351e01ed6297908140cc7cae79ded	common_voice_gej_43294093.mp3	d766e9590234db1cbe974a2e574e63d80a7553457d7975b83000768294da4ffb	Ayavi.		2	0					gej	
b8b64b238172873aa5b51b92f7135664c16d7d384dfc382cfd4982747c53e541032fe83b770400225720f551fcb2a9b273a351e01ed6297908140cc7cae79ded	common_voice_gej_43294094.mp3	d33cb5252274a312a68db35c64ed3078495813ec9841b6b20d899b13d793e94b	Adu do.		3	0					gej	
b8b64b238172873aa5b51b92f7135664c16d7d384dfc382cfd4982747c53e541032fe83b770400225720f551fcb2a9b273a351e01ed6297908140cc7cae79ded	common_voice_gej_43294105.mp3	eed4704e9061f33fafa38ed25ff4dbbd81a15fa01b1b48e49afd77bfd6e375ed	Kotoku ka ve takpo.		3	0					gej	
b8b64b238172873aa5b51b92f7135664c16d7d384dfc382cfd4982747c53e541032fe83b770400225720f551fcb2a9b273a351e01ed6297908140cc7cae79ded	common_voice_gej_43294106.mp3	912a11d8871e5eb824bd3830b5e7ed090ae98405f6b3904418a463bc4baaee4f	Dekpa.		2	0					gej	
b8b64b238172873aa5b51b92f7135664c16d7d384dfc382cfd4982747c53e541032fe83b770400225720f551fcb2a9b273a351e01ed6297908140cc7cae79ded	common_voice_gej_43294107.mp3	64073f2109df0bf8c9fd2eced2ae7cb57872b14d08d3e547231c566160995251	Molu.		2	0					gej	
b8b64b238172873aa5b51b92f7135664c16d7d384dfc382cfd4982747c53e541032fe83b770400225720f551fcb2a9b273a351e01ed6297908140cc7cae79ded	common_voice_gej_43294108.mp3	c17f4f630c24e8be142e30f8eeb0023f029fbbf6663a12753f9b012d2214495f	Abi.		2	0					gej	
b8b64b238172873aa5b51b92f7135664c16d7d384dfc382cfd4982747c53e541032fe83b770400225720f551fcb2a9b273a351e01ed6297908140cc7cae79ded	common_voice_gej_43294109.mp3	c7807c993abf77c9d39755d1a61f6edc84682d8c747f359c721725206f5e973e	Akodu.		2	0					gej	
b8b64b238172873aa5b51b92f7135664c16d7d384dfc382cfd4982747c53e541032fe83b770400225720f551fcb2a9b273a351e01ed6297908140cc7cae79ded	common_voice_gej_43294126.mp3	d68cbe09755027434a6a3baf6c631bf4c4230b1159ac655b155ccd910d8c5bb8	Kpakpa fo.		2	0					gej	
b8b64b238172873aa5b51b92f7135664c16d7d384dfc382cfd4982747c53e541032fe83b770400225720f551fcb2a9b273a351e01ed6297908140cc7cae79ded	common_voice_gej_43294127.mp3	ef49ed057b96ec1f040daedd45a5708f06bc9d166572039aa65b10cee9dc8336	Ana.		2	0					gej	
b8b64b238172873aa5b51b92f7135664c16d7d384dfc382cfd4982747c53e541032fe83b770400225720f551fcb2a9b273a351e01ed6297908140cc7cae79ded	common_voice_gej_43294128.mp3	cdc87315f836528fb46ef1ee06324516f38a943547d7c42f9bcfb15020d04c1c	Tele co sro a.		2	0					gej	
b8b64b238172873aa5b51b92f7135664c16d7d384dfc382cfd4982747c53e541032fe83b770400225720f551fcb2a9b273a351e01ed6297908140cc7cae79ded	common_voice_gej_43294129.mp3	f2fd7dfbd580d820c0be52123334ca1bb0415aa97a558d7639e468eb11272566	Mi jina vi kabakaba.		2	0					gej	
b8b64b238172873aa5b51b92f7135664c16d7d384dfc382cfd4982747c53e541032fe83b770400225720f551fcb2a9b273a351e01ed6297908140cc7cae79ded	common_voice_gej_43294135.mp3	f49c4446ea2be48617cac5531e14ef7eac8d2c9e313144aad57778999a0b20f3	Gbogboavukukoto.		2	0					gej	
b8b64b238172873aa5b51b92f7135664c16d7d384dfc382cfd4982747c53e541032fe83b770400225720f551fcb2a9b273a351e01ed6297908140cc7cae79ded	common_voice_gej_43294136.mp3	f0f285073bda92fc9abc989bef655d828a810239837447e6aefd7cc691316abb	Yodavi.		2	0					gej	
b8b64b238172873aa5b51b92f7135664c16d7d384dfc382cfd4982747c53e541032fe83b770400225720f551fcb2a9b273a351e01ed6297908140cc7cae79ded	common_voice_gej_43294138.mp3	e2b91e8a151564b6d5fd2882337d13b19fd44063ac2304091975c29989495e92	Doelevi be ye la wu mu lo !		2	0					gej	
b8b64b238172873aa5b51b92f7135664c16d7d384dfc382cfd4982747c53e541032fe83b770400225720f551fcb2a9b273a351e01ed6297908140cc7cae79ded	common_voice_gej_43294148.mp3	e63dd7b44d27561a1f3932751659efaed6b521a2969f521bb67b32897f85f059	Agba.		2	0					gej	
b8b64b238172873aa5b51b92f7135664c16d7d384dfc382cfd4982747c53e541032fe83b770400225720f551fcb2a9b273a351e01ed6297908140cc7cae79ded	common_voice_gej_43294149.mp3	d2a5a8c850876c681ea5c1ac37d6bfc866e5eb7d191c2afd34c04948551ec288	Adikpevi.		2	0					gej	
b8b64b238172873aa5b51b92f7135664c16d7d384dfc382cfd4982747c53e541032fe83b770400225720f551fcb2a9b273a351e01ed6297908140cc7cae79ded	common_voice_gej_43294151.mp3	d8335858d887c22df0ac5e0cb56c45818a4d554e593a308024e5677b0aee7d6c	E jra do.		2	0					gej	
b8b64b238172873aa5b51b92f7135664c16d7d384dfc382cfd4982747c53e541032fe83b770400225720f551fcb2a9b273a351e01ed6297908140cc7cae79ded	common_voice_gej_43294152.mp3	b656c74fffe7901e8d7241cdd784a3e9eb80f045da8219164fee54daf2f721cc	Eka wo a?		2	0					gej	
b8b64b238172873aa5b51b92f7135664c16d7d384dfc382cfd4982747c53e541032fe83b770400225720f551fcb2a9b273a351e01ed6297908140cc7cae79ded	common_voice_gej_43294158.mp3	de2e2db45115dd3a8cf20bda4e832ab2def6f6c0b2f8811735bcf51c412c5ea2	Age.		2	0					gej	
b8b64b238172873aa5b51b92f7135664c16d7d384dfc382cfd4982747c53e541032fe83b770400225720f551fcb2a9b273a351e01ed6297908140cc7cae79ded	common_voice_gej_43294159.mp3	a05211ab3c1cc2d303fd63ebd57502782800b70ba4d5491affa8f311ccb37fb7	Kpoo.		2	0					gej	
b8b64b238172873aa5b51b92f7135664c16d7d384dfc382cfd4982747c53e541032fe83b770400225720f551fcb2a9b273a351e01ed6297908140cc7cae79ded	common_voice_gej_43294160.mp3	98228969d4bd879d91cdf47784b8ec688c843336784d8d46eea0bf9e160acf45	Asidekegoa.		2	0					gej	
b8b64b238172873aa5b51b92f7135664c16d7d384dfc382cfd4982747c53e541032fe83b770400225720f551fcb2a9b273a351e01ed6297908140cc7cae79ded	common_voice_gej_43294168.mp3	e4492381116e850ea2f23dc0ac614d12fc780c71a990ba9453c0ba1cf0c370bb	Gli konguti.		3	0					gej	
b8b64b238172873aa5b51b92f7135664c16d7d384dfc382cfd4982747c53e541032fe83b770400225720f551fcb2a9b273a351e01ed6297908140cc7cae79ded	common_voice_gej_43294169.mp3	b7ffe1479d6f50d9688a51adc6ec659826c6bbbb108fd460ca8cdded4df8685c	Amakpa deka.		2	0					gej	
b8b64b238172873aa5b51b92f7135664c16d7d384dfc382cfd4982747c53e541032fe83b770400225720f551fcb2a9b273a351e01ed6297908140cc7cae79ded	common_voice_gej_43294170.mp3	eff6a9fbd0cdc176a360e3b9c63129e197c581f274a6a8ea9faf5d47665026b8	Kokoeto.		2	0					gej	
b8b64b238172873aa5b51b92f7135664c16d7d384dfc382cfd4982747c53e541032fe83b770400225720f551fcb2a9b273a351e01ed6297908140cc7cae79ded	common_voice_gej_43294171.mp3	e14c70a72effbb0d53ebce12ad2035a2fe5f89d644bb609da0a97550303c8474	Dojikpoto awo.		2	0					gej	
b8b64b238172873aa5b51b92f7135664c16d7d384dfc382cfd4982747c53e541032fe83b770400225720f551fcb2a9b273a351e01ed6297908140cc7cae79ded	common_voice_gej_43294172.mp3	be8daa1e80ff918dbf448b292ed77c8b227e549437543fed6f72924894754d57	Ke mu yoe vo a mu kpekpe do me na mu o.		2	0					gej	
b8b64b238172873aa5b51b92f7135664c16d7d384dfc382cfd4982747c53e541032fe83b770400225720f551fcb2a9b273a351e01ed6297908140cc7cae79ded	common_voice_gej_43294182.mp3	fafd4b3672c781d21784b75180028876df15f451e9f815b19817153f3f740a9f	Wo so anyele be hlokawo.		2	0					gej	
b8b64b238172873aa5b51b92f7135664c16d7d384dfc382cfd4982747c53e541032fe83b770400225720f551fcb2a9b273a351e01ed6297908140cc7cae79ded	common_voice_gej_43294183.mp3	fbdedd16f76135ec6d35444a56184e057851693a8945a21953ac646f0c98292e	Woeade.		2	0					gej	
b8b64b238172873aa5b51b92f7135664c16d7d384dfc382cfd4982747c53e541032fe83b770400225720f551fcb2a9b273a351e01ed6297908140cc7cae79ded	common_voice_gej_43294184.mp3	c3dc8d47a5e342009d13abd91fc1e32347864f1e60b87896b71843d5c59619dc	Za gawoeve.		2	0					gej	
b8b64b238172873aa5b51b92f7135664c16d7d384dfc382cfd4982747c53e541032fe83b770400225720f551fcb2a9b273a351e01ed6297908140cc7cae79ded	common_voice_gej_43294186.mp3	e2de56cfa818d65f13533da2cd3273a9f73ce8270ad69b091d89e6239460f997	Ma bio mo.		2	0					gej	
b8b64b238172873aa5b51b92f7135664c16d7d384dfc382cfd4982747c53e541032fe83b770400225720f551fcb2a9b273a351e01ed6297908140cc7cae79ded	common_voice_gej_43294197.mp3	f2058139d0ca2189599cbf00e3022f37c070b87ce042aa540b3aedda9997f50c	Wetro gato.		2	0					gej	
b8b64b238172873aa5b51b92f7135664c16d7d384dfc382cfd4982747c53e541032fe83b770400225720f551fcb2a9b273a351e01ed6297908140cc7cae79ded	common_voice_gej_43294198.mp3	dfddabde4da6aa07748a5f3cb7ca04ab37783d19a6223b3431405bcbc76dbdb6	Po gble.		2	0					gej	
b8b64b238172873aa5b51b92f7135664c16d7d384dfc382cfd4982747c53e541032fe83b770400225720f551fcb2a9b273a351e01ed6297908140cc7cae79ded	common_voice_gej_43294199.mp3	4de0232d92eb20d914655c2b8f9dbd552f9dedf8aa54a0f4618badf874da5d24	Atike dede.		2	0					gej	
b8b64b238172873aa5b51b92f7135664c16d7d384dfc382cfd4982747c53e541032fe83b770400225720f551fcb2a9b273a351e01ed6297908140cc7cae79ded	common_voice_gej_43294200.mp3	cce94dd0b31259cc9031cac67b94cca9b1e8e8c5f60c3e35e9c7ef56e0dbec98	Mamajesi.		3	0					gej	
b8b64b238172873aa5b51b92f7135664c16d7d384dfc382cfd4982747c53e541032fe83b770400225720f551fcb2a9b273a351e01ed6297908140cc7cae79ded	common_voice_gej_43294201.mp3	f4c6df2f75488dc9b494d6117d98cd801aabb25923c700116f6ce64b13d8fe67	Ne fofo a gbo a to ne be mu le ji i loo.		2	0					gej	
b8b64b238172873aa5b51b92f7135664c16d7d384dfc382cfd4982747c53e541032fe83b770400225720f551fcb2a9b273a351e01ed6297908140cc7cae79ded	common_voice_gej_43294202.mp3	ec45258c28a19a03fd0ac019091f47c1d3df563a45d0da4f9ddea67d60533c2f	Do ke ye wo wona a o?		2	0					gej	
b8b64b238172873aa5b51b92f7135664c16d7d384dfc382cfd4982747c53e541032fe83b770400225720f551fcb2a9b273a351e01ed6297908140cc7cae79ded	common_voice_gej_43294203.mp3	64b76761e0a28e97fd70ff7a8686c1cc09dc4401698406af4745bd617ab79c29	Mi me te.		2	0					gej	
b8b64b238172873aa5b51b92f7135664c16d7d384dfc382cfd4982747c53e541032fe83b770400225720f551fcb2a9b273a351e01ed6297908140cc7cae79ded	common_voice_gej_43294204.mp3	d96d657716fc1fee6a716cbed4e0cbcd9320c28d3d108220bd0d636774dc79c8	Agbledemo.		2	0					gej	
b8b64b238172873aa5b51b92f7135664c16d7d384dfc382cfd4982747c53e541032fe83b770400225720f551fcb2a9b273a351e01ed6297908140cc7cae79ded	common_voice_gej_43294205.mp3	b5af3db6279edb9b46f573eda4aee0e71b67873e49341f34ae88c055552ddbb6	Alobolu.		2	0					gej	
b8b64b238172873aa5b51b92f7135664c16d7d384dfc382cfd4982747c53e541032fe83b770400225720f551fcb2a9b273a351e01ed6297908140cc7cae79ded	common_voice_gej_43294206.mp3	e4ab77a3142f65d7edcb487088882df559c425ef65e1d7c00b79b146f721953d	Wetro gade.		2	0					gej	
b8b64b238172873aa5b51b92f7135664c16d7d384dfc382cfd4982747c53e541032fe83b770400225720f551fcb2a9b273a351e01ed6297908140cc7cae79ded	common_voice_gej_43294207.mp3	ebcc765bb2ed0060b114cb45d703a827af7182b731a673abd14f2c60e1861e23	Ahuawonu.		2	0					gej	
b8b64b238172873aa5b51b92f7135664c16d7d384dfc382cfd4982747c53e541032fe83b770400225720f551fcb2a9b273a351e01ed6297908140cc7cae79ded	common_voice_gej_43294209.mp3	cf741ebb56eddd68eb09a1b0ad38ff4b265fb29184b6dff1255a4fa2b2ba6831	Biye je to.		2	0					gej	
b8b64b238172873aa5b51b92f7135664c16d7d384dfc382cfd4982747c53e541032fe83b770400225720f551fcb2a9b273a351e01ed6297908140cc7cae79ded	common_voice_gej_43294210.mp3	890d3a68a74eb2b6a1747c3779841b62e768cdfc8647ae39b3232e9e977dbfe6	Je ade.		2	0					gej	
b8b64b238172873aa5b51b92f7135664c16d7d384dfc382cfd4982747c53e541032fe83b770400225720f551fcb2a9b273a351e01ed6297908140cc7cae79ded	common_voice_gej_43294211.mp3	e9e9de044c6ebcf02b98fa02c1172209029467ec9c7c5b3825a2475b6464c12b	Adeha.		2	0					gej	
b8b64b238172873aa5b51b92f7135664c16d7d384dfc382cfd4982747c53e541032fe83b770400225720f551fcb2a9b273a351e01ed6297908140cc7cae79ded	common_voice_gej_43294212.mp3	f7abee7823768d12402e62508bf2c14dc575216c2826ed94905db15e55f3369b	Nya nye gble.		2	0					gej	
b8b64b238172873aa5b51b92f7135664c16d7d384dfc382cfd4982747c53e541032fe83b770400225720f551fcb2a9b273a351e01ed6297908140cc7cae79ded	common_voice_gej_43294213.mp3	cbd0f2d9f7550e0b94329d630a50e6ac8c4447555d697f165386e638548a8f51	Mu ko nu.		2	0					gej	
b8b64b238172873aa5b51b92f7135664c16d7d384dfc382cfd4982747c53e541032fe83b770400225720f551fcb2a9b273a351e01ed6297908140cc7cae79ded	common_voice_gej_43294214.mp3	ea8cc8672c9ff1d0ad78aeebb150606eabe107f6a64ad58dec4ac4de891dd4ac	So angu do akpo me.		2	0					gej	
b8b64b238172873aa5b51b92f7135664c16d7d384dfc382cfd4982747c53e541032fe83b770400225720f551fcb2a9b273a351e01ed6297908140cc7cae79ded	common_voice_gej_43294215.mp3	cc9abe9b5eacc7edd7c518db94b51039e95ddd8f533b3806d4bc6b812a529a27	Fu.		2	0					gej	
b8b64b238172873aa5b51b92f7135664c16d7d384dfc382cfd4982747c53e541032fe83b770400225720f551fcb2a9b273a351e01ed6297908140cc7cae79ded	common_voice_gej_43294216.mp3	fd1bb50307817e3c36092e85d6803ef171c283706127f4ca0c561705b30e46dd	Xo a me xixa nguto.		3	0					gej	
b8b64b238172873aa5b51b92f7135664c16d7d384dfc382cfd4982747c53e541032fe83b770400225720f551fcb2a9b273a351e01ed6297908140cc7cae79ded	common_voice_gej_43294217.mp3	ec50a053df641ce9dabcad49a73f4df7085f12e0c091b8800adda25495077431	Joda.		2	0					gej	
b8b64b238172873aa5b51b92f7135664c16d7d384dfc382cfd4982747c53e541032fe83b770400225720f551fcb2a9b273a351e01ed6297908140cc7cae79ded	common_voice_gej_43294218.mp3	e9ffaf2fad609906167189582ce0020a3828ed83b279596da4cfd6ef899480c1	Nuke ma sa na wo ?		2	0					gej	
b8b64b238172873aa5b51b92f7135664c16d7d384dfc382cfd4982747c53e541032fe83b770400225720f551fcb2a9b273a351e01ed6297908140cc7cae79ded	common_voice_gej_43294219.mp3	f312e132b3857721c90a0eb9c33d010ee812df3271a3a7ada2e1b19681986531	Mu yoe co mu va o.		2	0					gej	
b8b64b238172873aa5b51b92f7135664c16d7d384dfc382cfd4982747c53e541032fe83b770400225720f551fcb2a9b273a351e01ed6297908140cc7cae79ded	common_voice_gej_43294220.mp3	95e93622de3f51345409e59b11c3071a1f29f46c708e20c7b59c1c74271f814d	Ahlokoba le yi asi me.		3	0					gej	
b8b64b238172873aa5b51b92f7135664c16d7d384dfc382cfd4982747c53e541032fe83b770400225720f551fcb2a9b273a351e01ed6297908140cc7cae79ded	common_voice_gej_43294221.mp3	cbceb469355274001dd56c3956c9767e7069abf7592a622449e8ea32fb56c775	Mli nu.		2	0					gej	
b8b64b238172873aa5b51b92f7135664c16d7d384dfc382cfd4982747c53e541032fe83b770400225720f551fcb2a9b273a351e01ed6297908140cc7cae79ded	common_voice_gej_43294222.mp3	f67e979c69639af10cad959e8be459984458eef1503ec833ab0c5fc1d3cd2971	Yi akodape.		2	0					gej	
b8b64b238172873aa5b51b92f7135664c16d7d384dfc382cfd4982747c53e541032fe83b770400225720f551fcb2a9b273a351e01ed6297908140cc7cae79ded	common_voice_gej_43294223.mp3	e7c8ce769b41ca13320d2ef04ecf1f46a27ba13c257bdf7144c60bb77919a43c	Nye mu le ji la nyi afokle na tohono be deviwo o.		2	0					gej	
b8b64b238172873aa5b51b92f7135664c16d7d384dfc382cfd4982747c53e541032fe83b770400225720f551fcb2a9b273a351e01ed6297908140cc7cae79ded	common_voice_gej_43294224.mp3	f1262d6cba174e98ea09ce0838699708356700db35d8b7a75e35d3c7de2d2714	Angosito.		2	0					gej	
b8b64b238172873aa5b51b92f7135664c16d7d384dfc382cfd4982747c53e541032fe83b770400225720f551fcb2a9b273a351e01ed6297908140cc7cae79ded	common_voice_gej_43294225.mp3	de72c3f34cf168162cf532ed9facf448250664f3a51c60bb84ca5c2c2e34656d	Na ale.		2	0					gej	
b8b64b238172873aa5b51b92f7135664c16d7d384dfc382cfd4982747c53e541032fe83b770400225720f551fcb2a9b273a351e01ed6297908140cc7cae79ded	common_voice_gej_43294226.mp3	a2bfc126812ccb6b0a1baa6e23797b42315b4efed406166a0b68d4ac73399ada	Ayemenuwowo.		2	0					gej	
b8b64b238172873aa5b51b92f7135664c16d7d384dfc382cfd4982747c53e541032fe83b770400225720f551fcb2a9b273a351e01ed6297908140cc7cae79ded	common_voice_gej_43294232.mp3	f4b6f540da1b79d42556601df8f6470fc378fbde623482dd8d8531210f2ba902	Mi le ku.		2	0					gej	
b8b64b238172873aa5b51b92f7135664c16d7d384dfc382cfd4982747c53e541032fe83b770400225720f551fcb2a9b273a351e01ed6297908140cc7cae79ded	common_voice_gej_43294238.mp3	8cbfbf01fd8266ba69ac3ac12e6c370e70cc88416e2d6418b14b05008392d7e0	Adidovivi.		2	0					gej	
b8b64b238172873aa5b51b92f7135664c16d7d384dfc382cfd4982747c53e541032fe83b770400225720f551fcb2a9b273a351e01ed6297908140cc7cae79ded	common_voice_gej_43294239.mp3	dc8739e66af5d1c1d5d8b80a1a705d42b611bc6dc15373f70b52b4dd901c6132	Du alo.		2	0					gej	
b8b64b238172873aa5b51b92f7135664c16d7d384dfc382cfd4982747c53e541032fe83b770400225720f551fcb2a9b273a351e01ed6297908140cc7cae79ded	common_voice_gej_43294240.mp3	87d03dba25170086b1a505babd8c8d714f9f48ed6e04949f0c277d5bf7527cd6	Ke enyi be asisino vevede ye wo nyi na mu a ye nguti mu le so wo na wo nene looo.		2	0					gej	
b8b64b238172873aa5b51b92f7135664c16d7d384dfc382cfd4982747c53e541032fe83b770400225720f551fcb2a9b273a351e01ed6297908140cc7cae79ded	common_voice_gej_43294241.mp3	d6eceb65ad80f9e97a9b411c6d7a2546619405fba6e9517351a39b36fb68ee3f	Todoe.		2	0					gej	
b8b64b238172873aa5b51b92f7135664c16d7d384dfc382cfd4982747c53e541032fe83b770400225720f551fcb2a9b273a351e01ed6297908140cc7cae79ded	common_voice_gej_43294243.mp3	f00bc00b5aed3928bf6cdb00f16062775d3df0593c98c1be78e287de6d1c4c28	Mi jra moa do.		2	0					gej	
b8b64b238172873aa5b51b92f7135664c16d7d384dfc382cfd4982747c53e541032fe83b770400225720f551fcb2a9b273a351e01ed6297908140cc7cae79ded	common_voice_gej_43294244.mp3	905e25a3d041185acabbae1ea4e98e03516c073b619eda8af995f6ed5a579711	Ee.		3	0					gej	
b8b64b238172873aa5b51b92f7135664c16d7d384dfc382cfd4982747c53e541032fe83b770400225720f551fcb2a9b273a351e01ed6297908140cc7cae79ded	common_voice_gej_43294245.mp3	eb1bace30ff70e0d7fa2a58d792748bd4a48ced6c0092b52a2c4676bb06578f3	Edodato.		2	0					gej	
b8b64b238172873aa5b51b92f7135664c16d7d384dfc382cfd4982747c53e541032fe83b770400225720f551fcb2a9b273a351e01ed6297908140cc7cae79ded	common_voice_gej_43294246.mp3	ef3e509096f6fb6a062e6f6d29b8764a98f90ae7e4dd4e30bce33d47930d14d8	Mu gba vetukpa a o loo.		2	0					gej	
b8b64b238172873aa5b51b92f7135664c16d7d384dfc382cfd4982747c53e541032fe83b770400225720f551fcb2a9b273a351e01ed6297908140cc7cae79ded	common_voice_gej_43294247.mp3	6017f78807b9fd48c7fea661cd7e3adf60de2d712e4f9eaf31bd621ace678f05	Adikunu.		2	0					gej	
b8b64b238172873aa5b51b92f7135664c16d7d384dfc382cfd4982747c53e541032fe83b770400225720f551fcb2a9b273a351e01ed6297908140cc7cae79ded	common_voice_gej_43294248.mp3	e1964ecba5ab0e387da8d2594a9efb7b9c4b2287978432c88487f7398ddd497d	Zizi abi.		2	0					gej	
b8b64b238172873aa5b51b92f7135664c16d7d384dfc382cfd4982747c53e541032fe83b770400225720f551fcb2a9b273a351e01ed6297908140cc7cae79ded	common_voice_gej_43294249.mp3	c286b7ffc4d8f9b46f1f70b9d25bc20e1569325d4af149700e735e455ed48fbc	Ali le ve nyonu a.		2	0					gej	
b8b64b238172873aa5b51b92f7135664c16d7d384dfc382cfd4982747c53e541032fe83b770400225720f551fcb2a9b273a351e01ed6297908140cc7cae79ded	common_voice_gej_43294250.mp3	87897fd4afd57b0a1093a3dc077b93c4d252176cea416813ce8921939b957769	Ayayi la fa na wo.		2	0					gej	
b8b64b238172873aa5b51b92f7135664c16d7d384dfc382cfd4982747c53e541032fe83b770400225720f551fcb2a9b273a351e01ed6297908140cc7cae79ded	common_voice_gej_43294251.mp3	f03689e140d016e085879307278ac770ba809f6e2118f386fd1d61a8f4b3342c	Asanguxue.		3	0					gej	
b8b64b238172873aa5b51b92f7135664c16d7d384dfc382cfd4982747c53e541032fe83b770400225720f551fcb2a9b273a351e01ed6297908140cc7cae79ded	common_voice_gej_43294252.mp3	6eb0c79d603e16f7993b6e0279cb729d10a3956121bb3a2b536fd9aea03c93a3	Adika le som.		2	0					gej	
b8b64b238172873aa5b51b92f7135664c16d7d384dfc382cfd4982747c53e541032fe83b770400225720f551fcb2a9b273a351e01ed6297908140cc7cae79ded	common_voice_gej_43294253.mp3	cd27f36a1f09605a3e1d98a155d70602cf536cfa2d6bc09494012164298711d7	Wo ca wo le yi axue a ?		2	0					gej	
b8b64b238172873aa5b51b92f7135664c16d7d384dfc382cfd4982747c53e541032fe83b770400225720f551fcb2a9b273a351e01ed6297908140cc7cae79ded	common_voice_gej_43294254.mp3	980847b5e6c11e37a67c85662a593f6b56beaafcb8836efc8e560b2874a7f561	Kpatima.		2	0					gej	
b8b64b238172873aa5b51b92f7135664c16d7d384dfc382cfd4982747c53e541032fe83b770400225720f551fcb2a9b273a351e01ed6297908140cc7cae79ded	common_voice_gej_43294255.mp3	ee771ed184449605ffc55e5e2f25bbae3336b9616556a2a98d1e11b56b4be0ff	Dowoto wa.		2	0					gej	
b8b64b238172873aa5b51b92f7135664c16d7d384dfc382cfd4982747c53e541032fe83b770400225720f551fcb2a9b273a351e01ed6297908140cc7cae79ded	common_voice_gej_43294256.mp3	aec20e00a15120960d6ec6d5b7d12bc4936b1504fd0870e2423eec7518d1a8e6	Ayamehude.		2	0					gej	
b8b64b238172873aa5b51b92f7135664c16d7d384dfc382cfd4982747c53e541032fe83b770400225720f551fcb2a9b273a351e01ed6297908140cc7cae79ded	common_voice_gej_43294257.mp3	e91d3a27e46684c1d35422a854437c006b8d35e1e93781422fc9659fc7293208	Ano.		2	0					gej	
b8b64b238172873aa5b51b92f7135664c16d7d384dfc382cfd4982747c53e541032fe83b770400225720f551fcb2a9b273a351e01ed6297908140cc7cae79ded	common_voice_gej_43294258.mp3	f253e5e114d2a3b23945652686c30dd753dea962e48e74ed028ab821325d7e18	Za le do do mu, mia va do go.		2	0					gej	
b8b64b238172873aa5b51b92f7135664c16d7d384dfc382cfd4982747c53e541032fe83b770400225720f551fcb2a9b273a351e01ed6297908140cc7cae79ded	common_voice_gej_43294259.mp3	f540db5564d98c1b88e754e8fdaefec5d74df153453be50c637301fc33c30c05	Nyigli.		2	0					gej	
b8b64b238172873aa5b51b92f7135664c16d7d384dfc382cfd4982747c53e541032fe83b770400225720f551fcb2a9b273a351e01ed6297908140cc7cae79ded	common_voice_gej_43294260.mp3	c137be529fc0a2f2266999b8d1deb08af8baeae1be8d84b9a95ec2519820eeb8	Si blublu.		2	0					gej	
b8b64b238172873aa5b51b92f7135664c16d7d384dfc382cfd4982747c53e541032fe83b770400225720f551fcb2a9b273a351e01ed6297908140cc7cae79ded	common_voice_gej_43294261.mp3	b835cd6864b94a92e5bd5acb93161c7fa781e2020c7400f2617a7922fb45fc7c	Biya.		2	0					gej	
b8b64b238172873aa5b51b92f7135664c16d7d384dfc382cfd4982747c53e541032fe83b770400225720f551fcb2a9b273a351e01ed6297908140cc7cae79ded	common_voice_gej_43294262.mp3	b1c8f6d4bef6209b53f3b23570cad5c6f33dcecaa9947bf8ba176d3874ab55f0	Mi gba ne.		2	0					gej	
b8b64b238172873aa5b51b92f7135664c16d7d384dfc382cfd4982747c53e541032fe83b770400225720f551fcb2a9b273a351e01ed6297908140cc7cae79ded	common_voice_gej_43294263.mp3	f1b7bb03f86b9ab9329e9a6bd7ce5b976436b4d33274ce7e13b41c0e887899c7	Kponovi.		2	0					gej	
b8b64b238172873aa5b51b92f7135664c16d7d384dfc382cfd4982747c53e541032fe83b770400225720f551fcb2a9b273a351e01ed6297908140cc7cae79ded	common_voice_gej_43294264.mp3	fedc0264042404349aff624f071dd97e2c52680ea9eed11d02b7d9bd089b3aed	Abajivo.		2	0					gej	
b8b64b238172873aa5b51b92f7135664c16d7d384dfc382cfd4982747c53e541032fe83b770400225720f551fcb2a9b273a351e01ed6297908140cc7cae79ded	common_voice_gej_43294265.mp3	f7dfa471ba368e4f5f4c8a4e352859def70083dce9563597326c4acad2dd9db6	Eno.		2	0					gej	
b8b64b238172873aa5b51b92f7135664c16d7d384dfc382cfd4982747c53e541032fe83b770400225720f551fcb2a9b273a351e01ed6297908140cc7cae79ded	common_voice_gej_43294267.mp3	77455bfa59b5b79788970de0427f8557e7443188a5c92d81de170264cb6764ac	Ekploa lolo ngto.		2	0					gej	
b8b64b238172873aa5b51b92f7135664c16d7d384dfc382cfd4982747c53e541032fe83b770400225720f551fcb2a9b273a351e01ed6297908140cc7cae79ded	common_voice_gej_43294268.mp3	d48c4ac6ac269450dc8b1a8a35d05c8071608046a52e6924a5cc9f2e807fdb47	Adogbodedejo.		2	0					gej	
b8b64b238172873aa5b51b92f7135664c16d7d384dfc382cfd4982747c53e541032fe83b770400225720f551fcb2a9b273a351e01ed6297908140cc7cae79ded	common_voice_gej_43294269.mp3	c7e0dfab36f4ca2287b2d35bf2e02b46e99eb9486c40487fb2b5879f420eed72	Ace.		2	0					gej	
b8b64b238172873aa5b51b92f7135664c16d7d384dfc382cfd4982747c53e541032fe83b770400225720f551fcb2a9b273a351e01ed6297908140cc7cae79ded	common_voice_gej_43294270.mp3	d996bcf55b3e312bc9e5e462a86cade82d6407c0d3aa07a9e87b92d1fbfba064	Ke ye fofo a gbo a mu gblo nya ne.		2	0					gej	
b8b64b238172873aa5b51b92f7135664c16d7d384dfc382cfd4982747c53e541032fe83b770400225720f551fcb2a9b273a351e01ed6297908140cc7cae79ded	common_voice_gej_43294271.mp3	efe09db235d86eb881364f76b081507367d3aed303d947ea0c6d40f8968c6442	Afrikanyonu!		3	0					gej	
b8b64b238172873aa5b51b92f7135664c16d7d384dfc382cfd4982747c53e541032fe83b770400225720f551fcb2a9b273a351e01ed6297908140cc7cae79ded	common_voice_gej_43294272.mp3	f4320d273b6cdac659451d22d64b642a625d131f0ef3e01d12fbff4a8025a785	Axwenovi.		2	0					gej	
b8b64b238172873aa5b51b92f7135664c16d7d384dfc382cfd4982747c53e541032fe83b770400225720f551fcb2a9b273a351e01ed6297908140cc7cae79ded	common_voice_gej_43294273.mp3	e7b502f7ab50ae03ed1eb166d0a4b92fa5f3c0f062a75579bca09c0ed43963f6	Alagba go.		3	0					gej	
b8b64b238172873aa5b51b92f7135664c16d7d384dfc382cfd4982747c53e541032fe83b770400225720f551fcb2a9b273a351e01ed6297908140cc7cae79ded	common_voice_gej_43294274.mp3	c92d7d496339992ce56e6d8c7d8cfcb1c7e86d593ddb16f95fa108a67741f1d6	Ngotimegbedidi.		3	0					gej	
b8b64b238172873aa5b51b92f7135664c16d7d384dfc382cfd4982747c53e541032fe83b770400225720f551fcb2a9b273a351e01ed6297908140cc7cae79ded	common_voice_gej_43294275.mp3	e67dddc9d86d97c3801cb24530d93f9dd770637ce831c04dfd014058c6a6655c	Esra adome.		2	0					gej	
b8b64b238172873aa5b51b92f7135664c16d7d384dfc382cfd4982747c53e541032fe83b770400225720f551fcb2a9b273a351e01ed6297908140cc7cae79ded	common_voice_gej_43294276.mp3	9ce7eac4821f1a36303403c3f3e093c4ef17877385337c691d67b7171eb57fc3	Azicro.		2	0					gej	
b8b64b238172873aa5b51b92f7135664c16d7d384dfc382cfd4982747c53e541032fe83b770400225720f551fcb2a9b273a351e01ed6297908140cc7cae79ded	common_voice_gej_43294277.mp3	c0a1215e4f0fadd549d8e4bceb3c460473e28220c33ffedac06314e46a311d79	Piam.		2	0					gej	
b8b64b238172873aa5b51b92f7135664c16d7d384dfc382cfd4982747c53e541032fe83b770400225720f551fcb2a9b273a351e01ed6297908140cc7cae79ded	common_voice_gej_43294278.mp3	f73b4b331a986db03f0d511f7b3f648490fb0e206b51c0280887381a8ecfdf3e	Jipo.		2	0					gej	
b8b64b238172873aa5b51b92f7135664c16d7d384dfc382cfd4982747c53e541032fe83b770400225720f551fcb2a9b273a351e01ed6297908140cc7cae79ded	common_voice_gej_43294279.mp3	d22f9ea192541a9e33d724e8dddf93c3f5f439e4d5bd1e59382d0c246079d9a5	Ati gbede.		2	0					gej	
b8b64b238172873aa5b51b92f7135664c16d7d384dfc382cfd4982747c53e541032fe83b770400225720f551fcb2a9b273a351e01ed6297908140cc7cae79ded	common_voice_gej_43294280.mp3	b4c6abb3fb8ec6b355bf65a08b38aced0eaab06f4bcea992b2aa00c53527b9c2	Gakpame.		3	0					gej	
b8b64b238172873aa5b51b92f7135664c16d7d384dfc382cfd4982747c53e541032fe83b770400225720f551fcb2a9b273a351e01ed6297908140cc7cae79ded	common_voice_gej_43294281.mp3	e85e642cf4b97637ede884e6cef7683e416cf2a7b87b52729ea89f4afaa9520e	Ahliha.		2	0					gej	
b8b64b238172873aa5b51b92f7135664c16d7d384dfc382cfd4982747c53e541032fe83b770400225720f551fcb2a9b273a351e01ed6297908140cc7cae79ded	common_voice_gej_43294283.mp3	ff0d2ad8a5b0e3eaddda5017ffd83db51308e28e8898a3964c88390625fd30cb	Nu si.		2	0					gej	
b8b64b238172873aa5b51b92f7135664c16d7d384dfc382cfd4982747c53e541032fe83b770400225720f551fcb2a9b273a351e01ed6297908140cc7cae79ded	common_voice_gej_43294284.mp3	f7645b7ed45da973a3d605cb4c1193b72bbb07d293bdae52eaccef28a771bde6	Ci akpo.		2	0					gej	
b8b64b238172873aa5b51b92f7135664c16d7d384dfc382cfd4982747c53e541032fe83b770400225720f551fcb2a9b273a351e01ed6297908140cc7cae79ded	common_voice_gej_43294286.mp3	012a9f190a52dcb160273244bfa11589d0d94e38d49b7c1db058e22d47d84f8f	Adole na vi a abitike.		2	0					gej	
b8b64b238172873aa5b51b92f7135664c16d7d384dfc382cfd4982747c53e541032fe83b770400225720f551fcb2a9b273a351e01ed6297908140cc7cae79ded	common_voice_gej_43294287.mp3	ee52832bcb7ba1aaed698abd52fa0daa0288cc9a3b76d9ec4fb862a21d602911	Fudede.		3	0					gej	
b8b64b238172873aa5b51b92f7135664c16d7d384dfc382cfd4982747c53e541032fe83b770400225720f551fcb2a9b273a351e01ed6297908140cc7cae79ded	common_voice_gej_43294288.mp3	9e736d5d8df3afbc3eaa0de3e504c10d0a9531b61153decad26f1f6665ac208f	Amania.		2	0					gej	
b8b64b238172873aa5b51b92f7135664c16d7d384dfc382cfd4982747c53e541032fe83b770400225720f551fcb2a9b273a351e01ed6297908140cc7cae79ded	common_voice_gej_43294289.mp3	6b147350c7b7e9c6a135ef338f967266cfba912004f5efdcca7ea3e9b45aad38	Gbligbligbli.		2	0					gej	
b8b64b238172873aa5b51b92f7135664c16d7d384dfc382cfd4982747c53e541032fe83b770400225720f551fcb2a9b273a351e01ed6297908140cc7cae79ded	common_voice_gej_43294291.mp3	fae5af6598e42c31a087c1da1620fc08d6250a5347c76d6af3e62e27d13bb4d5	Miabe lamese le vevede looo!		2	0					gej	
b8b64b238172873aa5b51b92f7135664c16d7d384dfc382cfd4982747c53e541032fe83b770400225720f551fcb2a9b273a351e01ed6297908140cc7cae79ded	common_voice_gej_43294292.mp3	f9da3fc1bc6ead1a709fb060af9cf5afc68e7410c0ba6d49bce2026d4f2ce305	Kpa abobo.		2	0					gej	
b8b64b238172873aa5b51b92f7135664c16d7d384dfc382cfd4982747c53e541032fe83b770400225720f551fcb2a9b273a351e01ed6297908140cc7cae79ded	common_voice_gej_43294294.mp3	01d3188981ddfedefb29f72d6f577b5509f8910f50cd7832adec71275891e39d	Jitete.		2	0					gej	
b8b64b238172873aa5b51b92f7135664c16d7d384dfc382cfd4982747c53e541032fe83b770400225720f551fcb2a9b273a351e01ed6297908140cc7cae79ded	common_voice_gej_43294295.mp3	03ddfdc72812fc52bd0dcc19bf417e592291581ec6597e78b35fb97844df90a4	Wo mu la ci kpo o.		2	0					gej	
b8b64b238172873aa5b51b92f7135664c16d7d384dfc382cfd4982747c53e541032fe83b770400225720f551fcb2a9b273a351e01ed6297908140cc7cae79ded	common_voice_gej_43294296.mp3	cdfe11f1d50a0854c49a824689e21cb5f51d6fcb34a22e1c5e9c68b94ab8146e	Wo si ami egbe a?		2	0					gej	
b8b64b238172873aa5b51b92f7135664c16d7d384dfc382cfd4982747c53e541032fe83b770400225720f551fcb2a9b273a351e01ed6297908140cc7cae79ded	common_voice_gej_43294298.mp3	f09de438abb58a55303d022489c7ff9102aafac5f09904e14ddd1159dc187c32	Ele ci kpo a?		2	0					gej	
b8b64b238172873aa5b51b92f7135664c16d7d384dfc382cfd4982747c53e541032fe83b770400225720f551fcb2a9b273a351e01ed6297908140cc7cae79ded	common_voice_gej_43294299.mp3	f06ba7374073e188be9dda5eb6b48c1d2caf7b4ac162a5676a76a61a6542c67c	Vo na agbeto wu da.		2	0					gej	
b8b64b238172873aa5b51b92f7135664c16d7d384dfc382cfd4982747c53e541032fe83b770400225720f551fcb2a9b273a351e01ed6297908140cc7cae79ded	common_voice_gej_43294300.mp3	c50e3ac308a67ce2f8b7861487391f2441d4a88474e5746e326e45fb231f6227	Nugbovi ga.		2	0					gej	
b8b64b238172873aa5b51b92f7135664c16d7d384dfc382cfd4982747c53e541032fe83b770400225720f551fcb2a9b273a351e01ed6297908140cc7cae79ded	common_voice_gej_43294301.mp3	eff4591a3cf345f7b534ae3382411aa8d9a748b111ca86e2c1bfb042051d5216	Wo ho ebe legba.		3	0					gej	
b8b64b238172873aa5b51b92f7135664c16d7d384dfc382cfd4982747c53e541032fe83b770400225720f551fcb2a9b273a351e01ed6297908140cc7cae79ded	common_voice_gej_43294303.mp3	09ffa8bcf736ec2490f69cc1ea22281bfbb7b6b4b1814d1dde0b8156312df503	Mu gba ne.		2	0					gej	
b8b64b238172873aa5b51b92f7135664c16d7d384dfc382cfd4982747c53e541032fe83b770400225720f551fcb2a9b273a351e01ed6297908140cc7cae79ded	common_voice_gej_43294304.mp3	f42a8c9dee2fdf45cf5fe180b9b08c2a75947fbeb888f8bb68aa872b4a013866	Adovizekpa.		2	0					gej	
b8b64b238172873aa5b51b92f7135664c16d7d384dfc382cfd4982747c53e541032fe83b770400225720f551fcb2a9b273a351e01ed6297908140cc7cae79ded	common_voice_gej_43294307.mp3	cda05397b6c8b85048ef0bd2ad095d2af57fb91c38d28b8edacf464f2776eb0e	Afi.		2	0					gej	
b8b64b238172873aa5b51b92f7135664c16d7d384dfc382cfd4982747c53e541032fe83b770400225720f551fcb2a9b273a351e01ed6297908140cc7cae79ded	common_voice_gej_43294309.mp3	0832b3d5e0a3819104b077b321f6447d226950df72a045aa6c9c13cfdff8bf5d	Epuna du.		2	0					gej	
b8b64b238172873aa5b51b92f7135664c16d7d384dfc382cfd4982747c53e541032fe83b770400225720f551fcb2a9b273a351e01ed6297908140cc7cae79ded	common_voice_gej_43294310.mp3	07934216fc111cb6379de28c8cdb296ac21f964fd703bd9332d83ea7dec02ac9	Acekpato.		3	0					gej	
b8b64b238172873aa5b51b92f7135664c16d7d384dfc382cfd4982747c53e541032fe83b770400225720f551fcb2a9b273a351e01ed6297908140cc7cae79ded	common_voice_gej_43294311.mp3	d430052a7c8ef1cfd3aea550d86270454145632819602b3358277e1710a7c0fa	Kopuvevesese.		3	0					gej	
b8b64b238172873aa5b51b92f7135664c16d7d384dfc382cfd4982747c53e541032fe83b770400225720f551fcb2a9b273a351e01ed6297908140cc7cae79ded	common_voice_gej_43294312.mp3	092dedab0f84b07f7a8f454ddd0e7250f4d9bc811d7ad7b58c856b8e234996ad	Kota ve go a ke nyi akagba a wo yona woabe ngusuwo be : late, boevi, fesu, tevi.		2	0					gej	
b8b64b238172873aa5b51b92f7135664c16d7d384dfc382cfd4982747c53e541032fe83b770400225720f551fcb2a9b273a351e01ed6297908140cc7cae79ded	common_voice_gej_43294313.mp3	d902e866c0ae9537d64188b29da0ee7e34259279670db238bb66ccd14f6956e3	Plengugo ne.		3	0					gej	
b8b64b238172873aa5b51b92f7135664c16d7d384dfc382cfd4982747c53e541032fe83b770400225720f551fcb2a9b273a351e01ed6297908140cc7cae79ded	common_voice_gej_43294314.mp3	69dde9accd7a4d2d083b178cd1e7648105d255a1ef72ba6a3234c660313e0877	Woa wo ye nyi tugba, akagba, ane alo ajigo.		3	0					gej	
b8b64b238172873aa5b51b92f7135664c16d7d384dfc382cfd4982747c53e541032fe83b770400225720f551fcb2a9b273a351e01ed6297908140cc7cae79ded	common_voice_gej_43294315.mp3	fd487b32f2a4103d2a62f004167750ffa4b81613ecfa969dade1612074e2f1b3	Motede.		2	0					gej	
b8b64b238172873aa5b51b92f7135664c16d7d384dfc382cfd4982747c53e541032fe83b770400225720f551fcb2a9b273a351e01ed6297908140cc7cae79ded	common_voice_gej_43294316.mp3	d545be47944eac5a66df63eae9d9e7c2dc741992473bf4e7968c74f590db959e	Le wetri wa me tutu a, wo do kpo doelevi le ajido kaka be ci mo me .		2	0					gej	
b8b64b238172873aa5b51b92f7135664c16d7d384dfc382cfd4982747c53e541032fe83b770400225720f551fcb2a9b273a351e01ed6297908140cc7cae79ded	common_voice_gej_43294318.mp3	0438b20de9ecea95982d84e43d61296d9746da0c66efec9829da25b565672103	Blada.		2	0					gej	
b8b64b238172873aa5b51b92f7135664c16d7d384dfc382cfd4982747c53e541032fe83b770400225720f551fcb2a9b273a351e01ed6297908140cc7cae79ded	common_voice_gej_43294319.mp3	e5cf9854cf56828fa872dca7486e4a37b347b4cd983d0bebcbd9e89efb97316d	Tokoe.		3	0					gej	
b8b64b238172873aa5b51b92f7135664c16d7d384dfc382cfd4982747c53e541032fe83b770400225720f551fcb2a9b273a351e01ed6297908140cc7cae79ded	common_voice_gej_43294320.mp3	c3b66c3974f39e084645fe14043ddfc6b2f7e02202fd7cff8b93944f6a38dbd7	Kotoku gba.		2	0					gej	
b8b64b238172873aa5b51b92f7135664c16d7d384dfc382cfd4982747c53e541032fe83b770400225720f551fcb2a9b273a351e01ed6297908140cc7cae79ded	common_voice_gej_43294321.mp3	bf18dc5c334a6755807374843ee31a9fa6ff22375654a76cc5fd0bae755c91d8	Xo ci.		2	0					gej	
b8b64b238172873aa5b51b92f7135664c16d7d384dfc382cfd4982747c53e541032fe83b770400225720f551fcb2a9b273a351e01ed6297908140cc7cae79ded	common_voice_gej_43294323.mp3	ee7ecd21f1ff0da9b988f9100f5589e2c45d7fc02f48378b456a917e335a870f	Mi so woabe topodowo so do dowowome.		3	0					gej	
b8b64b238172873aa5b51b92f7135664c16d7d384dfc382cfd4982747c53e541032fe83b770400225720f551fcb2a9b273a351e01ed6297908140cc7cae79ded	common_voice_gej_43294324.mp3	d690f36dc9e691506d9e512aaf23d68bf41953be8ff8b78e614def8ee5872d1b	Ayivi be ngugo te.		2	0					gej	
b8b64b238172873aa5b51b92f7135664c16d7d384dfc382cfd4982747c53e541032fe83b770400225720f551fcb2a9b273a351e01ed6297908140cc7cae79ded	common_voice_gej_43294325.mp3	cf2f3e8ed3aa3951337246c9c9e45be98b0a180ea7103e612e2188eba0dd9471	Ejina ha na wo ne wo le fa avi a.		2	0					gej	
b8b64b238172873aa5b51b92f7135664c16d7d384dfc382cfd4982747c53e541032fe83b770400225720f551fcb2a9b273a351e01ed6297908140cc7cae79ded	common_voice_gej_43294327.mp3	f70b04e7ee3f672383b945e08f4c63d9f5a3d5bc9c2a40e224f9659d5a7249ba	Fo so dime.		3	0					gej	
b8b64b238172873aa5b51b92f7135664c16d7d384dfc382cfd4982747c53e541032fe83b770400225720f551fcb2a9b273a351e01ed6297908140cc7cae79ded	common_voice_gej_43294328.mp3	fce1f707e2d38b965c154824dbd7993481a08fb492ba82b2e44942d1fa8c3d3d	Kotokuwui.		2	0					gej	
b8b64b238172873aa5b51b92f7135664c16d7d384dfc382cfd4982747c53e541032fe83b770400225720f551fcb2a9b273a351e01ed6297908140cc7cae79ded	common_voice_gej_43294329.mp3	823618ac9da9307cbef607bfbbd32eeacf13e818c28b5eb0639ab55ef9fa1d4a	Za gawoedeke.		2	0					gej	
b8b64b238172873aa5b51b92f7135664c16d7d384dfc382cfd4982747c53e541032fe83b770400225720f551fcb2a9b273a351e01ed6297908140cc7cae79ded	common_voice_gej_43294330.mp3	b771206dbfd29df37563746aa786a3e714737f339d7f53a2f98fc8ae78be9e6e	Da ako.		2	0					gej	
b8b64b238172873aa5b51b92f7135664c16d7d384dfc382cfd4982747c53e541032fe83b770400225720f551fcb2a9b273a351e01ed6297908140cc7cae79ded	common_voice_gej_43294331.mp3	bd3dabb6ce22508653a86ee6c07b75a6401fec39136c2fa0794466163ee0ec73	Sroto.		2	0					gej	
b8b64b238172873aa5b51b92f7135664c16d7d384dfc382cfd4982747c53e541032fe83b770400225720f551fcb2a9b273a351e01ed6297908140cc7cae79ded	common_voice_gej_43294332.mp3	d5230d097b124eef96afce499ef2ed361e311127792142ff9f2210248fedc94f	Kotokuwoeto.		2	0					gej	
b8b64b238172873aa5b51b92f7135664c16d7d384dfc382cfd4982747c53e541032fe83b770400225720f551fcb2a9b273a351e01ed6297908140cc7cae79ded	common_voice_gej_43294333.mp3	e75fddcb7ee8dad047f44d98a302e3a1a36e4d6c67ba109471cac4c9dab66fea	Aje.		2	0					gej	
b8b64b238172873aa5b51b92f7135664c16d7d384dfc382cfd4982747c53e541032fe83b770400225720f551fcb2a9b273a351e01ed6297908140cc7cae79ded	common_voice_gej_43294334.mp3	0fe9824d67c43b234abcb3819fae5b45be82d146d097a1f777aa69738c17c99f	Dowoto awo.		2	0					gej	
b8b64b238172873aa5b51b92f7135664c16d7d384dfc382cfd4982747c53e541032fe83b770400225720f551fcb2a9b273a351e01ed6297908140cc7cae79ded	common_voice_gej_43294336.mp3	ff1738894b7938d05ec08109936484f66b2e1c2198de4cb6217dd42a191aee94	E de fu.		2	0					gej	
b8b64b238172873aa5b51b92f7135664c16d7d384dfc382cfd4982747c53e541032fe83b770400225720f551fcb2a9b273a351e01ed6297908140cc7cae79ded	common_voice_gej_43294337.mp3	e98a4928b9169abd7a2e8ff7b6585f45d563c14ee62f3e4c1f6bdcf584a04185	Mi do ngku be mi kpoe kpo.		2	0					gej	
b8b64b238172873aa5b51b92f7135664c16d7d384dfc382cfd4982747c53e541032fe83b770400225720f551fcb2a9b273a351e01ed6297908140cc7cae79ded	common_voice_gej_43294338.mp3	bb6d7d4cd8a26044689a930c5862cf09d791b7866e285aa0cded702c9187a87b	Mi ji wo.		2	0					gej	
b8b64b238172873aa5b51b92f7135664c16d7d384dfc382cfd4982747c53e541032fe83b770400225720f551fcb2a9b273a351e01ed6297908140cc7cae79ded	common_voice_gej_43294339.mp3	fb9aed436c54694525d33c1d542fae5f3afef97ab87e2a828ccc0cb9da9d768b	Ewati.		3	0					gej	
b8b64b238172873aa5b51b92f7135664c16d7d384dfc382cfd4982747c53e541032fe83b770400225720f551fcb2a9b273a351e01ed6297908140cc7cae79ded	common_voice_gej_43294340.mp3	a94e2d79bd9577ab680ede6b563d93e9da07107704328a8d3d67d61ea16b2e66	Kawuivoato.		3	0					gej	
b8b64b238172873aa5b51b92f7135664c16d7d384dfc382cfd4982747c53e541032fe83b770400225720f551fcb2a9b273a351e01ed6297908140cc7cae79ded	common_voice_gej_43294341.mp3	fed5fd526bba58878bc2dff7852ac895ce5f1229b8e81e54ca4c907d2226c1b6	Axwe yayra.		2	0					gej	
b8b64b238172873aa5b51b92f7135664c16d7d384dfc382cfd4982747c53e541032fe83b770400225720f551fcb2a9b273a351e01ed6297908140cc7cae79ded	common_voice_gej_43294342.mp3	a8b049dee236235e9ff325c53746699a4a15c99a9641acc01a0db4c075008247	Koklo ta.		3	0					gej	
b8b64b238172873aa5b51b92f7135664c16d7d384dfc382cfd4982747c53e541032fe83b770400225720f551fcb2a9b273a351e01ed6297908140cc7cae79ded	common_voice_gej_43294343.mp3	bb69447ceebb3781bab9c7842de78dedc774942a5500694e457de1a57f7e255b	Kapomonomba.		2	0					gej	
b8b64b238172873aa5b51b92f7135664c16d7d384dfc382cfd4982747c53e541032fe83b770400225720f551fcb2a9b273a351e01ed6297908140cc7cae79ded	common_voice_gej_43294344.mp3	f6d341c9aef314f1dadd9ee6496c785d782054b77038cc90c6e3deca36032631	Zogbo.		2	0					gej	
b8b64b238172873aa5b51b92f7135664c16d7d384dfc382cfd4982747c53e541032fe83b770400225720f551fcb2a9b273a351e01ed6297908140cc7cae79ded	common_voice_gej_43294345.mp3	ceba3902db6984cf4090225fd0f9ba3a43b525e5f6093d3db1d61da9b61a3c41	Gba.		2	0					gej	
b8b64b238172873aa5b51b92f7135664c16d7d384dfc382cfd4982747c53e541032fe83b770400225720f551fcb2a9b273a351e01ed6297908140cc7cae79ded	common_voice_gej_43294346.mp3	bc560e6fdffbceb1157072152ac3ea0d90cc63de7632d7a6687af8e21a535336	Amiwope.		2	0					gej	
b8b64b238172873aa5b51b92f7135664c16d7d384dfc382cfd4982747c53e541032fe83b770400225720f551fcb2a9b273a351e01ed6297908140cc7cae79ded	common_voice_gej_43294347.mp3	ee5cb86dea815144da801bd20c218869d5c65df9787e98b36b9b61fd4dad0c46	Axweno.		2	0					gej	
b8b64b238172873aa5b51b92f7135664c16d7d384dfc382cfd4982747c53e541032fe83b770400225720f551fcb2a9b273a351e01ed6297908140cc7cae79ded	common_voice_gej_43294348.mp3	c98adb7704c27bc8b270db8ac6e2f57ffb6f23e618f8c890fcc24820316075a1	Ji si.		2	0					gej	
b8b64b238172873aa5b51b92f7135664c16d7d384dfc382cfd4982747c53e541032fe83b770400225720f551fcb2a9b273a351e01ed6297908140cc7cae79ded	common_voice_gej_43294349.mp3	d9a79136f5d419759f0febea18dff92514d2186902f337235862d447725bc2b7	Atitoe.		2	0					gej	
b8b64b238172873aa5b51b92f7135664c16d7d384dfc382cfd4982747c53e541032fe83b770400225720f551fcb2a9b273a351e01ed6297908140cc7cae79ded	common_voice_gej_43294350.mp3	eb6c33fd10c939bee1d022790ae1aae1b577a907e62ad948eaad77c2073ad57c	Nu aha.		2	0					gej	
b8b64b238172873aa5b51b92f7135664c16d7d384dfc382cfd4982747c53e541032fe83b770400225720f551fcb2a9b273a351e01ed6297908140cc7cae79ded	common_voice_gej_43294351.mp3	ee077b64d9bc4d8ef0887e3ba94612e4877b9e64e951712e4503f775483d8fe4	Kawuivoato ti ade.		2	0					gej	
b8b64b238172873aa5b51b92f7135664c16d7d384dfc382cfd4982747c53e541032fe83b770400225720f551fcb2a9b273a351e01ed6297908140cc7cae79ded	common_voice_gej_43294352.mp3	ed7b0cbf0e7162f6b07f46c0cbfffb9f5b773c0472cbe0369d5ea1120ce4330f	Wo la ci kpo.		2	0					gej	
b8b64b238172873aa5b51b92f7135664c16d7d384dfc382cfd4982747c53e541032fe83b770400225720f551fcb2a9b273a351e01ed6297908140cc7cae79ded	common_voice_gej_43294354.mp3	8bdaa1b1628932df06d82e5cfa8d8e7ecd0d2de0d62b0e3a0d40cbbce8e3444e	E le do azia ngku.		2	0					gej	
b8b64b238172873aa5b51b92f7135664c16d7d384dfc382cfd4982747c53e541032fe83b770400225720f551fcb2a9b273a351e01ed6297908140cc7cae79ded	common_voice_gej_43294355.mp3	03eddb690b7aebd3c4521491e5208228daf860993548b832c76af2739b3e12c6	E yi zade loo.		2	0					gej	
b8b64b238172873aa5b51b92f7135664c16d7d384dfc382cfd4982747c53e541032fe83b770400225720f551fcb2a9b273a351e01ed6297908140cc7cae79ded	common_voice_gej_43294356.mp3	f59dd385ca8f061e6c1370f16c5a620f7d1f4605ecb98f0d4b516255cc1094ef	Wuivoadregoa.		2	0					gej	
b8b64b238172873aa5b51b92f7135664c16d7d384dfc382cfd4982747c53e541032fe83b770400225720f551fcb2a9b273a351e01ed6297908140cc7cae79ded	common_voice_gej_43294357.mp3	f81fba7917d44615be460d55fdcab9d426ed30e4c70947b100b024add4fc6d79	Cocikpa.		2	0					gej	
b8b64b238172873aa5b51b92f7135664c16d7d384dfc382cfd4982747c53e541032fe83b770400225720f551fcb2a9b273a351e01ed6297908140cc7cae79ded	common_voice_gej_43294358.mp3	717ca49b9d7d1358eb0d86457d5f2e6d3a38e0c0b2beebc37218a18070c7582f	Atukpa.		2	0					gej	
b8b64b238172873aa5b51b92f7135664c16d7d384dfc382cfd4982747c53e541032fe83b770400225720f551fcb2a9b273a351e01ed6297908140cc7cae79ded	common_voice_gej_43294359.mp3	020f5a2d82d64323a627c22da056adc6a4296d3072c7e9a3f9c1384f22f08fd2	Aje si.		2	0					gej	
b8b64b238172873aa5b51b92f7135664c16d7d384dfc382cfd4982747c53e541032fe83b770400225720f551fcb2a9b273a351e01ed6297908140cc7cae79ded	common_voice_gej_43294360.mp3	f379100e06a983f466837d18bd3bc92a8604b551cbce6b649913e9a0bc006a82	Alime.		2	0					gej	
b8b64b238172873aa5b51b92f7135664c16d7d384dfc382cfd4982747c53e541032fe83b770400225720f551fcb2a9b273a351e01ed6297908140cc7cae79ded	common_voice_gej_43294361.mp3	c7024751b6aed8e8791491411432b4dc692accf8c508fc278cd98868f54c136f	To ge.		2	0					gej	
b8b64b238172873aa5b51b92f7135664c16d7d384dfc382cfd4982747c53e541032fe83b770400225720f551fcb2a9b273a351e01ed6297908140cc7cae79ded	common_voice_gej_43294363.mp3	0fb1315db04ab64e5d867f4a33d9616e132f081f76ae31e252e46857f1553c81	Denu.		2	0					gej	
b8b64b238172873aa5b51b92f7135664c16d7d384dfc382cfd4982747c53e541032fe83b770400225720f551fcb2a9b273a351e01ed6297908140cc7cae79ded	common_voice_gej_43294366.mp3	09b32bf49bbf435d153e89d7efe35bfb5dab3f7ff4248a1760bba12e36986b97	Atoti.		2	0					gej	
b8b64b238172873aa5b51b92f7135664c16d7d384dfc382cfd4982747c53e541032fe83b770400225720f551fcb2a9b273a351e01ed6297908140cc7cae79ded	common_voice_gej_43294367.mp3	f0474c194ac8f0830a25087869465137780ae4a8bfc542ee19e670aa8ce57f4d	Fia ajogbe.		2	0					gej	
b8b64b238172873aa5b51b92f7135664c16d7d384dfc382cfd4982747c53e541032fe83b770400225720f551fcb2a9b273a351e01ed6297908140cc7cae79ded	common_voice_gej_43294368.mp3	0f0250993af2e72b51ae3b36a41781ceabc7cc5ad20a7b0fd9774b7840803a3b	Ase eve.		3	0					gej	
b8b64b238172873aa5b51b92f7135664c16d7d384dfc382cfd4982747c53e541032fe83b770400225720f551fcb2a9b273a351e01ed6297908140cc7cae79ded	common_voice_gej_43294369.mp3	f256cea3d47ad508c13649f9618c62a0c48f7ae5e587af53f8c20bb5b3821fde	E so mo me.		2	0					gej	
b8b64b238172873aa5b51b92f7135664c16d7d384dfc382cfd4982747c53e541032fe83b770400225720f551fcb2a9b273a351e01ed6297908140cc7cae79ded	common_voice_gej_43294370.mp3	b109233542644275c61891f36dce54be7260bd7d8ed5675b4324e76077ab9342	Wo le kplo anyigba.		3	0					gej	
b8b64b238172873aa5b51b92f7135664c16d7d384dfc382cfd4982747c53e541032fe83b770400225720f551fcb2a9b273a351e01ed6297908140cc7cae79ded	common_voice_gej_43294371.mp3	0188c51504ba07294fd6a1e9ffb6abc1ba860132337931ddbf8df91d87861381	Wo bi ji.		2	0					gej	
b8b64b238172873aa5b51b92f7135664c16d7d384dfc382cfd4982747c53e541032fe83b770400225720f551fcb2a9b273a351e01ed6297908140cc7cae79ded	common_voice_gej_43294372.mp3	a18c1a3b946ac497bebb458edc7345780fc79789b5521831dd2ea66c1b998d00	Dumevi awo.		2	0					gej	
b8b64b238172873aa5b51b92f7135664c16d7d384dfc382cfd4982747c53e541032fe83b770400225720f551fcb2a9b273a351e01ed6297908140cc7cae79ded	common_voice_gej_43294373.mp3	c1a6d80cd4f942bb4a6026c89876c90616d2a3f2976d6db4f682909f61ce69d3	Abobogo.		2	0					gej	
b8b64b238172873aa5b51b92f7135664c16d7d384dfc382cfd4982747c53e541032fe83b770400225720f551fcb2a9b273a351e01ed6297908140cc7cae79ded	common_voice_gej_43294374.mp3	042491287d7fd58cb6be459d2b21669265ca4aeb2c61e90ce76c624c41d3997c	Nutotode.		2	0					gej	
b8b64b238172873aa5b51b92f7135664c16d7d384dfc382cfd4982747c53e541032fe83b770400225720f551fcb2a9b273a351e01ed6297908140cc7cae79ded	common_voice_gej_43294375.mp3	0d9e34cc1b21e3ce51bd48349ce27db4fb95ae6909dd799a39e112179de1ca86	Jama.		2	0					gej	
b8b64b238172873aa5b51b92f7135664c16d7d384dfc382cfd4982747c53e541032fe83b770400225720f551fcb2a9b273a351e01ed6297908140cc7cae79ded	common_voice_gej_43294376.mp3	140a6700b3ba828b259883c5c15919d039dee1d413b5dcb3db76885008f4927c	Do akpe.		2	0					gej	
b8b64b238172873aa5b51b92f7135664c16d7d384dfc382cfd4982747c53e541032fe83b770400225720f551fcb2a9b273a351e01ed6297908140cc7cae79ded	common_voice_gej_43294377.mp3	ffef9328fd2a3583dd146803bdf66d91dc711a03252077b6582216676eb30c84	Jo ajato nguto.		2	0					gej	
b8b64b238172873aa5b51b92f7135664c16d7d384dfc382cfd4982747c53e541032fe83b770400225720f551fcb2a9b273a351e01ed6297908140cc7cae79ded	common_voice_gej_43294378.mp3	05ebeeabd78cb0f884e166a924dd54ee281719e84a84de7e0b86be040cb18535	Ka.		2	0					gej	
b8b64b238172873aa5b51b92f7135664c16d7d384dfc382cfd4982747c53e541032fe83b770400225720f551fcb2a9b273a351e01ed6297908140cc7cae79ded	common_voice_gej_43294379.mp3	f867337033d1b3a056ddd506ce1442559df3ad563b2f3e7bac9517d7011de6e7	Ne wo fana koklovi a wo la fana ahwako ca.		2	0					gej	
b8b64b238172873aa5b51b92f7135664c16d7d384dfc382cfd4982747c53e541032fe83b770400225720f551fcb2a9b273a351e01ed6297908140cc7cae79ded	common_voice_gej_43294381.mp3	c39e992c6096c470490669b100b67a5497a45a5d9e5c86b6f7f1fb98b77cb882	Adoku no.		2	0					gej	
b8b64b238172873aa5b51b92f7135664c16d7d384dfc382cfd4982747c53e541032fe83b770400225720f551fcb2a9b273a351e01ed6297908140cc7cae79ded	common_voice_gej_43294382.mp3	0dbddab09093bd36c2b8adcbfca31f1b8ae8b643afb9f81b67cbc5295bda4535	Ase amewo.		2	0					gej	
b8b64b238172873aa5b51b92f7135664c16d7d384dfc382cfd4982747c53e541032fe83b770400225720f551fcb2a9b273a351e01ed6297908140cc7cae79ded	common_voice_gej_43294383.mp3	c7a11dda037d2400b951b1d00e5c0a356225997bf922c3b48043a9fc1d720d3a	Agblenuku.		2	0					gej	
b8b64b238172873aa5b51b92f7135664c16d7d384dfc382cfd4982747c53e541032fe83b770400225720f551fcb2a9b273a351e01ed6297908140cc7cae79ded	common_voice_gej_43294384.mp3	fb1502d5147e3b7498483a1c7f253f73e1049235091102f8dc8032fd21632fa8	Fofonye gbo so eso.		2	0					gej	
b8b64b238172873aa5b51b92f7135664c16d7d384dfc382cfd4982747c53e541032fe83b770400225720f551fcb2a9b273a351e01ed6297908140cc7cae79ded	common_voice_gej_43294385.mp3	12d7dd040fe926512382d6c802fcdc2aeec554c81a705b4b8887a1c27f3928fc	Mi bu na me.		2	0					gej	
b8b64b238172873aa5b51b92f7135664c16d7d384dfc382cfd4982747c53e541032fe83b770400225720f551fcb2a9b273a351e01ed6297908140cc7cae79ded	common_voice_gej_43294386.mp3	117e0255cca7c6bfab165d3b9ea7081a2a15e2d6ceddeddbf285ce226c203b19	Ahuagbeji.		2	0					gej	
b8b64b238172873aa5b51b92f7135664c16d7d384dfc382cfd4982747c53e541032fe83b770400225720f551fcb2a9b273a351e01ed6297908140cc7cae79ded	common_voice_gej_43294392.mp3	fe878a493fc124014c41f8cbbc1f92757453078f017d001f7d1a4148c6a980bc	Mu de kuku loo, wo kpona go le eme a?		2	0					gej	
b8b64b238172873aa5b51b92f7135664c16d7d384dfc382cfd4982747c53e541032fe83b770400225720f551fcb2a9b273a351e01ed6297908140cc7cae79ded	common_voice_gej_43294393.mp3	cf3387bd933eb4aa9810a19ff111e967fd11f9c1ba77d8a9aa95d84d5e8f1b5c	Amakpa ewo.		2	0					gej	
b8b64b238172873aa5b51b92f7135664c16d7d384dfc382cfd4982747c53e541032fe83b770400225720f551fcb2a9b273a351e01ed6297908140cc7cae79ded	common_voice_gej_43294395.mp3	d93af2f0df9dc59cf1ac7fda85a718fe297e9ba8a059ef357f714dfd81ee55f9	E da molu.		3	0					gej	
b8b64b238172873aa5b51b92f7135664c16d7d384dfc382cfd4982747c53e541032fe83b770400225720f551fcb2a9b273a351e01ed6297908140cc7cae79ded	common_voice_gej_43294396.mp3	96a1c4e8e7b9256bbde3840c228806ec74ffb60605d9bbafba8174af899ce6c5	Mozekpli.		2	0					gej	
b8b64b238172873aa5b51b92f7135664c16d7d384dfc382cfd4982747c53e541032fe83b770400225720f551fcb2a9b273a351e01ed6297908140cc7cae79ded	common_voice_gej_43294398.mp3	df73ee60b9866ab7949fa5c2bb523682ad2d03dc613748e9412ad495fde5a068	Ame bada wa.		3	0					gej	
b8b64b238172873aa5b51b92f7135664c16d7d384dfc382cfd4982747c53e541032fe83b770400225720f551fcb2a9b273a351e01ed6297908140cc7cae79ded	common_voice_gej_43294399.mp3	d98a70e233995b0c7ea73f802fb0c04ee6aec351cb215b8e714102a91363c44b	Nyagomedexomangloto.		2	0					gej	
b8b64b238172873aa5b51b92f7135664c16d7d384dfc382cfd4982747c53e541032fe83b770400225720f551fcb2a9b273a351e01ed6297908140cc7cae79ded	common_voice_gej_43294400.mp3	bd41f8333c9f5d408b649e21279955b7cd2a4a4ae90e8916719e0cbe1c24499d	Anoko do aloga nyakpokpode.		2	0					gej	
b8b64b238172873aa5b51b92f7135664c16d7d384dfc382cfd4982747c53e541032fe83b770400225720f551fcb2a9b273a351e01ed6297908140cc7cae79ded	common_voice_gej_43294401.mp3	03fe8e081f71e7e73ba7ece85a0edab70288ca046096e2cce33fa6ce72023feb	Fla ve.		2	0					gej	
b8b64b238172873aa5b51b92f7135664c16d7d384dfc382cfd4982747c53e541032fe83b770400225720f551fcb2a9b273a351e01ed6297908140cc7cae79ded	common_voice_gej_43294402.mp3	e8fa5e477cfc60bb6621d563d319e975f3cb23fae87060de26c54eca3a887e02	Tonye awo de?		2	0					gej	
b8b64b238172873aa5b51b92f7135664c16d7d384dfc382cfd4982747c53e541032fe83b770400225720f551fcb2a9b273a351e01ed6297908140cc7cae79ded	common_voice_gej_43294404.mp3	fd7c35f3a0f7b9ba0d508e52d2be4c521499248879ed315327c695d564c0aac4	We.		2	0					gej	
b8b64b238172873aa5b51b92f7135664c16d7d384dfc382cfd4982747c53e541032fe83b770400225720f551fcb2a9b273a351e01ed6297908140cc7cae79ded	common_voice_gej_43294405.mp3	8f613c05c59574357522ccdc28d0fa5de19d6f09e4977b21444b176f13077640	Amewo.		2	0					gej	
b8b64b238172873aa5b51b92f7135664c16d7d384dfc382cfd4982747c53e541032fe83b770400225720f551fcb2a9b273a351e01ed6297908140cc7cae79ded	common_voice_gej_43294406.mp3	9524aa1d87a308a285d9a733e4d6ec5d4eaa859d56cf11a06fa9d437875098de	Mi la tengu kpe do ame kewo bu nupopopo a nguti ku devi kewo ci ngugbe le nupopopo me a.		2	0					gej	
b8b64b238172873aa5b51b92f7135664c16d7d384dfc382cfd4982747c53e541032fe83b770400225720f551fcb2a9b273a351e01ed6297908140cc7cae79ded	common_voice_gej_43313566.mp3	28d4a0e0961ac09821aa252a2af3e91a00ee79c467fa767f3389321b0b6bdd08	Ajogbe.		2	0					gej	
b8b64b238172873aa5b51b92f7135664c16d7d384dfc382cfd4982747c53e541032fe83b770400225720f551fcb2a9b273a351e01ed6297908140cc7cae79ded	common_voice_gej_43313568.mp3	af62228ea789dfee5f0d4205c5c49f79c604dec7a3b7ce1e8a17e1a249a4754a	Mu de kuku gbloe na mu.		2	0					gej	
b8b64b238172873aa5b51b92f7135664c16d7d384dfc382cfd4982747c53e541032fe83b770400225720f551fcb2a9b273a351e01ed6297908140cc7cae79ded	common_voice_gej_43313570.mp3	2a8fe88752daf990da7e2a6295d09a005cd89fc7683a21109e7a729b4551d47f	Sa abloni.		3	0					gej	
b8b64b238172873aa5b51b92f7135664c16d7d384dfc382cfd4982747c53e541032fe83b770400225720f551fcb2a9b273a351e01ed6297908140cc7cae79ded	common_voice_gej_43313576.mp3	23c956fd32de42605d76c56c530a04bc6835de0c79908b39a1d36a8a0716e63c	Jete gble.		2	0					gej	
b8b64b238172873aa5b51b92f7135664c16d7d384dfc382cfd4982747c53e541032fe83b770400225720f551fcb2a9b273a351e01ed6297908140cc7cae79ded	common_voice_gej_43313577.mp3	2b364f46c639864aff556a33a578901e4b5ab9cdb3aa64013b5453c3231b8a81	Koklo la.		2	0					gej	
b8b64b238172873aa5b51b92f7135664c16d7d384dfc382cfd4982747c53e541032fe83b770400225720f551fcb2a9b273a351e01ed6297908140cc7cae79ded	common_voice_gej_43313578.mp3	fd64d7e6254fcd36cbf28ccf8d8f35a42237f74aea0562da25b5a4cf3db7b5e5	Ase ato.		2	0					gej	
b8b64b238172873aa5b51b92f7135664c16d7d384dfc382cfd4982747c53e541032fe83b770400225720f551fcb2a9b273a351e01ed6297908140cc7cae79ded	common_voice_gej_43313579.mp3	ebbf50f4ffb7078ab17392824438be5d01b1c53d1e388d94b7d57003a1909311	Za gasideke.		3	0					gej	
b8b64b238172873aa5b51b92f7135664c16d7d384dfc382cfd4982747c53e541032fe83b770400225720f551fcb2a9b273a351e01ed6297908140cc7cae79ded	common_voice_gej_43313580.mp3	fae13cc8dd876657a7fd5b59ee7796c99aabe4df3e9f19b5b7d8fbcbcaa242a5	Kokovi.		2	1					gej	
b8b64b238172873aa5b51b92f7135664c16d7d384dfc382cfd4982747c53e541032fe83b770400225720f551fcb2a9b273a351e01ed6297908140cc7cae79ded	common_voice_gej_43313587.mp3	1ce837ebef5f998a2f05084bf1a0ffa77162658b5ef235af7a386d0341085991	Amakpa ato.		2	0					gej	
b8b64b238172873aa5b51b92f7135664c16d7d384dfc382cfd4982747c53e541032fe83b770400225720f551fcb2a9b273a351e01ed6297908140cc7cae79ded	common_voice_gej_43313588.mp3	19426692bf1f1f6a2de489ac31104597279d36818a47d28c8be799105715c764	Mi puna du.		2	0					gej	
b8b64b238172873aa5b51b92f7135664c16d7d384dfc382cfd4982747c53e541032fe83b770400225720f551fcb2a9b273a351e01ed6297908140cc7cae79ded	common_voice_gej_43313590.mp3	2b2aea404105bd56b4189ae4dc4f02ff0f9db62fb0b87dc883ac0c82bef5cfeb	Dowotodewo.		2	0					gej	
b8b64b238172873aa5b51b92f7135664c16d7d384dfc382cfd4982747c53e541032fe83b770400225720f551fcb2a9b273a351e01ed6297908140cc7cae79ded	common_voice_gej_43313597.mp3	2363d30060f00e10ffddf0e87a8f8c2e0c49eb6878b9904e00733af78fce8c40	Amakpa ene.		2	0					gej	
b8b64b238172873aa5b51b92f7135664c16d7d384dfc382cfd4982747c53e541032fe83b770400225720f551fcb2a9b273a351e01ed6297908140cc7cae79ded	common_voice_gej_43313599.mp3	2c833258ad4cd25442fd14a743f14ec2740da303d32db6d8f71e949f65165a88	Devi a be ase le butuu.		2	0					gej	
b8b64b238172873aa5b51b92f7135664c16d7d384dfc382cfd4982747c53e541032fe83b770400225720f551fcb2a9b273a351e01ed6297908140cc7cae79ded	common_voice_gej_43313616.mp3	2ad93886dc199792f8dd90a07381e5d0cfa562204f123a2fa8818ca6e10b931e	Ngti vovo.		2	0					gej	
b8b64b238172873aa5b51b92f7135664c16d7d384dfc382cfd4982747c53e541032fe83b770400225720f551fcb2a9b273a351e01ed6297908140cc7cae79ded	common_voice_gej_43313618.mp3	278c56c936c2f6c06b5793ae8d34af73cf53d255c7cc6d224c08cdc5bdb7f20f	Nagayovi.		2	0					gej	
b8b64b238172873aa5b51b92f7135664c16d7d384dfc382cfd4982747c53e541032fe83b770400225720f551fcb2a9b273a351e01ed6297908140cc7cae79ded	common_voice_gej_43313620.mp3	274c848a452e507a807ef6e9be85d7b95c203ce32694804c957d701e22d956ba	Caka ami ku si.		2	0					gej	
b8b64b238172873aa5b51b92f7135664c16d7d384dfc382cfd4982747c53e541032fe83b770400225720f551fcb2a9b273a351e01ed6297908140cc7cae79ded	common_voice_gej_43313636.mp3	109cd90c9ed39c7e6987ec6004a4fca531b90fbf0e9a80c85adbe94f524d34bd	Dohwi.		2	0					gej	
b8b64b238172873aa5b51b92f7135664c16d7d384dfc382cfd4982747c53e541032fe83b770400225720f551fcb2a9b273a351e01ed6297908140cc7cae79ded	common_voice_gej_43313637.mp3	3d51a6f268091052a268705ae47735b55ddc67d30a6f7fa79552110fe9c818b9	Fofowu.		2	0					gej	
b8b64b238172873aa5b51b92f7135664c16d7d384dfc382cfd4982747c53e541032fe83b770400225720f551fcb2a9b273a351e01ed6297908140cc7cae79ded	common_voice_gej_43313638.mp3	16faf5160ac3f4c4b445cc564218ad975bd4bf5d8ccde95735a223351fa7d6f3	Enya voe.		3	0					gej	
b8b64b238172873aa5b51b92f7135664c16d7d384dfc382cfd4982747c53e541032fe83b770400225720f551fcb2a9b273a351e01ed6297908140cc7cae79ded	common_voice_gej_43313639.mp3	356c44a2fc6604fb9033fda72ce5cb01758714a1fc0f466ebf02e84ff1b25616	Eci kpo a?		2	0					gej	
b8b64b238172873aa5b51b92f7135664c16d7d384dfc382cfd4982747c53e541032fe83b770400225720f551fcb2a9b273a351e01ed6297908140cc7cae79ded	common_voice_gej_43313640.mp3	3d3d18feeef6a5b79375e2492ff43f0ad9591181ded8a5a2ee109bb69cff3e5b	Wo kplo nu.		2	0					gej	
b8b64b238172873aa5b51b92f7135664c16d7d384dfc382cfd4982747c53e541032fe83b770400225720f551fcb2a9b273a351e01ed6297908140cc7cae79ded	common_voice_gej_43313656.mp3	314fbc04eabc68714bcc06d4cba80c2ce89c702b9d377c370c9dc2273f88c52f	Wo lom.		2	0					gej	
b8b64b238172873aa5b51b92f7135664c16d7d384dfc382cfd4982747c53e541032fe83b770400225720f551fcb2a9b273a351e01ed6297908140cc7cae79ded	common_voice_gej_43313657.mp3	0504bb6e4366761873c10bc70d531d8885ce94ae985a83256d91a96acd8f74cf	Agbapotu.		2	0					gej	
b8b64b238172873aa5b51b92f7135664c16d7d384dfc382cfd4982747c53e541032fe83b770400225720f551fcb2a9b273a351e01ed6297908140cc7cae79ded	common_voice_gej_43313658.mp3	3349eefc962950c425c307d311cbbe62ff3792d380074fb2dea2367ab887499b	Amede le ji ha.		2	0					gej	
b8b64b238172873aa5b51b92f7135664c16d7d384dfc382cfd4982747c53e541032fe83b770400225720f551fcb2a9b273a351e01ed6297908140cc7cae79ded	common_voice_gej_43313659.mp3	3aa0bb93f245d7e0517d0ca9d3d9eeb48f9a6413ff292c9c8ca6864519ef57a0	Mu dre.		3	0					gej	
b8b64b238172873aa5b51b92f7135664c16d7d384dfc382cfd4982747c53e541032fe83b770400225720f551fcb2a9b273a351e01ed6297908140cc7cae79ded	common_voice_gej_43313660.mp3	29fa246c3f25d2d9fb44506515cea3a85b6c2a014ca9e0be561b9986cd70843f	Amekatakpo.		2	0					gej	
b8b64b238172873aa5b51b92f7135664c16d7d384dfc382cfd4982747c53e541032fe83b770400225720f551fcb2a9b273a351e01ed6297908140cc7cae79ded	common_voice_gej_43313803.mp3	f7faf2418e0f522126985ae6e5577ee01bbb08f4f39358bbb1ee2943fa4f2e94	Mu nyi ngsu.		2	0					gej	
b8b64b238172873aa5b51b92f7135664c16d7d384dfc382cfd4982747c53e541032fe83b770400225720f551fcb2a9b273a351e01ed6297908140cc7cae79ded	common_voice_gej_43313804.mp3	274ff67e0c6e7c20753e6b13bc79e57fc629d35ccfad08e5134c6d423cedc526	Angokuku.		2	0					gej	
b8b64b238172873aa5b51b92f7135664c16d7d384dfc382cfd4982747c53e541032fe83b770400225720f551fcb2a9b273a351e01ed6297908140cc7cae79ded	common_voice_gej_43313805.mp3	9f3b8e1a8cca89564b1a07d5644444628e93ab55bb67ea6f19ce44642f884d95	Mu si zo.		2	0					gej	
b8b64b238172873aa5b51b92f7135664c16d7d384dfc382cfd4982747c53e541032fe83b770400225720f551fcb2a9b273a351e01ed6297908140cc7cae79ded	common_voice_gej_43313807.mp3	389d6161215ca88173aa3c4c2aa92168b11d0f9c994e74bf1a6d9905a06e4828	Mu do bli.		2	1					gej	
b8b64b238172873aa5b51b92f7135664c16d7d384dfc382cfd4982747c53e541032fe83b770400225720f551fcb2a9b273a351e01ed6297908140cc7cae79ded	common_voice_gej_43313809.mp3	1fceffea6d1989cf81e3a4266d2419157b61dccbcb54e7de892dcb0e2ccb2308	Ami je.		2	1					gej	
b8b64b238172873aa5b51b92f7135664c16d7d384dfc382cfd4982747c53e541032fe83b770400225720f551fcb2a9b273a351e01ed6297908140cc7cae79ded	common_voice_gej_43313832.mp3	3bd4f0078b50cb9fbaa67b8505af5f5cf5566456ad443edd4d1c57df2d880ab1	Enyi kawuivoato ti wo.		2	1					gej	
b8b64b238172873aa5b51b92f7135664c16d7d384dfc382cfd4982747c53e541032fe83b770400225720f551fcb2a9b273a351e01ed6297908140cc7cae79ded	common_voice_gej_43313833.mp3	180d73c34a3383c1a7a7ec4d583dc16f2174d826cd3a9d17da86a74b66575acb	Capecapetete.		2	0					gej	
b8b64b238172873aa5b51b92f7135664c16d7d384dfc382cfd4982747c53e541032fe83b770400225720f551fcb2a9b273a351e01ed6297908140cc7cae79ded	common_voice_gej_43313835.mp3	0c37be88c52d67048ebd421337e7617f886054a89ee50a14ef7090231e85a543	Eni.		2	1					gej	
b8b64b238172873aa5b51b92f7135664c16d7d384dfc382cfd4982747c53e541032fe83b770400225720f551fcb2a9b273a351e01ed6297908140cc7cae79ded	common_voice_gej_43313836.mp3	3a429ba413e4a11ceaeed08b8dd9de6ff2632226861ade75beb163f9e367ca76	Sukle.		2	0					gej	
b8b64b238172873aa5b51b92f7135664c16d7d384dfc382cfd4982747c53e541032fe83b770400225720f551fcb2a9b273a351e01ed6297908140cc7cae79ded	common_voice_gej_43313837.mp3	12799e142f23b37d573cfecd7070463424b5e25a02b1fa093b8d50078b874ea4	Ajedato.		2	0					gej	
b8b64b238172873aa5b51b92f7135664c16d7d384dfc382cfd4982747c53e541032fe83b770400225720f551fcb2a9b273a351e01ed6297908140cc7cae79ded	common_voice_gej_43313857.mp3	31ec77201b2e608f7ca280c7472969b0d77e05c7cdf0cd49405fde2bcbba5448	Agosoto.		2	1					gej	
b8b64b238172873aa5b51b92f7135664c16d7d384dfc382cfd4982747c53e541032fe83b770400225720f551fcb2a9b273a351e01ed6297908140cc7cae79ded	common_voice_gej_43313858.mp3	393199409baa15b122fe22ac4904cc302372e86db39fd9ab97480c86714cb453	Afotutunu.		2	1					gej	
b8b64b238172873aa5b51b92f7135664c16d7d384dfc382cfd4982747c53e541032fe83b770400225720f551fcb2a9b273a351e01ed6297908140cc7cae79ded	common_voice_gej_43313859.mp3	0bb39616d65e1ab7616cf88d5e13151c9d6f247f89af29294a2a325fcbe49c12	Agbanutuvi.		2	0					gej	
b8b64b238172873aa5b51b92f7135664c16d7d384dfc382cfd4982747c53e541032fe83b770400225720f551fcb2a9b273a351e01ed6297908140cc7cae79ded	common_voice_gej_43313860.mp3	35c6b04fd8e0884eab783cb2d883ce867c8083087a06d38d4f96b2761cc08b9d	Kpo ngugbedome.		2	0					gej	
b8b64b238172873aa5b51b92f7135664c16d7d384dfc382cfd4982747c53e541032fe83b770400225720f551fcb2a9b273a351e01ed6297908140cc7cae79ded	common_voice_gej_43313861.mp3	97f56ae910f458042d33623a3e4897aa9268548ccc7e786487aad9b505ae5975	Desi pupui.		2	0					gej	
b8b64b238172873aa5b51b92f7135664c16d7d384dfc382cfd4982747c53e541032fe83b770400225720f551fcb2a9b273a351e01ed6297908140cc7cae79ded	common_voice_gej_43313862.mp3	19b8d8aa3978e930421b6dd00fc70de2bf169c3d3bb989bd2125b63e20653b4c	Gali.		2	0					gej	
b8b64b238172873aa5b51b92f7135664c16d7d384dfc382cfd4982747c53e541032fe83b770400225720f551fcb2a9b273a351e01ed6297908140cc7cae79ded	common_voice_gej_43313863.mp3	33a162c0893483559ff55a8eb659a7aac0cce6bff7d7943e2f3a10cd29803883	Adu.		2	0					gej	
b8b64b238172873aa5b51b92f7135664c16d7d384dfc382cfd4982747c53e541032fe83b770400225720f551fcb2a9b273a351e01ed6297908140cc7cae79ded	common_voice_gej_43313864.mp3	2bb9b6e912cb7432ae1bb480eb76c47762a5ae0da180d74b19af5ab754937520	E me te.		2	0					gej	
b8b64b238172873aa5b51b92f7135664c16d7d384dfc382cfd4982747c53e541032fe83b770400225720f551fcb2a9b273a351e01ed6297908140cc7cae79ded	common_voice_gej_43313865.mp3	2d8f6b2421d2529028ff1841ed77e23dec391d9365b1dc5a580ccc1a326b6fa3	Afa.		2	0					gej	
b8b64b238172873aa5b51b92f7135664c16d7d384dfc382cfd4982747c53e541032fe83b770400225720f551fcb2a9b273a351e01ed6297908140cc7cae79ded	common_voice_gej_43313871.mp3	06ce11a83e26b39bc622ce3b878ebe4335179273875cf7685a21ab353c319cab	Kpakpano.		2	1					gej	
b8b64b238172873aa5b51b92f7135664c16d7d384dfc382cfd4982747c53e541032fe83b770400225720f551fcb2a9b273a351e01ed6297908140cc7cae79ded	common_voice_gej_43313872.mp3	982fab7bbf90f72a693055b8bf0074fc4677f5fb412e5d0caa9aabb26796c21d	Mlomlomlo.		2	1					gej	
b8b64b238172873aa5b51b92f7135664c16d7d384dfc382cfd4982747c53e541032fe83b770400225720f551fcb2a9b273a351e01ed6297908140cc7cae79ded	common_voice_gej_43313874.mp3	329f1bbf9f27e39c05490be76b597d2db8d8298b15d859eeeea21d8fd209ad05	Kotoku to ye le asi nye.		2	0					gej	
b8b64b238172873aa5b51b92f7135664c16d7d384dfc382cfd4982747c53e541032fe83b770400225720f551fcb2a9b273a351e01ed6297908140cc7cae79ded	common_voice_gej_43313875.mp3	1100a345a6bed95ebc32e422aa219a24ece661b16d9769226cc97c69a7fe4838	Dumevi.		2	0					gej	
b8b64b238172873aa5b51b92f7135664c16d7d384dfc382cfd4982747c53e541032fe83b770400225720f551fcb2a9b273a351e01ed6297908140cc7cae79ded	common_voice_gej_43313886.mp3	7b233785fb8f9d046a738d95a62a494e0f9e6c821b053cedb2ea7801a495d71e	Le afla.		2	0					gej	
b8b64b238172873aa5b51b92f7135664c16d7d384dfc382cfd4982747c53e541032fe83b770400225720f551fcb2a9b273a351e01ed6297908140cc7cae79ded	common_voice_gej_43313887.mp3	21056afe5c138171161ea02d5d9e252178b37cc29e2193d41d133e35fc4c1616	Eeeeee baba na mi si a.		2	1					gej	
b8b64b238172873aa5b51b92f7135664c16d7d384dfc382cfd4982747c53e541032fe83b770400225720f551fcb2a9b273a351e01ed6297908140cc7cae79ded	common_voice_gej_43313888.mp3	290d07c442345af4a24eb9bbad382832e5f9eb66913796c067b9bd212cafc8d3	Kopetowo nyonuwo.		2	0					gej	
b8b64b238172873aa5b51b92f7135664c16d7d384dfc382cfd4982747c53e541032fe83b770400225720f551fcb2a9b273a351e01ed6297908140cc7cae79ded	common_voice_gej_43313889.mp3	86ab879766c3b72a6bdc6c602404a67d97e8a009d315fb596d459272fdc9db9c	Adato.		2	1					gej	
b8b64b238172873aa5b51b92f7135664c16d7d384dfc382cfd4982747c53e541032fe83b770400225720f551fcb2a9b273a351e01ed6297908140cc7cae79ded	common_voice_gej_43313890.mp3	eeefc303a16ce846f4e8f7d1bb33b9c4ab55f1f66323403718b6e405bc6b920e	Mu je si wo.		2	0					gej	
b8b64b238172873aa5b51b92f7135664c16d7d384dfc382cfd4982747c53e541032fe83b770400225720f551fcb2a9b273a351e01ed6297908140cc7cae79ded	common_voice_gej_43313906.mp3	ad4393304ddee05fdd714827278a99c263cd9efd3bcb7f6f973ff0708c7982b7	Zro.		2	1					gej	
b8b64b238172873aa5b51b92f7135664c16d7d384dfc382cfd4982747c53e541032fe83b770400225720f551fcb2a9b273a351e01ed6297908140cc7cae79ded	common_voice_gej_43313907.mp3	f7181d74f3f19732b8d731ed6f7df08e98e05664b29e96109fc0cbf26366858b	Elo zi.		2	1					gej	
b8b64b238172873aa5b51b92f7135664c16d7d384dfc382cfd4982747c53e541032fe83b770400225720f551fcb2a9b273a351e01ed6297908140cc7cae79ded	common_voice_gej_43313908.mp3	fbac42025da5da6ebf947ba43229e7415067c192244bf0298276053cd9e38c76	Di gbo ame.		2	0					gej	
b8b64b238172873aa5b51b92f7135664c16d7d384dfc382cfd4982747c53e541032fe83b770400225720f551fcb2a9b273a351e01ed6297908140cc7cae79ded	common_voice_gej_43313909.mp3	f52887fdfa5d9a57c25eb754dd1f4b2a543e7ae1bdec3c83449667c80d3b4d1a	Ase amadre.		2	0					gej	
b8b64b238172873aa5b51b92f7135664c16d7d384dfc382cfd4982747c53e541032fe83b770400225720f551fcb2a9b273a351e01ed6297908140cc7cae79ded	common_voice_gej_43313923.mp3	2ad622a29398a9240de16879f220f386544ac2caa67fd547674d71e0f0feed1e	Nadu do je desi a me.		2	1					gej	
b8b64b238172873aa5b51b92f7135664c16d7d384dfc382cfd4982747c53e541032fe83b770400225720f551fcb2a9b273a351e01ed6297908140cc7cae79ded	common_voice_gej_43313925.mp3	1c81fd47719e23f3ae6f9e4cc9536130dd614070e273d14f2e9bf398e7e1afe2	Ye wo soe so le.		2	0					gej	
b8b64b238172873aa5b51b92f7135664c16d7d384dfc382cfd4982747c53e541032fe83b770400225720f551fcb2a9b273a351e01ed6297908140cc7cae79ded	common_voice_gej_43313927.mp3	401a2782d622924bad17c33d67395a770c6ba51afcb2623f2c82480e4721c068	Ka ve ci wo adre.		2	0					gej	
b8b64b238172873aa5b51b92f7135664c16d7d384dfc382cfd4982747c53e541032fe83b770400225720f551fcb2a9b273a351e01ed6297908140cc7cae79ded	common_voice_gej_43313928.mp3	3b0986be61c71c3c4a4670963393b9726dc4e1c8b16c366e4238ea738b8b018e	Salada vivi nguto.		2	0					gej	
b8b64b238172873aa5b51b92f7135664c16d7d384dfc382cfd4982747c53e541032fe83b770400225720f551fcb2a9b273a351e01ed6297908140cc7cae79ded	common_voice_gej_43313930.mp3	f7fa379d631bd7af8262887c49c50363898cf4d5d2829e54a48990078da1ba75	Mu le ci kpo a?		2	0					gej	
b8b64b238172873aa5b51b92f7135664c16d7d384dfc382cfd4982747c53e541032fe83b770400225720f551fcb2a9b273a351e01ed6297908140cc7cae79ded	common_voice_gej_43313948.mp3	ce6518f4405e4c6cfc9bc712b4ec55563901748588ab5b675131037f8d7981b2	Denyigbalolo.		2	1					gej	
b8b64b238172873aa5b51b92f7135664c16d7d384dfc382cfd4982747c53e541032fe83b770400225720f551fcb2a9b273a351e01ed6297908140cc7cae79ded	common_voice_gej_43313949.mp3	07da1306fb0f930dc8a786b53ce5e2be4d1262a706eb70db787d5b24653f9bd4	Ajafi vuvu.		2	1					gej	
b8b64b238172873aa5b51b92f7135664c16d7d384dfc382cfd4982747c53e541032fe83b770400225720f551fcb2a9b273a351e01ed6297908140cc7cae79ded	common_voice_gej_43313950.mp3	321ef4d5d03ec7a05d541c2dcaf0cccd57d94a978acbddd531fca061a7940756	Lanyito.		2	0					gej	
b8b64b238172873aa5b51b92f7135664c16d7d384dfc382cfd4982747c53e541032fe83b770400225720f551fcb2a9b273a351e01ed6297908140cc7cae79ded	common_voice_gej_43313951.mp3	35338c449eb4e38dcecb74d06d949fc0be34c2095a9b807124c7c9b870c4f22e	Asu.		3	0					gej	
b8b64b238172873aa5b51b92f7135664c16d7d384dfc382cfd4982747c53e541032fe83b770400225720f551fcb2a9b273a351e01ed6297908140cc7cae79ded	common_voice_gej_43313952.mp3	3eb29e6babd3e726609241568a3704292bf885edaacf450727d21aa364799f3a	Ke ajele du nu a vo a, edido agba me.		2	1					gej	
b8b64b238172873aa5b51b92f7135664c16d7d384dfc382cfd4982747c53e541032fe83b770400225720f551fcb2a9b273a351e01ed6297908140cc7cae79ded	common_voice_gej_43313963.mp3	40e47226834ce788308b34f1ea36a0b55e0a6dd813837648b5d41abaeaf7ceea	Alokpli.		2	1					gej	
b8b64b238172873aa5b51b92f7135664c16d7d384dfc382cfd4982747c53e541032fe83b770400225720f551fcb2a9b273a351e01ed6297908140cc7cae79ded	common_voice_gej_43313965.mp3	2d349fc07097bd7dce076c5940af78c841d085d543e752b3ed78d3cfa23cbc33	Peyeyekpe.		2	0					gej	
b8b64b238172873aa5b51b92f7135664c16d7d384dfc382cfd4982747c53e541032fe83b770400225720f551fcb2a9b273a351e01ed6297908140cc7cae79ded	common_voice_gej_43313966.mp3	f3bbf5f998c6df9266ade4557e8cf0d0d923ab6fc3dc61f573ea8bcad9d6143f	Koklo zi.		2	0					gej	
b8b64b238172873aa5b51b92f7135664c16d7d384dfc382cfd4982747c53e541032fe83b770400225720f551fcb2a9b273a351e01ed6297908140cc7cae79ded	common_voice_gej_43313967.mp3	3584a81c435ec836027a90a440cd3457a436bebd15e8ec27a17099e5166114eb	Gba kpe.		2	0					gej	
b8b64b238172873aa5b51b92f7135664c16d7d384dfc382cfd4982747c53e541032fe83b770400225720f551fcb2a9b273a351e01ed6297908140cc7cae79ded	common_voice_gej_43313983.mp3	2e6f8aaad128122a96763a4fcd175349726d2e1001c0f74e5b3921f73efc9135	Wui dada.		2	1					gej	
b8b64b238172873aa5b51b92f7135664c16d7d384dfc382cfd4982747c53e541032fe83b770400225720f551fcb2a9b273a351e01ed6297908140cc7cae79ded	common_voice_gej_43313984.mp3	e070a0e1c3ebad7553ef2a27c9b3dd40f0f002139dad4b8577f7e70ea7a8a9c7	Pe ve.		2	0					gej	
b8b64b238172873aa5b51b92f7135664c16d7d384dfc382cfd4982747c53e541032fe83b770400225720f551fcb2a9b273a351e01ed6297908140cc7cae79ded	common_voice_gej_43313985.mp3	d30e4d9334e1df7e14d37228ae10a20d4402c68ec81a29cba0bdff24ef6403e4	Ku kpe.		2	0					gej	
b8b64b238172873aa5b51b92f7135664c16d7d384dfc382cfd4982747c53e541032fe83b770400225720f551fcb2a9b273a351e01ed6297908140cc7cae79ded	common_voice_gej_43313986.mp3	3d37834997741aa029e91515031c819fed1da2c2b2b0fea92d320f04f95a49a1	Funo.		2	0					gej	
b8b64b238172873aa5b51b92f7135664c16d7d384dfc382cfd4982747c53e541032fe83b770400225720f551fcb2a9b273a351e01ed6297908140cc7cae79ded	common_voice_gej_43313987.mp3	2a71741b3ec62545463073619458a4cf8560cda86ea6336cd93a223d9ace0b3d	Wo le ci kpo a?		2	0					gej	
b8b64b238172873aa5b51b92f7135664c16d7d384dfc382cfd4982747c53e541032fe83b770400225720f551fcb2a9b273a351e01ed6297908140cc7cae79ded	common_voice_gej_43313998.mp3	12e1af4f1fea55c0f4786c2824ce46830437904d12e9e75c2e954977219374bc	Lawupe.		3	0					gej	
b8b64b238172873aa5b51b92f7135664c16d7d384dfc382cfd4982747c53e541032fe83b770400225720f551fcb2a9b273a351e01ed6297908140cc7cae79ded	common_voice_gej_43313999.mp3	25054fb1a2ccea4864e86c04b355000791cd885afc184887d61dcdc4277287f8	Plengugo ve.		2	0					gej	
b8b64b238172873aa5b51b92f7135664c16d7d384dfc382cfd4982747c53e541032fe83b770400225720f551fcb2a9b273a351e01ed6297908140cc7cae79ded	common_voice_gej_43314001.mp3	269208b4de6441f1dc12c75bd6455cae450270d6035e0acf4bf164a7de6a28d6	Srogbegbe.		2	0					gej	
b8b64b238172873aa5b51b92f7135664c16d7d384dfc382cfd4982747c53e541032fe83b770400225720f551fcb2a9b273a351e01ed6297908140cc7cae79ded	common_voice_gej_43314002.mp3	2b706afea4203cf755d8655b6ce5155dd1deddd3fdd5645f11943622dfd9fbde	Ngugbedome.		2	0					gej	
b8b64b238172873aa5b51b92f7135664c16d7d384dfc382cfd4982747c53e541032fe83b770400225720f551fcb2a9b273a351e01ed6297908140cc7cae79ded	common_voice_gej_43314018.mp3	165ce8e602900274d6c211dfcc59d1e0d6b272fa1469768ae9ac2d761aaeb679	Nyawo loooo.		2	0					gej	
b8b64b238172873aa5b51b92f7135664c16d7d384dfc382cfd4982747c53e541032fe83b770400225720f551fcb2a9b273a351e01ed6297908140cc7cae79ded	common_voice_gej_43314020.mp3	2e015e30d7429742af3f661ae304159b87382f3a70dfc786203a9a306c358e4c	Tugbeje wawo.		2	0					gej	
b8b64b238172873aa5b51b92f7135664c16d7d384dfc382cfd4982747c53e541032fe83b770400225720f551fcb2a9b273a351e01ed6297908140cc7cae79ded	common_voice_gej_43314021.mp3	d5eede931e3ff22bc09b34a4260791696666cbfc8189418319e932154c13dee7	Ava.		2	1					gej	
b8b64b238172873aa5b51b92f7135664c16d7d384dfc382cfd4982747c53e541032fe83b770400225720f551fcb2a9b273a351e01ed6297908140cc7cae79ded	common_voice_gej_43314022.mp3	3a6031926b4730f7c609b3e64eced5da5ca511d3cce8c2b9f3d5f71395a7b8c9	E ta fu wo.		2	0					gej	
b8b64b238172873aa5b51b92f7135664c16d7d384dfc382cfd4982747c53e541032fe83b770400225720f551fcb2a9b273a351e01ed6297908140cc7cae79ded	common_voice_gej_43314048.mp3	dbe2b6580424d4a878010f555cdca6976eedebf4b2397f0888acdaf5d73734e5	Axwe gbagba.		2	0					gej	
b8b64b238172873aa5b51b92f7135664c16d7d384dfc382cfd4982747c53e541032fe83b770400225720f551fcb2a9b273a351e01ed6297908140cc7cae79ded	common_voice_gej_43314050.mp3	ddf57505c10ae5c8a6d7e04770db6bebba2186d7b8047170e5b5a014df929646	Gli.		2	1					gej	
b8b64b238172873aa5b51b92f7135664c16d7d384dfc382cfd4982747c53e541032fe83b770400225720f551fcb2a9b273a351e01ed6297908140cc7cae79ded	common_voice_gej_43314051.mp3	0a8a5e205e1c0b97689400c7479020d5829321ecfc43e94e560a3438936cd004	Yo ataba.		2	0					gej	
b8b64b238172873aa5b51b92f7135664c16d7d384dfc382cfd4982747c53e541032fe83b770400225720f551fcb2a9b273a351e01ed6297908140cc7cae79ded	common_voice_gej_43314052.mp3	385275f656b1c96d3397016e3cd6fcfdf3576fb209267624cf8db060c2687522	Xome a de lutuu a vo.		2	1					gej	
b8b64b238172873aa5b51b92f7135664c16d7d384dfc382cfd4982747c53e541032fe83b770400225720f551fcb2a9b273a351e01ed6297908140cc7cae79ded	common_voice_gej_43314066.mp3	d4542c1664b7b7a7120359ed7d42f4fad1ae6bff16882c257a1e36a4233c601b	Adomeze.		2	0					gej	
b8b64b238172873aa5b51b92f7135664c16d7d384dfc382cfd4982747c53e541032fe83b770400225720f551fcb2a9b273a351e01ed6297908140cc7cae79ded	common_voice_gej_43314067.mp3	f416776bae0b9800bcb9212d3e2ad94b61a98ec30d044e86b3db00266fd05ac4	Wo do bli.		2	0					gej	
b8b64b238172873aa5b51b92f7135664c16d7d384dfc382cfd4982747c53e541032fe83b770400225720f551fcb2a9b273a351e01ed6297908140cc7cae79ded	common_voice_gej_43314068.mp3	28c6d73d17510b2ef005d256c0624d1268c944b641fa8391db6b387e7091d802	Liliwo va le yi.		2	0					gej	
b8b64b238172873aa5b51b92f7135664c16d7d384dfc382cfd4982747c53e541032fe83b770400225720f551fcb2a9b273a351e01ed6297908140cc7cae79ded	common_voice_gej_43314069.mp3	35c3245a48f7f8ecc05f1ef1b91df2b0ae73c980203e9228c2c97b7ecc0f7fb7	Funu.		2	1					gej	
b8b64b238172873aa5b51b92f7135664c16d7d384dfc382cfd4982747c53e541032fe83b770400225720f551fcb2a9b273a351e01ed6297908140cc7cae79ded	common_voice_gej_43314070.mp3	2f5b3e0714bbdb9fec07e4495f1c5b444a035d3d57fbb2ef088f6361d18ac55e	Wo jra moa do.		2	1					gej	
b8b64b238172873aa5b51b92f7135664c16d7d384dfc382cfd4982747c53e541032fe83b770400225720f551fcb2a9b273a351e01ed6297908140cc7cae79ded	common_voice_gej_43314085.mp3	2ff98fd57a7cdfdb815b5de0dfb2d6b2701dedbfdc362ca65d1792dc8e7a5854	Adangudemo.		2	0					gej	
b8b64b238172873aa5b51b92f7135664c16d7d384dfc382cfd4982747c53e541032fe83b770400225720f551fcb2a9b273a351e01ed6297908140cc7cae79ded	common_voice_gej_43314086.mp3	e9e0c9f4a00306f5b904924dbfafd76e5c152fdff20eadd5ffe1518a0428b09c	Dojikpotodewo.		2	0					gej	
b8b64b238172873aa5b51b92f7135664c16d7d384dfc382cfd4982747c53e541032fe83b770400225720f551fcb2a9b273a351e01ed6297908140cc7cae79ded	common_voice_gej_43314087.mp3	389222d7b336e120b4b9662687482110376bec93cd5565bf3eee478076841212	Didime.		2	0					gej	
b8b64b238172873aa5b51b92f7135664c16d7d384dfc382cfd4982747c53e541032fe83b770400225720f551fcb2a9b273a351e01ed6297908140cc7cae79ded	common_voice_gej_43314088.mp3	43f45284925d4826cf938414e71b52cd259c8b16a2c908f4432ecef8bae76b77	Nupeple.		2	0					gej	
b8b64b238172873aa5b51b92f7135664c16d7d384dfc382cfd4982747c53e541032fe83b770400225720f551fcb2a9b273a351e01ed6297908140cc7cae79ded	common_voice_gej_43314089.mp3	188fdb50fc7a307950f5fef5b3ae32627552223c46f652e4b73956d012e6d72b	Biye ve.		2	0					gej	
b8b64b238172873aa5b51b92f7135664c16d7d384dfc382cfd4982747c53e541032fe83b770400225720f551fcb2a9b273a351e01ed6297908140cc7cae79ded	common_voice_gej_43314094.mp3	27bdf59e99f3c2bbc50d35779fc1fc4c4d72b04dd0b806ad43ac16a652d7be67	Akpafionowo.		2	0					gej	
b8b64b238172873aa5b51b92f7135664c16d7d384dfc382cfd4982747c53e541032fe83b770400225720f551fcb2a9b273a351e01ed6297908140cc7cae79ded	common_voice_gej_43314095.mp3	380b627d998ddf95eb1cbbe67dbe88b6eb3f1f1b36c4668ec31411437b393b3a	Amakpa adre.		2	0					gej	
b8b64b238172873aa5b51b92f7135664c16d7d384dfc382cfd4982747c53e541032fe83b770400225720f551fcb2a9b273a351e01ed6297908140cc7cae79ded	common_voice_gej_43314096.mp3	1bc1644f593fd33e17ca997611acff07bf3f7420674fdccf135faeece8ebaa07	Navi.		2	0					gej	
b8b64b238172873aa5b51b92f7135664c16d7d384dfc382cfd4982747c53e541032fe83b770400225720f551fcb2a9b273a351e01ed6297908140cc7cae79ded	common_voice_gej_43314099.mp3	ef84c565921fa080a05b455456df8fcb3a57a64a4079caaaae487c932a584259	Wo le ahuasito.		2	1					gej	
b8b64b238172873aa5b51b92f7135664c16d7d384dfc382cfd4982747c53e541032fe83b770400225720f551fcb2a9b273a351e01ed6297908140cc7cae79ded	common_voice_gej_43314102.mp3	e5706782c885f951d11d6ad51d18ee42273cc7dbb28a18dc9efa1a815c9aad7f	Ka takpo ci wo.		2	1					gej	
b8b64b238172873aa5b51b92f7135664c16d7d384dfc382cfd4982747c53e541032fe83b770400225720f551fcb2a9b273a351e01ed6297908140cc7cae79ded	common_voice_gej_43314117.mp3	1962b000ddcb4f21ee50326ee18fe8b769adc04dbe8a9ad26573a42c520a7876	Kade.		2	0					gej	
b8b64b238172873aa5b51b92f7135664c16d7d384dfc382cfd4982747c53e541032fe83b770400225720f551fcb2a9b273a351e01ed6297908140cc7cae79ded	common_voice_gej_43314118.mp3	1f39f1572ee6b9e81bcb20162dcddb4576474e75e7f62f616f22fdbced7d7c64	Eje egome.		2	0					gej	
b8b64b238172873aa5b51b92f7135664c16d7d384dfc382cfd4982747c53e541032fe83b770400225720f551fcb2a9b273a351e01ed6297908140cc7cae79ded	common_voice_gej_43314119.mp3	463a0ccd2b2855542784ff1d400fa4e2d1bb057fb39ce823cce92181bc340fd7	Dowotode.		2	0					gej	
b8b64b238172873aa5b51b92f7135664c16d7d384dfc382cfd4982747c53e541032fe83b770400225720f551fcb2a9b273a351e01ed6297908140cc7cae79ded	common_voice_gej_43314120.mp3	21cc83c55c01318a8251cee91e0ffe9eab04d3f74ca7432cf5a154b0ae43c81e	Pipadope.		2	0					gej	
b8b64b238172873aa5b51b92f7135664c16d7d384dfc382cfd4982747c53e541032fe83b770400225720f551fcb2a9b273a351e01ed6297908140cc7cae79ded	common_voice_gej_43314137.mp3	2f02d16642e48a01a70a64313d6eca5c8f0e98ab663fc0d2c342ba3d86860f94	Mu le kpla nu so gbengutidowowo nguti.		2	0					gej	
b8b64b238172873aa5b51b92f7135664c16d7d384dfc382cfd4982747c53e541032fe83b770400225720f551fcb2a9b273a351e01ed6297908140cc7cae79ded	common_voice_gej_43314140.mp3	1feab317f0079aaaf75742e05a60cc525e9ab22cb232d64e1e224a3e83a619ff	Ahonekpo.		3	0					gej	
b8b64b238172873aa5b51b92f7135664c16d7d384dfc382cfd4982747c53e541032fe83b770400225720f551fcb2a9b273a351e01ed6297908140cc7cae79ded	common_voice_gej_43314141.mp3	422d86845c5f6c325941c6d710ca87622e2234597694f79340ef1b90d0189f9b	Wo me te.		2	0					gej	
b8b64b238172873aa5b51b92f7135664c16d7d384dfc382cfd4982747c53e541032fe83b770400225720f551fcb2a9b273a351e01ed6297908140cc7cae79ded	common_voice_gej_43314144.mp3	3e61dea1f20f651d90e27dff456aec82e56ee87aea5e5675a3a451113f784747	Nyagomedexoma.		2	1					gej	
b8b64b238172873aa5b51b92f7135664c16d7d384dfc382cfd4982747c53e541032fe83b770400225720f551fcb2a9b273a351e01ed6297908140cc7cae79ded	common_voice_gej_43314145.mp3	3b7ddac03bb32d9a01700049d09ecb35f7bc2cc4c99a6cb4ca7482cbc2ad9b64	Adubati.		2	0					gej	
b8b64b238172873aa5b51b92f7135664c16d7d384dfc382cfd4982747c53e541032fe83b770400225720f551fcb2a9b273a351e01ed6297908140cc7cae79ded	common_voice_gej_43314165.mp3	f2a7bedefbc8e6a8e5008b46dd253e9ee83770795db5ceaa2ee8e32108628b64	Xixa.		2	1					gej	
b8b64b238172873aa5b51b92f7135664c16d7d384dfc382cfd4982747c53e541032fe83b770400225720f551fcb2a9b273a351e01ed6297908140cc7cae79ded	common_voice_gej_43314167.mp3	f59b52e8c77268f2db66de91e2ff4198aea97f25219ad8544814de322b510a52	Agbeyadidikpotolehume a afoku ye.		2	1					gej	
b8b64b238172873aa5b51b92f7135664c16d7d384dfc382cfd4982747c53e541032fe83b770400225720f551fcb2a9b273a351e01ed6297908140cc7cae79ded	common_voice_gej_43314168.mp3	e46587197ec9b3c987156d606f364d3fdbaa878f5127fd1d9119692c186d57d9	Sototi.		2	1					gej	
b8b64b238172873aa5b51b92f7135664c16d7d384dfc382cfd4982747c53e541032fe83b770400225720f551fcb2a9b273a351e01ed6297908140cc7cae79ded	common_voice_gej_43314169.mp3	3deb202989b4af19585995d3d23e33b5f68bf264eb4e687332cd761ea06ed841	Alogoga.		2	1					gej	
b8b64b238172873aa5b51b92f7135664c16d7d384dfc382cfd4982747c53e541032fe83b770400225720f551fcb2a9b273a351e01ed6297908140cc7cae79ded	common_voice_gej_43314189.mp3	f94018a0729973523275f4eded9cdc7f997a68b13bace64f4a0e9ac990156de3	Gegbe.		2	1					gej	
b8b64b238172873aa5b51b92f7135664c16d7d384dfc382cfd4982747c53e541032fe83b770400225720f551fcb2a9b273a351e01ed6297908140cc7cae79ded	common_voice_gej_43314190.mp3	45593b442526f64d13a41cad68aea9041ef056c3e850c79247ffc3d030ee5dce	Gbe ji yiyi.		2	0					gej	
b8b64b238172873aa5b51b92f7135664c16d7d384dfc382cfd4982747c53e541032fe83b770400225720f551fcb2a9b273a351e01ed6297908140cc7cae79ded	common_voice_gej_43314191.mp3	0e2801d8b6d419f9483d9e54b6935e34c92617e8dac3d0faa93def8df368864e	Mu ke abo me.		2	0					gej	
b8b64b238172873aa5b51b92f7135664c16d7d384dfc382cfd4982747c53e541032fe83b770400225720f551fcb2a9b273a351e01ed6297908140cc7cae79ded	common_voice_gej_43314192.mp3	3e596d7658f7d3e93dbd8357490e22b482f95c881b760876eb24c431745d43d0	Da do.		2	0					gej	
b8b64b238172873aa5b51b92f7135664c16d7d384dfc382cfd4982747c53e541032fe83b770400225720f551fcb2a9b273a351e01ed6297908140cc7cae79ded	common_voice_gej_43314193.mp3	40f0440c58ff408f325d66ccaa9636212afa66aeb9b480d658cc7db4f2345dd2	Afla.		2	0					gej	
b8b64b238172873aa5b51b92f7135664c16d7d384dfc382cfd4982747c53e541032fe83b770400225720f551fcb2a9b273a351e01ed6297908140cc7cae79ded	common_voice_gej_43314206.mp3	320f366acfdc257388dcab333e2962aa7807d2253c80ddc901ae17740e8debaa	Akpafio wawo.		2	0					gej	
b8b64b238172873aa5b51b92f7135664c16d7d384dfc382cfd4982747c53e541032fe83b770400225720f551fcb2a9b273a351e01ed6297908140cc7cae79ded	common_voice_gej_43314207.mp3	3eb33d02b61d3d6afdeaa1ef2eae84a6bb36411940156b47ba2f8384b4658834	Cukucu.		2	0					gej	
b8b64b238172873aa5b51b92f7135664c16d7d384dfc382cfd4982747c53e541032fe83b770400225720f551fcb2a9b273a351e01ed6297908140cc7cae79ded	common_voice_gej_43314208.mp3	2739f09e0f7173be9ad3cfb335b0139129c6c03a5bdcfae3d3dbc3731cfa9941	Bo nudodo.		2	1					gej	
b8b64b238172873aa5b51b92f7135664c16d7d384dfc382cfd4982747c53e541032fe83b770400225720f551fcb2a9b273a351e01ed6297908140cc7cae79ded	common_voice_gej_43314209.mp3	0646672d24b81de590b409e0c3ee06b026c72348d71e8530e3bd79a1c27676d1	Kpakpa mi.		2	0					gej	
b8b64b238172873aa5b51b92f7135664c16d7d384dfc382cfd4982747c53e541032fe83b770400225720f551fcb2a9b273a351e01ed6297908140cc7cae79ded	common_voice_gej_43314210.mp3	3e2633d1c72ec549e747b6a634dcac8c07add1262ee2b6ac5dd2fa62368ab584	Nyonuvi a lolo.		2	0					gej	
b8b64b238172873aa5b51b92f7135664c16d7d384dfc382cfd4982747c53e541032fe83b770400225720f551fcb2a9b273a351e01ed6297908140cc7cae79ded	common_voice_gej_43314235.mp3	48752efb1ff0c222f76abceaf14312823d2941a9769a72ac8ca6310006a5e3be	Hlome ja na sibi.		2	1					gej	
b8b64b238172873aa5b51b92f7135664c16d7d384dfc382cfd4982747c53e541032fe83b770400225720f551fcb2a9b273a351e01ed6297908140cc7cae79ded	common_voice_gej_43314236.mp3	37d42f6c90ad231c96cb626dc57f449f7ca427f139b3fdd8a9c691828c150aad	Adidovivido.		2	0					gej	
b8b64b238172873aa5b51b92f7135664c16d7d384dfc382cfd4982747c53e541032fe83b770400225720f551fcb2a9b273a351e01ed6297908140cc7cae79ded	common_voice_gej_43314237.mp3	b801f5564c02b3131d3e73cbc4d019d1239d451746d7f1ea4eb35e5065b63f35	Enyanyoe.		2	0					gej	
b8b64b238172873aa5b51b92f7135664c16d7d384dfc382cfd4982747c53e541032fe83b770400225720f551fcb2a9b273a351e01ed6297908140cc7cae79ded	common_voice_gej_43314238.mp3	2b839c13e54b66d36831308b999814c6772e6ba802317a3c9c42ef2c6b5776ef	Gogo na tohono.		2	1					gej	
b8b64b238172873aa5b51b92f7135664c16d7d384dfc382cfd4982747c53e541032fe83b770400225720f551fcb2a9b273a351e01ed6297908140cc7cae79ded	common_voice_gej_43314244.mp3	3deb4a04305bbb103c44dcb54e68e692732d03a90353c338412107632f7732d4	Nudududowowonyoe.		2	0					gej	
b8b64b238172873aa5b51b92f7135664c16d7d384dfc382cfd4982747c53e541032fe83b770400225720f551fcb2a9b273a351e01ed6297908140cc7cae79ded	common_voice_gej_43314246.mp3	f50de8f2b277a5b44a08520928c96057637db43f5e0cd6c0b7caedba66fb6fed	Mi mu sra adome o.		2	0					gej	
b8b64b238172873aa5b51b92f7135664c16d7d384dfc382cfd4982747c53e541032fe83b770400225720f551fcb2a9b273a351e01ed6297908140cc7cae79ded	common_voice_gej_43314247.mp3	ff202e83d049d664c71aca4add93faa5acef513fcc16224c6004ed9f3e8fcc2a	Agbeto.		2	0					gej	
b8b64b238172873aa5b51b92f7135664c16d7d384dfc382cfd4982747c53e541032fe83b770400225720f551fcb2a9b273a351e01ed6297908140cc7cae79ded	common_voice_gej_43314248.mp3	156d85294918451629e01d88e4454bd49ceaf53d26d6e5bf999b241f0a1d3626	Mi mu le ci kpo o.		2	0					gej	
b8b64b238172873aa5b51b92f7135664c16d7d384dfc382cfd4982747c53e541032fe83b770400225720f551fcb2a9b273a351e01ed6297908140cc7cae79ded	common_voice_gej_43314249.mp3	19be900f4201ae6cee6c8d8f5b0ee1e283c3dbd1a6b572c807fc213e61092582	Labile dro si do ta.		3	0					gej	
b8b64b238172873aa5b51b92f7135664c16d7d384dfc382cfd4982747c53e541032fe83b770400225720f551fcb2a9b273a351e01ed6297908140cc7cae79ded	common_voice_gej_43314266.mp3	024d54f50383f8d791ed1ea289e16d0ce81bfa5498418fbb0d0830d04f7d5424	Atikpakpa.		2	0					gej	
b8b64b238172873aa5b51b92f7135664c16d7d384dfc382cfd4982747c53e541032fe83b770400225720f551fcb2a9b273a351e01ed6297908140cc7cae79ded	common_voice_gej_43314267.mp3	2c44aacc861d60f0ed13762cc731b522e5b4065a806046cbbc78c6627ac9a7a3	Mamaga.		2	0					gej	
b8b64b238172873aa5b51b92f7135664c16d7d384dfc382cfd4982747c53e541032fe83b770400225720f551fcb2a9b273a351e01ed6297908140cc7cae79ded	common_voice_gej_43314268.mp3	19eb8f82424ed9a0d5eaf6e25f0c2670a6ef3581f9ae744799f1bc05edf4ee03	Ngkuvi.		2	0					gej	
b8b64b238172873aa5b51b92f7135664c16d7d384dfc382cfd4982747c53e541032fe83b770400225720f551fcb2a9b273a351e01ed6297908140cc7cae79ded	common_voice_gej_43314269.mp3	b9dec92b0efae75d3b0f265d099174ab3167682dc467376f5b94fcbe57cda493	Pe ka ve takpo.		2	1					gej	
b8b64b238172873aa5b51b92f7135664c16d7d384dfc382cfd4982747c53e541032fe83b770400225720f551fcb2a9b273a351e01ed6297908140cc7cae79ded	common_voice_gej_43314278.mp3	36b76c4b39b66e000d1fdafda671dd7fb1b8b934c5072c392780bb874e8926c6	Lokoti a.		2	0					gej	
b8b64b238172873aa5b51b92f7135664c16d7d384dfc382cfd4982747c53e541032fe83b770400225720f551fcb2a9b273a351e01ed6297908140cc7cae79ded	common_voice_gej_43314280.mp3	44dac66653e0c245ebd5819f30273a89e243aaaae986cde4659c81ed9ef0547e	Ati.		2	0					gej	
b8b64b238172873aa5b51b92f7135664c16d7d384dfc382cfd4982747c53e541032fe83b770400225720f551fcb2a9b273a351e01ed6297908140cc7cae79ded	common_voice_gej_43314282.mp3	47fcf49193358d281d60c477db6ceda0fc68993a0f6d8964657ff59c093b5df3	Atikpato.		2	0					gej	
b8b64b238172873aa5b51b92f7135664c16d7d384dfc382cfd4982747c53e541032fe83b770400225720f551fcb2a9b273a351e01ed6297908140cc7cae79ded	common_voice_gej_43314285.mp3	114d5054ad9a8dcb73ae2ce4d406ad133690916eb7bb3a3b3cb3dbedb59908ba	Ahloko le asangu a ji.		2	1					gej	
b8b64b238172873aa5b51b92f7135664c16d7d384dfc382cfd4982747c53e541032fe83b770400225720f551fcb2a9b273a351e01ed6297908140cc7cae79ded	common_voice_gej_43314289.mp3	0197caad86c2470c6276b2724da0ac4775b93ca14172c4be67a44ce996a359f1	Aje aha.		2	1					gej	
b8b64b238172873aa5b51b92f7135664c16d7d384dfc382cfd4982747c53e541032fe83b770400225720f551fcb2a9b273a351e01ed6297908140cc7cae79ded	common_voice_gej_43314310.mp3	aa600d958457a94eb207f154e73622db9196c2de58afd82ca3bf69b1597b1b87	Yesu ye nyi kokoeto.		2	1					gej	
b8b64b238172873aa5b51b92f7135664c16d7d384dfc382cfd4982747c53e541032fe83b770400225720f551fcb2a9b273a351e01ed6297908140cc7cae79ded	common_voice_gej_43314311.mp3	39722738ea5a753c50e9fc2baf452fdde24f609ebdb00d3cc16de71c1297cf5c	Ngtiti.		2	1					gej	
b8b64b238172873aa5b51b92f7135664c16d7d384dfc382cfd4982747c53e541032fe83b770400225720f551fcb2a9b273a351e01ed6297908140cc7cae79ded	common_voice_gej_43314312.mp3	10e7d1c67a0d168fa477d2ad5e5a94f73c902588c33cacdcddeb8fb8409b2db4	Abui.		2	0					gej	
b8b64b238172873aa5b51b92f7135664c16d7d384dfc382cfd4982747c53e541032fe83b770400225720f551fcb2a9b273a351e01ed6297908140cc7cae79ded	common_voice_gej_43314313.mp3	1a7b07293a50451d60e162fca39f31077bcc3ba4ddab8c592b9f79f6ab0de2da	Adovi.		2	1					gej	
b8b64b238172873aa5b51b92f7135664c16d7d384dfc382cfd4982747c53e541032fe83b770400225720f551fcb2a9b273a351e01ed6297908140cc7cae79ded	common_voice_gej_43314314.mp3	498c804a17a54a914f87e2dfc781f5da9f3e0c291f80054506590887958e14f2	Desi a to.		2	0					gej	
b8b64b238172873aa5b51b92f7135664c16d7d384dfc382cfd4982747c53e541032fe83b770400225720f551fcb2a9b273a351e01ed6297908140cc7cae79ded	common_voice_gej_43314349.mp3	731921168ee1cf845edb7fa537b78d14f939c72ac7884b17b3d925637d18126a	Nugodo.		2	0					gej	
b8b64b238172873aa5b51b92f7135664c16d7d384dfc382cfd4982747c53e541032fe83b770400225720f551fcb2a9b273a351e01ed6297908140cc7cae79ded	common_voice_gej_43314351.mp3	40540ef30ddd073c1f86b55445cbfa487a1f590d11bea2a3348812026400a41b	Atisu.		2	1					gej	
b8b64b238172873aa5b51b92f7135664c16d7d384dfc382cfd4982747c53e541032fe83b770400225720f551fcb2a9b273a351e01ed6297908140cc7cae79ded	common_voice_gej_43314353.mp3	3ee1e26e5d19cadabe0ff3aa77df45964ba2c90f7e8ba1fd1125f95bb25f8ced	Nukuku mu bena do ngoti o.		2	0					gej	
b8b64b238172873aa5b51b92f7135664c16d7d384dfc382cfd4982747c53e541032fe83b770400225720f551fcb2a9b273a351e01ed6297908140cc7cae79ded	common_voice_gej_43314354.mp3	307d1feb7dc0f6ef26023168cff53a6841b5d4fc6b506c47f4b1dfb5ac5e4ebb	Aditama.		2	0					gej	
b8b64b238172873aa5b51b92f7135664c16d7d384dfc382cfd4982747c53e541032fe83b770400225720f551fcb2a9b273a351e01ed6297908140cc7cae79ded	common_voice_gej_43314365.mp3	309b08aa98127fc3a780df04f32981b79756a4822a755daf8ec18e209759c6c1	Do aci.		2	0					gej	
b8b64b238172873aa5b51b92f7135664c16d7d384dfc382cfd4982747c53e541032fe83b770400225720f551fcb2a9b273a351e01ed6297908140cc7cae79ded	common_voice_gej_43314366.mp3	ef657dce5c9d4a677e3f337eb778b8f20bb91ad30fa535a8e9e9ea5017789884	Eda zi.		2	0					gej	
b8b64b238172873aa5b51b92f7135664c16d7d384dfc382cfd4982747c53e541032fe83b770400225720f551fcb2a9b273a351e01ed6297908140cc7cae79ded	common_voice_gej_43314367.mp3	2f419100e29f6efae0467a7705f4cfbe0d4eb75f9b2d5fdc12f11960ab864c2b	Tasi akpe looo.		2	0					gej	
b8b64b238172873aa5b51b92f7135664c16d7d384dfc382cfd4982747c53e541032fe83b770400225720f551fcb2a9b273a351e01ed6297908140cc7cae79ded	common_voice_gej_43314368.mp3	321e10b51fd4425585eb12be148bc7b44d6920340f5a43c17f73080913f32680	Asisato.		3	0					gej	
b8b64b238172873aa5b51b92f7135664c16d7d384dfc382cfd4982747c53e541032fe83b770400225720f551fcb2a9b273a351e01ed6297908140cc7cae79ded	common_voice_gej_43314369.mp3	3e9ed07363c86535e95da8387e0145b3d9c37716ae2790f497013006a2b0e7b4	Gbedodo.		3	0					gej	
b8b64b238172873aa5b51b92f7135664c16d7d384dfc382cfd4982747c53e541032fe83b770400225720f551fcb2a9b273a351e01ed6297908140cc7cae79ded	common_voice_gej_43314392.mp3	051881770a1cd4d1798177224611a7cf0c2adca4541fb38b295f2bc9b76608e8	Ajre wowo mu nyo o.		2	0					gej	
b8b64b238172873aa5b51b92f7135664c16d7d384dfc382cfd4982747c53e541032fe83b770400225720f551fcb2a9b273a351e01ed6297908140cc7cae79ded	common_voice_gej_43314394.mp3	d5bf0cd61e12dd7c397e09e938bb0d8b42030d62d7cac131b00d68fc07ef194c	Wo so vi.		2	0					gej	
b8b64b238172873aa5b51b92f7135664c16d7d384dfc382cfd4982747c53e541032fe83b770400225720f551fcb2a9b273a351e01ed6297908140cc7cae79ded	common_voice_gej_43314395.mp3	af3f8450c8b17fb4a3b0b4814d33806ed1d4a7111e7997bd9ed284d2b57cd8a5	Togbe.		2	0					gej	
b8b64b238172873aa5b51b92f7135664c16d7d384dfc382cfd4982747c53e541032fe83b770400225720f551fcb2a9b273a351e01ed6297908140cc7cae79ded	common_voice_gej_43314396.mp3	0ae462047c3cbbae8960dc4e4c5f6efce8311e029f38bfef0eae055c8f711b2f	Fa akasazogbo.		2	0					gej	
b8b64b238172873aa5b51b92f7135664c16d7d384dfc382cfd4982747c53e541032fe83b770400225720f551fcb2a9b273a351e01ed6297908140cc7cae79ded	common_voice_gej_43314408.mp3	3ec76a8fd0ea234706ad84fbb40f2cb113e2f2325c23ea13d5bc60e69ed3b583	Afoti.		2	0					gej	
b8b64b238172873aa5b51b92f7135664c16d7d384dfc382cfd4982747c53e541032fe83b770400225720f551fcb2a9b273a351e01ed6297908140cc7cae79ded	common_voice_gej_43314409.mp3	18785f735bb19489205729cb7fd80b5204d192a4ba488b034059db4c04f5b39e	Nuvo.		2	0					gej	
b8b64b238172873aa5b51b92f7135664c16d7d384dfc382cfd4982747c53e541032fe83b770400225720f551fcb2a9b273a351e01ed6297908140cc7cae79ded	common_voice_gej_43314411.mp3	1aaa3588e0ac66d406e2bff23b9ab967293c5327c13d9e43a4eaa53b9e3e2324	Kpakpa la.		2	0					gej	
b8b64b238172873aa5b51b92f7135664c16d7d384dfc382cfd4982747c53e541032fe83b770400225720f551fcb2a9b273a351e01ed6297908140cc7cae79ded	common_voice_gej_43314415.mp3	4395d1ad2ebee9baf61006f526cd3868a23b8581d104bd3ade4b2af18e53ca8d	Denyigbaloto.		2	0					gej	
b8b64b238172873aa5b51b92f7135664c16d7d384dfc382cfd4982747c53e541032fe83b770400225720f551fcb2a9b273a351e01ed6297908140cc7cae79ded	common_voice_gej_43314417.mp3	084a2267466bc56f0861e09f9349bafaa565a423d3f02e0c71827ed31c016724	Agbaze.		2	0					gej	
b8b64b238172873aa5b51b92f7135664c16d7d384dfc382cfd4982747c53e541032fe83b770400225720f551fcb2a9b273a351e01ed6297908140cc7cae79ded	common_voice_gej_43314448.mp3	48389c6507e0f5d7f6fb5c025c43d1037ff59165b723f0a82099ec0de16ef770	Mi nyra.		2	0					gej	
b8b64b238172873aa5b51b92f7135664c16d7d384dfc382cfd4982747c53e541032fe83b770400225720f551fcb2a9b273a351e01ed6297908140cc7cae79ded	common_voice_gej_43314449.mp3	42a0532f0c82cc0b78ea3980102e89ee186cf4de545dc2bacbe3e6d0878a3b7b	Gba vo nyi.		2	0					gej	
b8b64b238172873aa5b51b92f7135664c16d7d384dfc382cfd4982747c53e541032fe83b770400225720f551fcb2a9b273a351e01ed6297908140cc7cae79ded	common_voice_gej_43314450.mp3	3bdc6a57547715c6c519a608c9196bba017acfb2600d93bd6accfbd3d9d3f42e	Sukulukokodaseduxoma.		2	0					gej	
b8b64b238172873aa5b51b92f7135664c16d7d384dfc382cfd4982747c53e541032fe83b770400225720f551fcb2a9b273a351e01ed6297908140cc7cae79ded	common_voice_gej_43314451.mp3	42598b630fee37bc7162ed1201f132261a34f2b552e70c243bd525cd4da72412	Ca.		2	1					gej	
b8b64b238172873aa5b51b92f7135664c16d7d384dfc382cfd4982747c53e541032fe83b770400225720f551fcb2a9b273a351e01ed6297908140cc7cae79ded	common_voice_gej_43314452.mp3	33f2ec158a293a926f65674d1753fcf1fe6cb9e67431c7f1e7dea2c3d503cd7d	Topodo.		2	0					gej	
b8b64b238172873aa5b51b92f7135664c16d7d384dfc382cfd4982747c53e541032fe83b770400225720f551fcb2a9b273a351e01ed6297908140cc7cae79ded	common_voice_gej_43314475.mp3	ebf33a65a243d312b805d5955695f174ebf7f896f82a5ec8150caef042a9ffa9	Adigbanyagblode.		2	1					gej	
b8b64b238172873aa5b51b92f7135664c16d7d384dfc382cfd4982747c53e541032fe83b770400225720f551fcb2a9b273a351e01ed6297908140cc7cae79ded	common_voice_gej_43314477.mp3	cf0b9ad0e0a3c287dcaea93c049ddd57b510bdf8c5526c86e501d704900820a4	Nunglotisi.		2	1					gej	
b8b64b238172873aa5b51b92f7135664c16d7d384dfc382cfd4982747c53e541032fe83b770400225720f551fcb2a9b273a351e01ed6297908140cc7cae79ded	common_voice_gej_43314481.mp3	4826aacbecbd56efba4b58aa982cdd3698951877520773788d752c2d307e21e1	Ka ci woe deka.		2	0					gej	
b8b64b238172873aa5b51b92f7135664c16d7d384dfc382cfd4982747c53e541032fe83b770400225720f551fcb2a9b273a351e01ed6297908140cc7cae79ded	common_voice_gej_43314484.mp3	40e6946204d4dde8d06314928b2f6748d754583b7f182a1e3b1899eb65a646e6	Dowoto a.		2	0					gej	
b8b64b238172873aa5b51b92f7135664c16d7d384dfc382cfd4982747c53e541032fe83b770400225720f551fcb2a9b273a351e01ed6297908140cc7cae79ded	common_voice_gej_43314487.mp3	b9ed156b9b883c67a9926f81d39f29b2ccc2e275bb1d3307aca031605fc2b0f3	Azikpe awo.		2	0					gej	
b8b64b238172873aa5b51b92f7135664c16d7d384dfc382cfd4982747c53e541032fe83b770400225720f551fcb2a9b273a351e01ed6297908140cc7cae79ded	common_voice_gej_43314499.mp3	3c8b2f57224af4ae55ec174602c8d3b48618c25b6430fb4fa32d5a370a7de20b	Oo.		2	1					gej	
b8b64b238172873aa5b51b92f7135664c16d7d384dfc382cfd4982747c53e541032fe83b770400225720f551fcb2a9b273a351e01ed6297908140cc7cae79ded	common_voice_gej_43314501.mp3	416a6284373a058aaca1d50b2bea0c8de63ee8a51cdf94d9c72648c6e7c4c6fa	Ehlo.		2	0					gej	
b8b64b238172873aa5b51b92f7135664c16d7d384dfc382cfd4982747c53e541032fe83b770400225720f551fcb2a9b273a351e01ed6297908140cc7cae79ded	common_voice_gej_43314502.mp3	4a0654d4e0137ef01801b423baab59a7d85eff29540d08799f11065cd53bd966	Etim ngto.		2	0					gej	
b8b64b238172873aa5b51b92f7135664c16d7d384dfc382cfd4982747c53e541032fe83b770400225720f551fcb2a9b273a351e01ed6297908140cc7cae79ded	common_voice_gej_43314503.mp3	2c690068f09a6072503c23deb2ebb4f9c41421b45a5ee87243a1fb33afc971c1	Dekaje.		2	0					gej	
b8b64b238172873aa5b51b92f7135664c16d7d384dfc382cfd4982747c53e541032fe83b770400225720f551fcb2a9b273a351e01ed6297908140cc7cae79ded	common_voice_gej_43314522.mp3	3cb57c493f245d778f8f6492e1e7632cd918c4e5e54bc7edde273824ba017228	Nye ya kristoto mu nyi eye kadodo dekpe mu le viviti ku kekle dome o.		2	1					gej	
b8b64b238172873aa5b51b92f7135664c16d7d384dfc382cfd4982747c53e541032fe83b770400225720f551fcb2a9b273a351e01ed6297908140cc7cae79ded	common_voice_gej_43314524.mp3	499f01694062a5d50a53df056144bfcca1e9add57a3cdeae1119aa1291760124	Gbedangudowoto.		2	0					gej	
b8b64b238172873aa5b51b92f7135664c16d7d384dfc382cfd4982747c53e541032fe83b770400225720f551fcb2a9b273a351e01ed6297908140cc7cae79ded	common_voice_gej_43314525.mp3	32739e9bf451be46c8cf704346b58d3d91a2e844c4f3169a8f74cae9b7d3e177	Abota le du mable.		2	1					gej	
b8b64b238172873aa5b51b92f7135664c16d7d384dfc382cfd4982747c53e541032fe83b770400225720f551fcb2a9b273a351e01ed6297908140cc7cae79ded	common_voice_gej_43314526.mp3	2f580fca5c86cb05b0eefcae9873ad452ef62ab4ae1ae1c6754f1570da7cb7bc	Didi.		2	0					gej	
b8b64b238172873aa5b51b92f7135664c16d7d384dfc382cfd4982747c53e541032fe83b770400225720f551fcb2a9b273a351e01ed6297908140cc7cae79ded	common_voice_gej_43314527.mp3	378f6e3a56a379718dcc60e4ca60c5002488fe11255e51742cfb0ceac65a910e	Jimepuxaxa.		3	0					gej	
b8b64b238172873aa5b51b92f7135664c16d7d384dfc382cfd4982747c53e541032fe83b770400225720f551fcb2a9b273a351e01ed6297908140cc7cae79ded	common_voice_gej_43315335.mp3	e0a345ed6d21cbcebff1adf133e01dda785e65afe6d189e131f746e98ad20e31	Mi kplo nu.		2	0					gej	
b8b64b238172873aa5b51b92f7135664c16d7d384dfc382cfd4982747c53e541032fe83b770400225720f551fcb2a9b273a351e01ed6297908140cc7cae79ded	common_voice_gej_43315336.mp3	21dbc533ce24c03d880b3fbffedd2940b79c9c80fa7990799c737a27a98c3b6e	Ajodoci.		2	0					gej	
b8b64b238172873aa5b51b92f7135664c16d7d384dfc382cfd4982747c53e541032fe83b770400225720f551fcb2a9b273a351e01ed6297908140cc7cae79ded	common_voice_gej_43315337.mp3	4952863588c4c8dee4b021beb50b7ea11b302f8446209526967c8fad2e364057	Anyi nono.		2	0					gej	
b8b64b238172873aa5b51b92f7135664c16d7d384dfc382cfd4982747c53e541032fe83b770400225720f551fcb2a9b273a351e01ed6297908140cc7cae79ded	common_voice_gej_43315338.mp3	2f11381b23136d38d1802a0884c62815a025fc28c4356e6f70f5dbd1cdf8c77d	Adesade.		2	0					gej	
b8b64b238172873aa5b51b92f7135664c16d7d384dfc382cfd4982747c53e541032fe83b770400225720f551fcb2a9b273a351e01ed6297908140cc7cae79ded	common_voice_gej_43315339.mp3	37523e4d8d35af9730b65774ba9960961033396d2879975b267a3218c3865d94	So ahoka.		2	0					gej	
b8b64b238172873aa5b51b92f7135664c16d7d384dfc382cfd4982747c53e541032fe83b770400225720f551fcb2a9b273a351e01ed6297908140cc7cae79ded	common_voice_gej_43315349.mp3	162b45a15d5735a843b357546f321aaa84c1b71d63a08e069392016c5ad42970	Mia kpata mi va.		2	0					gej	
b8b64b238172873aa5b51b92f7135664c16d7d384dfc382cfd4982747c53e541032fe83b770400225720f551fcb2a9b273a351e01ed6297908140cc7cae79ded	common_voice_gej_43315350.mp3	4f2a99fa6e8a1305725b32ece0a30dd1549ea4364b6f792c97bfb68e48d633ce	Vivi nu me.		2	0					gej	
b8b64b238172873aa5b51b92f7135664c16d7d384dfc382cfd4982747c53e541032fe83b770400225720f551fcb2a9b273a351e01ed6297908140cc7cae79ded	common_voice_gej_43315351.mp3	35a182c51bac4a9d9f4781915bf7f97b2dfa77439a52a266baab20027d0e4855	Yi afikuda.		2	1					gej	
b8b64b238172873aa5b51b92f7135664c16d7d384dfc382cfd4982747c53e541032fe83b770400225720f551fcb2a9b273a351e01ed6297908140cc7cae79ded	common_voice_gej_43315352.mp3	be064273a75fc3368c32891c265675c3b21c669785cd1434aa390a098eae1502	Wo ye fio mu hajiji.		2	0					gej	
b8b64b238172873aa5b51b92f7135664c16d7d384dfc382cfd4982747c53e541032fe83b770400225720f551fcb2a9b273a351e01ed6297908140cc7cae79ded	common_voice_gej_43315353.mp3	163a26be55fd327876848f484073e95ddec439aba79045f92abfbd3497e674ef	Etre.		2	0					gej	
b8b64b238172873aa5b51b92f7135664c16d7d384dfc382cfd4982747c53e541032fe83b770400225720f551fcb2a9b273a351e01ed6297908140cc7cae79ded	common_voice_gej_43315364.mp3	4e9454548da94a8866b50540ba758650e75cab379fe6b59d263daf29fe988ff4	Dede be no be agbaze le droyii droyii.		2	1					gej	
b8b64b238172873aa5b51b92f7135664c16d7d384dfc382cfd4982747c53e541032fe83b770400225720f551fcb2a9b273a351e01ed6297908140cc7cae79ded	common_voice_gej_43315365.mp3	4faa067811f64f936791f5747822c9f126b28ca91514430b56ac50812a15786c	Su.		2	1					gej	
b8b64b238172873aa5b51b92f7135664c16d7d384dfc382cfd4982747c53e541032fe83b770400225720f551fcb2a9b273a351e01ed6297908140cc7cae79ded	common_voice_gej_43315366.mp3	47b17cb739b6c4e64d5f1113bbcf8a06828f25486bdb608ef1522d34d979e3a3	Wo gba ne.		2	0					gej	
b8b64b238172873aa5b51b92f7135664c16d7d384dfc382cfd4982747c53e541032fe83b770400225720f551fcb2a9b273a351e01ed6297908140cc7cae79ded	common_voice_gej_43315367.mp3	1758fa1169f6c913eabc39b4393c78b5c63c7573c0449b4e9c08f12673f0006a	Mu bu na me.		2	0					gej	
b8b64b238172873aa5b51b92f7135664c16d7d384dfc382cfd4982747c53e541032fe83b770400225720f551fcb2a9b273a351e01ed6297908140cc7cae79ded	common_voice_gej_43315368.mp3	32f41a02d644e89280a9036c66d55a4908eaf5ab5470d0186a2eb3e5dcec59ba	Vevegotete.		2	0					gej	
b8b64b238172873aa5b51b92f7135664c16d7d384dfc382cfd4982747c53e541032fe83b770400225720f551fcb2a9b273a351e01ed6297908140cc7cae79ded	common_voice_gej_43315377.mp3	49c5c9705ce3e87905f6c826f667f1ef1e0e4157dfd388e55d3aeeb73a2107c9	Mi so vi.		2	1					gej	
b8b64b238172873aa5b51b92f7135664c16d7d384dfc382cfd4982747c53e541032fe83b770400225720f551fcb2a9b273a351e01ed6297908140cc7cae79ded	common_voice_gej_43315379.mp3	39a5bac10ac36cd1a396546b177af061d94954f0465df4b87641a848932050d8	Ewuigoa.		2	1					gej	
b8b64b238172873aa5b51b92f7135664c16d7d384dfc382cfd4982747c53e541032fe83b770400225720f551fcb2a9b273a351e01ed6297908140cc7cae79ded	common_voice_gej_43315382.mp3	fbee49d5df4d2482c8ea2ee08c82cadccd13af0e4e2f55d30021dfc88e1d45ef	Wo ke azi.		2	1					gej	
b8b64b238172873aa5b51b92f7135664c16d7d384dfc382cfd4982747c53e541032fe83b770400225720f551fcb2a9b273a351e01ed6297908140cc7cae79ded	common_voice_gej_43315383.mp3	4f29c5f9b1895ca3f06ccb11d281b42bfd4f6344a8ca5368fcc4b78925df63d0	Ka takpo ci wo eve.		2	1					gej	
b8b64b238172873aa5b51b92f7135664c16d7d384dfc382cfd4982747c53e541032fe83b770400225720f551fcb2a9b273a351e01ed6297908140cc7cae79ded	common_voice_gej_43315384.mp3	a4bac5b59d0910ff289638c922917150836b351cb064ac2f49a301a3f25724bc	Gbeloze.		2	1					gej	
b8b64b238172873aa5b51b92f7135664c16d7d384dfc382cfd4982747c53e541032fe83b770400225720f551fcb2a9b273a351e01ed6297908140cc7cae79ded	common_voice_gej_43315385.mp3	339c94bf64411833d8fa39d0820ee41e03f66d4369b42efc4041e3e49168112e	Kpla.		2	1					gej	
b8b64b238172873aa5b51b92f7135664c16d7d384dfc382cfd4982747c53e541032fe83b770400225720f551fcb2a9b273a351e01ed6297908140cc7cae79ded	common_voice_gej_43315386.mp3	dd9d33ffb0962e61ce897463af1d7dd82ee26e26bad9e4f67ec6766ea26d774c	Kpakpa.		2	0					gej	
b8b64b238172873aa5b51b92f7135664c16d7d384dfc382cfd4982747c53e541032fe83b770400225720f551fcb2a9b273a351e01ed6297908140cc7cae79ded	common_voice_gej_43315393.mp3	a0aa1ff634c13190bbf594f67db5791a055e404e27800b606ffb5bb8a5777af4	Alagba ti.		2	0					gej	
b8b64b238172873aa5b51b92f7135664c16d7d384dfc382cfd4982747c53e541032fe83b770400225720f551fcb2a9b273a351e01ed6297908140cc7cae79ded	common_voice_gej_43315396.mp3	44ee1d532df6fd442a2ad0208b4aa7dc3b2a8a7127a31e25ebe167a636da3fad	Mago bobo nguto.		2	0					gej	
b8b64b238172873aa5b51b92f7135664c16d7d384dfc382cfd4982747c53e541032fe83b770400225720f551fcb2a9b273a351e01ed6297908140cc7cae79ded	common_voice_gej_43315398.mp3	e08cf87396c60f665ff014b57ada636c7a5b90c27687125a35ab92f3fde54c49	Timati gble.		2	1					gej	
b8b64b238172873aa5b51b92f7135664c16d7d384dfc382cfd4982747c53e541032fe83b770400225720f551fcb2a9b273a351e01ed6297908140cc7cae79ded	common_voice_gej_43315401.mp3	05cb53019608dc62fb1756d1442b9b76bee6ccaf768c56bc0bfd8f65d48930e2	Bu.		2	0					gej	
b8b64b238172873aa5b51b92f7135664c16d7d384dfc382cfd4982747c53e541032fe83b770400225720f551fcb2a9b273a351e01ed6297908140cc7cae79ded	common_voice_gej_43315407.mp3	2168b35a713ef41dcc2a89c0c0f6b47bdd9353cf0d552eabe3ff8a6027011d3e	Eklo.		2	0					gej	
b8b64b238172873aa5b51b92f7135664c16d7d384dfc382cfd4982747c53e541032fe83b770400225720f551fcb2a9b273a351e01ed6297908140cc7cae79ded	common_voice_gej_43315408.mp3	dfb9971222db8e8c632bda088fe2266fc66e685dad9f0fd5e6b134d2151f3c5d	Wo yona nyonu awo be : latre, nadu, anoko, ku buwo.		2	1					gej	
b8b64b238172873aa5b51b92f7135664c16d7d384dfc382cfd4982747c53e541032fe83b770400225720f551fcb2a9b273a351e01ed6297908140cc7cae79ded	common_voice_gej_43315410.mp3	4e2a12e02f3670580c9542b070b19330245ab050d8b83e222993557a7985e299	Tokpakpa.		2	1					gej	
b8b64b238172873aa5b51b92f7135664c16d7d384dfc382cfd4982747c53e541032fe83b770400225720f551fcb2a9b273a351e01ed6297908140cc7cae79ded	common_voice_gej_43315411.mp3	46fd7e7babec9beff30806681dad42bd8a26d377a60e2798f0d4a45cef013529	Nungloti je.		2	0					gej	
b8b64b238172873aa5b51b92f7135664c16d7d384dfc382cfd4982747c53e541032fe83b770400225720f551fcb2a9b273a351e01ed6297908140cc7cae79ded	common_voice_gej_43315422.mp3	40a0d21138d319f3020fefa06ff9eb824a31ba3d30ca9c7612179c587285c39e	Atogoa.		2	0					gej	
b8b64b238172873aa5b51b92f7135664c16d7d384dfc382cfd4982747c53e541032fe83b770400225720f551fcb2a9b273a351e01ed6297908140cc7cae79ded	common_voice_gej_43315423.mp3	4a514303a720523027a6a3c5c553700334c5cc5bd66e5633173f3ca7a37df2b7	Di sa.		2	0					gej	
b8b64b238172873aa5b51b92f7135664c16d7d384dfc382cfd4982747c53e541032fe83b770400225720f551fcb2a9b273a351e01ed6297908140cc7cae79ded	common_voice_gej_43315424.mp3	1c6c44a856614c261746ee766d06b8f83dd8546d83360f0b24de26cda925cbef	Amania, wo yo mu mu va do.		3	0					gej	
b8b64b238172873aa5b51b92f7135664c16d7d384dfc382cfd4982747c53e541032fe83b770400225720f551fcb2a9b273a351e01ed6297908140cc7cae79ded	common_voice_gej_43315425.mp3	400bb5bee92b79fff400eb04d77cf5f888199a9e0e43b17d6a3dc8c7263841c6	Ekploa keke.		3	0					gej	
b8b64b238172873aa5b51b92f7135664c16d7d384dfc382cfd4982747c53e541032fe83b770400225720f551fcb2a9b273a351e01ed6297908140cc7cae79ded	common_voice_gej_43315426.mp3	ffc75b54d17ba77e2c3482e27a0e65d6f25f8f409c7ea8460898f641ad4fb601	Po azidesi.		2	0					gej	
b8b64b238172873aa5b51b92f7135664c16d7d384dfc382cfd4982747c53e541032fe83b770400225720f551fcb2a9b273a351e01ed6297908140cc7cae79ded	common_voice_gej_43315432.mp3	2a3c1d92565ff7434d85fe2065f0551bcbe2c3e3913120d90b3bb09137dde49d	Kaka.		2	0					gej	
b8b64b238172873aa5b51b92f7135664c16d7d384dfc382cfd4982747c53e541032fe83b770400225720f551fcb2a9b273a351e01ed6297908140cc7cae79ded	common_voice_gej_43315433.mp3	1db5e77d7ae5379793c8f6d42c2bb0710eded47dc0d8378d8bd4c00a57f7393e	Woenegoa.		2	0					gej	
b8b64b238172873aa5b51b92f7135664c16d7d384dfc382cfd4982747c53e541032fe83b770400225720f551fcb2a9b273a351e01ed6297908140cc7cae79ded	common_voice_gej_43315434.mp3	2ab3b01557b21afd9437c71a7dc0ad7075104b4d7d82a4fdf88b5e08370e0cfc	Ase.		2	0					gej	
b8b64b238172873aa5b51b92f7135664c16d7d384dfc382cfd4982747c53e541032fe83b770400225720f551fcb2a9b273a351e01ed6297908140cc7cae79ded	common_voice_gej_43315435.mp3	48e4a370e537d3bc99c68c3c113eff3d367dfd6bcf90f6bb7f4a4755edf608ec	Te do.		2	1					gej	
b8b64b238172873aa5b51b92f7135664c16d7d384dfc382cfd4982747c53e541032fe83b770400225720f551fcb2a9b273a351e01ed6297908140cc7cae79ded	common_voice_gej_43315436.mp3	ec10291a3faf442d5c258070a7ad9f06cd02788a13c299a3f5e7573130637d4e	Egbe.		2	0					gej	
b8b64b238172873aa5b51b92f7135664c16d7d384dfc382cfd4982747c53e541032fe83b770400225720f551fcb2a9b273a351e01ed6297908140cc7cae79ded	common_voice_gej_43315442.mp3	2244b54d36ec43d89f93106d182e6f22d41e60763fa77e957f9adad41efded64	E gba ne.		2	0					gej	
b8b64b238172873aa5b51b92f7135664c16d7d384dfc382cfd4982747c53e541032fe83b770400225720f551fcb2a9b273a351e01ed6297908140cc7cae79ded	common_voice_gej_43315443.mp3	446762afe8d1a8c0aab98c6338c873c82a2e1ea268b2ccac26f8f285afc60dc9	Mu gba no zui wo o.		2	0					gej	
b8b64b238172873aa5b51b92f7135664c16d7d384dfc382cfd4982747c53e541032fe83b770400225720f551fcb2a9b273a351e01ed6297908140cc7cae79ded	common_voice_gej_43315444.mp3	e81fc20df2669bffbc6b9bbe3ebef706d8f425c37412b5d261d9d71dcd51e276	Togo.		2	0					gej	
b8b64b238172873aa5b51b92f7135664c16d7d384dfc382cfd4982747c53e541032fe83b770400225720f551fcb2a9b273a351e01ed6297908140cc7cae79ded	common_voice_gej_43315445.mp3	3530e826b2430473dd657a8820d978392eea0cbeefbe02466ed5bd443c6b8a23	He adodo nam.		2	0					gej	
b8b64b238172873aa5b51b92f7135664c16d7d384dfc382cfd4982747c53e541032fe83b770400225720f551fcb2a9b273a351e01ed6297908140cc7cae79ded	common_voice_gej_43315446.mp3	4c55ff3eb36bff8c3635426d01e6d08811caceb67e8efaba447933ed8d4c688a	He adodo.		3	0					gej	
b8b64b238172873aa5b51b92f7135664c16d7d384dfc382cfd4982747c53e541032fe83b770400225720f551fcb2a9b273a351e01ed6297908140cc7cae79ded	common_voice_gej_43315452.mp3	47115cbe930ff32dc73ba6bbb3d15dc864521126808da85bb4446f46fa73f41e	Dokponu zikpe.		2	0					gej	
b8b64b238172873aa5b51b92f7135664c16d7d384dfc382cfd4982747c53e541032fe83b770400225720f551fcb2a9b273a351e01ed6297908140cc7cae79ded	common_voice_gej_43315453.mp3	a29f761dafe27723244da9806506cd9786de5d9d6030a1050127b72127f4caa8	Mi do wo afoku.		2	0					gej	
b8b64b238172873aa5b51b92f7135664c16d7d384dfc382cfd4982747c53e541032fe83b770400225720f551fcb2a9b273a351e01ed6297908140cc7cae79ded	common_voice_gej_43315454.mp3	216a991c42b5cece9259cf7aee1aea8b30d9917f76b9f6c211fcc16a43c47e14	Do ajo.		2	1					gej	
b8b64b238172873aa5b51b92f7135664c16d7d384dfc382cfd4982747c53e541032fe83b770400225720f551fcb2a9b273a351e01ed6297908140cc7cae79ded	common_voice_gej_43315455.mp3	1bea34361076b8426ff4b3d4195b7be0ed3014c7fea253395bdae574f62d7b98	Ee fofovi.		2	0					gej	
b8b64b238172873aa5b51b92f7135664c16d7d384dfc382cfd4982747c53e541032fe83b770400225720f551fcb2a9b273a351e01ed6297908140cc7cae79ded	common_voice_gej_43315456.mp3	2aa9ff1247c80557dc36515e11b953d943aa057f880b3e248a5e91ab67accbe1	Biye je ade.		2	0					gej	
b8b64b238172873aa5b51b92f7135664c16d7d384dfc382cfd4982747c53e541032fe83b770400225720f551fcb2a9b273a351e01ed6297908140cc7cae79ded	common_voice_gej_43315467.mp3	49d2781d3e03e9c92cacd6c3c453160a2008076d7380ef66ca33e0af91978a31	Asupe.		2	0					gej	
b8b64b238172873aa5b51b92f7135664c16d7d384dfc382cfd4982747c53e541032fe83b770400225720f551fcb2a9b273a351e01ed6297908140cc7cae79ded	common_voice_gej_43315468.mp3	49f0e79fe4402e4d4308be696018693535e4656ddf7a9dbdbb5e6e87b9d814f4	Kpa kute.		2	0					gej	
b8b64b238172873aa5b51b92f7135664c16d7d384dfc382cfd4982747c53e541032fe83b770400225720f551fcb2a9b273a351e01ed6297908140cc7cae79ded	common_voice_gej_43315470.mp3	3bfcee532dddf92cf0a5bc40604b9f9df94695622c0a7e22893e780e59818bc4	Sukulukokoyitowo mi kpla nu.		2	1					gej	
b8b64b238172873aa5b51b92f7135664c16d7d384dfc382cfd4982747c53e541032fe83b770400225720f551fcb2a9b273a351e01ed6297908140cc7cae79ded	common_voice_gej_43315473.mp3	4d9e523c05849e033d7348aa364a00c264bf605d228aee65017397532ecd3b53	E kplo nu.		2	0					gej	
b8b64b238172873aa5b51b92f7135664c16d7d384dfc382cfd4982747c53e541032fe83b770400225720f551fcb2a9b273a351e01ed6297908140cc7cae79ded	common_voice_gej_43315476.mp3	24f2dd8e113c5476cc853d87060272b91e5c2a677a39f877180dce303f32559a	Akpafio yawo.		2	0					gej	
b8b64b238172873aa5b51b92f7135664c16d7d384dfc382cfd4982747c53e541032fe83b770400225720f551fcb2a9b273a351e01ed6297908140cc7cae79ded	common_voice_gej_43315487.mp3	29b868f57bc499746f9b65e449865e9c0b997ca6cc7933487f96b32858a11f3b	Wi vo adre.		2	1					gej	
b8b64b238172873aa5b51b92f7135664c16d7d384dfc382cfd4982747c53e541032fe83b770400225720f551fcb2a9b273a351e01ed6297908140cc7cae79ded	common_voice_gej_43315489.mp3	14e356dfbdc1b3e9899a6619bbbab5bd020dfb2e80de6f44a6221bf245ced9fd	Zogbelo.		2	1					gej	
b8b64b238172873aa5b51b92f7135664c16d7d384dfc382cfd4982747c53e541032fe83b770400225720f551fcb2a9b273a351e01ed6297908140cc7cae79ded	common_voice_gej_43315490.mp3	51624055dfa5fb209e3fb8970292560855cc26a66638905e9dd03bbb71206b6f	Wo do zo.		2	0					gej	
b8b64b238172873aa5b51b92f7135664c16d7d384dfc382cfd4982747c53e541032fe83b770400225720f551fcb2a9b273a351e01ed6297908140cc7cae79ded	common_voice_gej_43315491.mp3	2c7ce77bca9fbf0297cf41af65245aa9d35e4259918f1d88dabb5c38545f7439	Do.		2	1					gej	
b8b64b238172873aa5b51b92f7135664c16d7d384dfc382cfd4982747c53e541032fe83b770400225720f551fcb2a9b273a351e01ed6297908140cc7cae79ded	common_voice_gej_43315521.mp3	3dd62c3bb9c70fec5bdc259122b0e5660892e2bdc0d517060c95aac6b82d1764	Srodede.		2	0					gej	
b8b64b238172873aa5b51b92f7135664c16d7d384dfc382cfd4982747c53e541032fe83b770400225720f551fcb2a9b273a351e01ed6297908140cc7cae79ded	common_voice_gej_43315522.mp3	3cbb1293fe18c5f810cba1ce012b295d114ca11e8009fe4b53a4e663f87cfbd6	Ga dodo.		2	0					gej	
b8b64b238172873aa5b51b92f7135664c16d7d384dfc382cfd4982747c53e541032fe83b770400225720f551fcb2a9b273a351e01ed6297908140cc7cae79ded	common_voice_gej_43315523.mp3	4bb24111ddbeab08e3389cd7e9e73764c691e0d56df576ecb941dc0631cd7fa8	Mu tana nu.		2	0					gej	
b8b64b238172873aa5b51b92f7135664c16d7d384dfc382cfd4982747c53e541032fe83b770400225720f551fcb2a9b273a351e01ed6297908140cc7cae79ded	common_voice_gej_43315524.mp3	06dd2e22e8f4dee4aa3a0214eafa2956bad646afc721d2bc9e6fe675bc615af1	Adokpo.		2	0					gej	
b8b64b238172873aa5b51b92f7135664c16d7d384dfc382cfd4982747c53e541032fe83b770400225720f551fcb2a9b273a351e01ed6297908140cc7cae79ded	common_voice_gej_43315525.mp3	4520b11dbf3f8f24651e897ac8f6946de6ae73d4a2a55c9987211016d7fbeb7b	Xose.		2	0					gej	
b8b64b238172873aa5b51b92f7135664c16d7d384dfc382cfd4982747c53e541032fe83b770400225720f551fcb2a9b273a351e01ed6297908140cc7cae79ded	common_voice_gej_43315536.mp3	f2d0de0cb46d9a78dbd998f30fc313c16ca73a62841b6982b3102e0536948dd8	Edona awu vuvu hue ke nu ye wo ya wo le atawui nyakpokpo me.		2	1					gej	
b8b64b238172873aa5b51b92f7135664c16d7d384dfc382cfd4982747c53e541032fe83b770400225720f551fcb2a9b273a351e01ed6297908140cc7cae79ded	common_voice_gej_43315537.mp3	05b951f7345c55a1ca5ee20a39e94ad4bcda43dd8356707d514a074f6aaf13f1	Sabule to.		2	0					gej	
b8b64b238172873aa5b51b92f7135664c16d7d384dfc382cfd4982747c53e541032fe83b770400225720f551fcb2a9b273a351e01ed6297908140cc7cae79ded	common_voice_gej_43315538.mp3	55bbe331daa6029bd3d987d9440d5ceda849f97044a909b61f182920ae78dcda	Nu a le kayi gbo.		2	0					gej	
b8b64b238172873aa5b51b92f7135664c16d7d384dfc382cfd4982747c53e541032fe83b770400225720f551fcb2a9b273a351e01ed6297908140cc7cae79ded	common_voice_gej_43315539.mp3	142a54a7bad7038b374e301e740b94400836f269463a6f4dd9dc3efdebd3c620	Mi loe.		2	0					gej	
b8b64b238172873aa5b51b92f7135664c16d7d384dfc382cfd4982747c53e541032fe83b770400225720f551fcb2a9b273a351e01ed6297908140cc7cae79ded	common_voice_gej_43315540.mp3	7dae7362f111e6d7ab1ffac0a94dd6277adecb26829d081b040df89352ffe181	Agoo.		2	0					gej	
b8b64b238172873aa5b51b92f7135664c16d7d384dfc382cfd4982747c53e541032fe83b770400225720f551fcb2a9b273a351e01ed6297908140cc7cae79ded	common_voice_gej_43315551.mp3	2499043a354c37237866466eb70a4f6b66bc6fcae23b90fde6860c38995a732a	Kudavi.		2	0					gej	
b8b64b238172873aa5b51b92f7135664c16d7d384dfc382cfd4982747c53e541032fe83b770400225720f551fcb2a9b273a351e01ed6297908140cc7cae79ded	common_voice_gej_43315552.mp3	2ac533f737d22b4e9d667300b87c00143504fdff873f33e69fa83bb0e63d2ac3	Ji ngusuvi nyoede.		2	0					gej	
b8b64b238172873aa5b51b92f7135664c16d7d384dfc382cfd4982747c53e541032fe83b770400225720f551fcb2a9b273a351e01ed6297908140cc7cae79ded	common_voice_gej_43315554.mp3	ce3c3b7d9adda4075a26fb1a8333b16c46cf5cbacb71444cb20d6d85d921e444	Sukulukokoyitowa.		2	0					gej	
b8b64b238172873aa5b51b92f7135664c16d7d384dfc382cfd4982747c53e541032fe83b770400225720f551fcb2a9b273a351e01ed6297908140cc7cae79ded	common_voice_gej_43315557.mp3	47d4df31e0af9daed6225a3a2b7917cb1b4162bd6568be2c05d31c287682c844	Gba kotoku ve na mu.		2	0					gej	
b8b64b238172873aa5b51b92f7135664c16d7d384dfc382cfd4982747c53e541032fe83b770400225720f551fcb2a9b273a351e01ed6297908140cc7cae79ded	common_voice_gej_43315559.mp3	3a2f36ce758e4bd94f2564844a5738f55e68643409d6acb48ced32cd9a05114b	Mi ko nu.		2	0					gej	
b8b64b238172873aa5b51b92f7135664c16d7d384dfc382cfd4982747c53e541032fe83b770400225720f551fcb2a9b273a351e01ed6297908140cc7cae79ded	common_voice_gej_43315566.mp3	4427375247a1b9849ffa8d4b507ec94cd7324e422d27f3faaccc94e2548f4060	Do afovoe.		2	1					gej	
b8b64b238172873aa5b51b92f7135664c16d7d384dfc382cfd4982747c53e541032fe83b770400225720f551fcb2a9b273a351e01ed6297908140cc7cae79ded	common_voice_gej_43315567.mp3	433a2e58cf65cba7fd08422567930a0d04bba4fd3f4df787d5ceed9c42b1f08f	Dodokpo a de fio be huvolelame be do ye be le le.		2	1					gej	
b8b64b238172873aa5b51b92f7135664c16d7d384dfc382cfd4982747c53e541032fe83b770400225720f551fcb2a9b273a351e01ed6297908140cc7cae79ded	common_voice_gej_43315570.mp3	55dfc4ca89db53e1f328b0c55b73b97f7964112828e70549f0ca8a9e296c5709	Wo ko nu.		2	0					gej	
b8b64b238172873aa5b51b92f7135664c16d7d384dfc382cfd4982747c53e541032fe83b770400225720f551fcb2a9b273a351e01ed6297908140cc7cae79ded	common_voice_gej_43315576.mp3	0064afac1cb4c7fe34c7635143b45c94cdf82964b2ad841a5bd6667b1bd4f4ea	Anexo be fi ke o ?		2	0					gej	
b8b64b238172873aa5b51b92f7135664c16d7d384dfc382cfd4982747c53e541032fe83b770400225720f551fcb2a9b273a351e01ed6297908140cc7cae79ded	common_voice_gej_43315577.mp3	326fd17bda8de381144777552438e29303e9fd3793977ce618885a3e60ec0380	Ahatukpa.		2	0					gej	
b8b64b238172873aa5b51b92f7135664c16d7d384dfc382cfd4982747c53e541032fe83b770400225720f551fcb2a9b273a351e01ed6297908140cc7cae79ded	common_voice_gej_43315578.mp3	2fa26dd6a96ab1a4b4950b474232654d6fec6086881e38999369c3a8ef6f390f	Alomekapomovipipi.		2	1					gej	
b8b64b238172873aa5b51b92f7135664c16d7d384dfc382cfd4982747c53e541032fe83b770400225720f551fcb2a9b273a351e01ed6297908140cc7cae79ded	common_voice_gej_43315579.mp3	53adb410f0124f3b72ead20970f3c059d42ee5610391af6b4b7cc6ccffa6384a	Gaje.		2	0					gej	
b8b64b238172873aa5b51b92f7135664c16d7d384dfc382cfd4982747c53e541032fe83b770400225720f551fcb2a9b273a351e01ed6297908140cc7cae79ded	common_voice_gej_43315580.mp3	4e32bfaa0b93b25068d7b8c4a9fd44ee0e05cc5aa3b6406b99a4acd517483bd3	Ate.		3	0					gej	
b8b64b238172873aa5b51b92f7135664c16d7d384dfc382cfd4982747c53e541032fe83b770400225720f551fcb2a9b273a351e01ed6297908140cc7cae79ded	common_voice_gej_43315592.mp3	4d577be0f0393fcd2d6c39649384afb38bf2f77567c5f7d321939ceb92cb35f6	Sukulu.		2	0					gej	
b8b64b238172873aa5b51b92f7135664c16d7d384dfc382cfd4982747c53e541032fe83b770400225720f551fcb2a9b273a351e01ed6297908140cc7cae79ded	common_voice_gej_43315593.mp3	7c368a8339fc863bc8af1f57ba04c5c70ec8cc6ed88f59116c02c430faf894d9	Mamayovi.		2	0					gej	
b8b64b238172873aa5b51b92f7135664c16d7d384dfc382cfd4982747c53e541032fe83b770400225720f551fcb2a9b273a351e01ed6297908140cc7cae79ded	common_voice_gej_43315596.mp3	1fd93f8cb6e4607caf8ee993f8b6d08c3d82d311b14614f5d1dd022a1cd726cf	Kotokuwoenyi.		2	0					gej	
b8b64b238172873aa5b51b92f7135664c16d7d384dfc382cfd4982747c53e541032fe83b770400225720f551fcb2a9b273a351e01ed6297908140cc7cae79ded	common_voice_gej_43315598.mp3	4f9c9c4f3e3629a8eaea4bc239ebb5bee64060893a03af60a2b1facf09c896a5	Nukaka.		2	1					gej	
b8b64b238172873aa5b51b92f7135664c16d7d384dfc382cfd4982747c53e541032fe83b770400225720f551fcb2a9b273a351e01ed6297908140cc7cae79ded	common_voice_gej_43315599.mp3	419fce501e559992e7379532d64de41f6e9ce4e87dd74d384ae23df9f3ffadd6	Aditama gble ebe ajofitowo kengukengu.		2	1					gej	
b8b64b238172873aa5b51b92f7135664c16d7d384dfc382cfd4982747c53e541032fe83b770400225720f551fcb2a9b273a351e01ed6297908140cc7cae79ded	common_voice_gej_43315606.mp3	7ab09575c90764bd046ae91760e51b72a11ee2c9dc4fa75f7e3af30174948092	Nutotodewo.		2	1					gej	
b8b64b238172873aa5b51b92f7135664c16d7d384dfc382cfd4982747c53e541032fe83b770400225720f551fcb2a9b273a351e01ed6297908140cc7cae79ded	common_voice_gej_43315607.mp3	8507355b0eafcbc657770ea7e557547184adb8a1560c53ae7424df7da6f39c88	Xo ahuadumawu ji se.		2	0					gej	
b8b64b238172873aa5b51b92f7135664c16d7d384dfc382cfd4982747c53e541032fe83b770400225720f551fcb2a9b273a351e01ed6297908140cc7cae79ded	common_voice_gej_43315608.mp3	549423071fb893cd24caf6c181d2439cd7a8e8b3184cba423a149e4a80d17e2c	Asevi a afivi be lena.		2	0					gej	
b8b64b238172873aa5b51b92f7135664c16d7d384dfc382cfd4982747c53e541032fe83b770400225720f551fcb2a9b273a351e01ed6297908140cc7cae79ded	common_voice_gej_43315609.mp3	2eb34a04d5d5c7a092638187e9460c3246da0da2b0f494870eb6e5de4ec9f9a2	Sumovi.		2	0					gej	
b8b64b238172873aa5b51b92f7135664c16d7d384dfc382cfd4982747c53e541032fe83b770400225720f551fcb2a9b273a351e01ed6297908140cc7cae79ded	common_voice_gej_43315620.mp3	2845a1fa19cbe7cba66002b2195e46a12ff143c364262cf207e1f6ed67abdbcb	Ebi.		2	0					gej	
b8b64b238172873aa5b51b92f7135664c16d7d384dfc382cfd4982747c53e541032fe83b770400225720f551fcb2a9b273a351e01ed6297908140cc7cae79ded	common_voice_gej_43315621.mp3	2f6a9e43b70d19d385f1fd997615717650710747f2af72a00a086fcace649c17	Ka ci ade.		2	0					gej	
b8b64b238172873aa5b51b92f7135664c16d7d384dfc382cfd4982747c53e541032fe83b770400225720f551fcb2a9b273a351e01ed6297908140cc7cae79ded	common_voice_gej_43315622.mp3	4b882458fa946b20e52989f695345945728f935e953cb38f4fda1d627d0ec28e	Fofome.		2	0					gej	
b8b64b238172873aa5b51b92f7135664c16d7d384dfc382cfd4982747c53e541032fe83b770400225720f551fcb2a9b273a351e01ed6297908140cc7cae79ded	common_voice_gej_43315623.mp3	3884a1629a25e88a682fab93fa3c2e248b293d82ebb53c5c08c69a2432bd56c3	Dojikpoto a.		2	0					gej	
b8b64b238172873aa5b51b92f7135664c16d7d384dfc382cfd4982747c53e541032fe83b770400225720f551fcb2a9b273a351e01ed6297908140cc7cae79ded	common_voice_gej_43315709.mp3	a26a497ed398fd89f94eb24bff4730ae58a08efc8209dba1e03ea4f112dd059a	Dumevidewo.		2	0					gej	
b8b64b238172873aa5b51b92f7135664c16d7d384dfc382cfd4982747c53e541032fe83b770400225720f551fcb2a9b273a351e01ed6297908140cc7cae79ded	common_voice_gej_43315710.mp3	4d36d53b95bebdd10d5117fdb8d8e4721dc1f04fd564c9f00cdad35c257e9483	Le gedu me a mi sona kpe ye.		3	0					gej	
b8b64b238172873aa5b51b92f7135664c16d7d384dfc382cfd4982747c53e541032fe83b770400225720f551fcb2a9b273a351e01ed6297908140cc7cae79ded	common_voice_gej_43315711.mp3	2e281939097dbf33d5712e0ae08fe7caa9bedb2ecbd550c2b5f6cd4ff43275a3	Mu si hoe.		2	0					gej	
b8b64b238172873aa5b51b92f7135664c16d7d384dfc382cfd4982747c53e541032fe83b770400225720f551fcb2a9b273a351e01ed6297908140cc7cae79ded	common_voice_gej_43315712.mp3	18dd591670adc366601bec2b03c9b7457b4d914165b97cd7e952e2dcb6f739c2	Agbledetowo ca le na ale so kudo jimajaja do dodonu nguti ku tododowo nguti.		2	1					gej	
b8b64b238172873aa5b51b92f7135664c16d7d384dfc382cfd4982747c53e541032fe83b770400225720f551fcb2a9b273a351e01ed6297908140cc7cae79ded	common_voice_gej_43315713.mp3	41b5e3ea8c8ff4b1a5afadc58691336bffc83b73e5ce64c48834c44f21128818	Ngukeke a ne nyo na wo.		2	0					gej	
b8b64b238172873aa5b51b92f7135664c16d7d384dfc382cfd4982747c53e541032fe83b770400225720f551fcb2a9b273a351e01ed6297908140cc7cae79ded	common_voice_gej_43315721.mp3	5123f6b78a3e417157d93c7978b495833e28034d6cae110ac4565b12a1e6a865	Plengugo deka.		2	0					gej	
b8b64b238172873aa5b51b92f7135664c16d7d384dfc382cfd4982747c53e541032fe83b770400225720f551fcb2a9b273a351e01ed6297908140cc7cae79ded	common_voice_gej_43315723.mp3	41212e64ee490c14e055986f7e222757ad7480310632ef8bdef751bfd624e273	Enya gblegble.		2	0					gej	
b8b64b238172873aa5b51b92f7135664c16d7d384dfc382cfd4982747c53e541032fe83b770400225720f551fcb2a9b273a351e01ed6297908140cc7cae79ded	common_voice_gej_43315729.mp3	2285bff15313ef8a7f8745ed9d14002e854703c8b63b752143d0746ed6adae20	Ngtisi.		2	0					gej	
b8b64b238172873aa5b51b92f7135664c16d7d384dfc382cfd4982747c53e541032fe83b770400225720f551fcb2a9b273a351e01ed6297908140cc7cae79ded	common_voice_gej_43315730.mp3	3583515c54a48f98682a693c424e44463682661793f92b092ddd54e5c54f8f30	Aduba.		2	1					gej	
b8b64b238172873aa5b51b92f7135664c16d7d384dfc382cfd4982747c53e541032fe83b770400225720f551fcb2a9b273a351e01ed6297908140cc7cae79ded	common_voice_gej_43315731.mp3	5a786d1c854288f42d62c0a1d48c288bb1f91c5e662318a4723009460e476b8b	Adidoteduame.		2	0					gej	
b8b64b238172873aa5b51b92f7135664c16d7d384dfc382cfd4982747c53e541032fe83b770400225720f551fcb2a9b273a351e01ed6297908140cc7cae79ded	common_voice_gej_43315732.mp3	2d5b852b5a3408e1d52d573a1a59dfb9ff459cc7fd0e34c0593500faf5207d36	Fiovi.		2	0					gej	
b8b64b238172873aa5b51b92f7135664c16d7d384dfc382cfd4982747c53e541032fe83b770400225720f551fcb2a9b273a351e01ed6297908140cc7cae79ded	common_voice_gej_43315733.mp3	298e8636ff05bfd0c3c1d661854fa43acd4a4d7f3f5a9882358113c5fbeff7eb	De alome le ame nguti.		2	1					gej	
b8b64b238172873aa5b51b92f7135664c16d7d384dfc382cfd4982747c53e541032fe83b770400225720f551fcb2a9b273a351e01ed6297908140cc7cae79ded	common_voice_gej_43315744.mp3	51165ccb89bd6eeedeb42a189c281143398871e39e4222d896b2aba62cb56dd2	Mi le do.		2	0					gej	
b8b64b238172873aa5b51b92f7135664c16d7d384dfc382cfd4982747c53e541032fe83b770400225720f551fcb2a9b273a351e01ed6297908140cc7cae79ded	common_voice_gej_43315745.mp3	4977b1f363f27ccb234fd04b2db3c7b36e4d754c01442210747aa5e885492e6e	Akada.		2	0					gej	
b8b64b238172873aa5b51b92f7135664c16d7d384dfc382cfd4982747c53e541032fe83b770400225720f551fcb2a9b273a351e01ed6297908140cc7cae79ded	common_voice_gej_43315746.mp3	33784a1256c55261a14225349c816e9f061c1bf7b67870cada9da88c18f1d60f	Adi a po.		3	0					gej	
b8b64b238172873aa5b51b92f7135664c16d7d384dfc382cfd4982747c53e541032fe83b770400225720f551fcb2a9b273a351e01ed6297908140cc7cae79ded	common_voice_gej_43315747.mp3	30bed8debc22986a78489df9fbfbb33534d7f3ea31e24de769939f44da15272c	Mele.		2	0					gej	
b8b64b238172873aa5b51b92f7135664c16d7d384dfc382cfd4982747c53e541032fe83b770400225720f551fcb2a9b273a351e01ed6297908140cc7cae79ded	common_voice_gej_43315748.mp3	4ca6882830ab06358462c41fd8ee121958569d8b1913b057f1ca6421be9c067e	Numeblodegbedidi.		2	1					gej	
b8b64b238172873aa5b51b92f7135664c16d7d384dfc382cfd4982747c53e541032fe83b770400225720f551fcb2a9b273a351e01ed6297908140cc7cae79ded	common_voice_gej_43315752.mp3	c721656806d39dfd6c2acde9260403936f8d628267a24f54a860e4b845df865a	Baba.		2	1					gej	
b8b64b238172873aa5b51b92f7135664c16d7d384dfc382cfd4982747c53e541032fe83b770400225720f551fcb2a9b273a351e01ed6297908140cc7cae79ded	common_voice_gej_43315754.mp3	5b1d20f99b59fae2dc18d678c8f6a14073aea057f4b8f3300e3efa33f7a65e5e	Gbengutidowoto.		2	0					gej	
b8b64b238172873aa5b51b92f7135664c16d7d384dfc382cfd4982747c53e541032fe83b770400225720f551fcb2a9b273a351e01ed6297908140cc7cae79ded	common_voice_gej_43315757.mp3	3c9aa27cf57295ac86dae47a1ca542a56f460044df49102907800255cef0ebef	Mu du fe.		2	0					gej	
b8b64b238172873aa5b51b92f7135664c16d7d384dfc382cfd4982747c53e541032fe83b770400225720f551fcb2a9b273a351e01ed6297908140cc7cae79ded	common_voice_gej_43315758.mp3	39e29f2abc0789c2f1e3b7ab57bbf25adc84f95ab189e18a228bfe207f6c60d9	Afotigbe.		2	1					gej	
b8b64b238172873aa5b51b92f7135664c16d7d384dfc382cfd4982747c53e541032fe83b770400225720f551fcb2a9b273a351e01ed6297908140cc7cae79ded	common_voice_gej_43315764.mp3	3115f9c7ace66f8a38b6c502757ba31398d86e22be47106d0fcb8488657a8e3b	Apu do.		2	0					gej	
b8b64b238172873aa5b51b92f7135664c16d7d384dfc382cfd4982747c53e541032fe83b770400225720f551fcb2a9b273a351e01ed6297908140cc7cae79ded	common_voice_gej_43315766.mp3	2002a649dcf89eebe220ec641c1c7742dcd006d0c9d02aaa685de5dc357c4e0f	Eve.		3	0					gej	
b8b64b238172873aa5b51b92f7135664c16d7d384dfc382cfd4982747c53e541032fe83b770400225720f551fcb2a9b273a351e01ed6297908140cc7cae79ded	common_voice_gej_43315767.mp3	160bd3e202d92b2409fbb702d761f73b6c7b47b6fe1fd48490873f75c5ad3377	Alogovi.		2	0					gej	
b8b64b238172873aa5b51b92f7135664c16d7d384dfc382cfd4982747c53e541032fe83b770400225720f551fcb2a9b273a351e01ed6297908140cc7cae79ded	common_voice_gej_43315768.mp3	243c5ea204df1ab7825abfd1537c5994114ef86b34cb4fa8b43a7be60f0f75c9	Ngudekenye a ne nyo na wo.		2	0					gej	
b8b64b238172873aa5b51b92f7135664c16d7d384dfc382cfd4982747c53e541032fe83b770400225720f551fcb2a9b273a351e01ed6297908140cc7cae79ded	common_voice_gej_43315784.mp3	47ec7f8d6b6060d827e25a84e94ae4d01a068252932b3e46973f7409bc890935	Tome laviwo.		2	0					gej	
b8b64b238172873aa5b51b92f7135664c16d7d384dfc382cfd4982747c53e541032fe83b770400225720f551fcb2a9b273a351e01ed6297908140cc7cae79ded	common_voice_gej_43315785.mp3	28cc46e6bc1cda045768f73c3a82378b4579ff794a69e1831ca1bd9af66aa8a3	Koklo fo.		2	0					gej	
b8b64b238172873aa5b51b92f7135664c16d7d384dfc382cfd4982747c53e541032fe83b770400225720f551fcb2a9b273a351e01ed6297908140cc7cae79ded	common_voice_gej_43315787.mp3	5ad649c813f8c3215a9def951cc29c265333dcc731ffbf2c73417034b304401a	Tugbeje wa.		2	1					gej	
b8b64b238172873aa5b51b92f7135664c16d7d384dfc382cfd4982747c53e541032fe83b770400225720f551fcb2a9b273a351e01ed6297908140cc7cae79ded	common_voice_gej_43315789.mp3	247ecbf116f00f9c4f64cbd149c30b8685d5082ec151332bc8fc4636cc1a5e42	Wo sona atiketo awo sana na mi le lome.		2	1					gej	
b8b64b238172873aa5b51b92f7135664c16d7d384dfc382cfd4982747c53e541032fe83b770400225720f551fcb2a9b273a351e01ed6297908140cc7cae79ded	common_voice_gej_43315792.mp3	57e108cd7c2ec11020d85f40c893d917e56e7028cd14d2e5620eed8a27360051	Ahuako.		2	1					gej	
b8b64b238172873aa5b51b92f7135664c16d7d384dfc382cfd4982747c53e541032fe83b770400225720f551fcb2a9b273a351e01ed6297908140cc7cae79ded	common_voice_gej_43315798.mp3	515a89565d0c509da5a8855b481c2f91deafe9312749bbf1b5367268920ba161	E nyi.		2	0					gej	
b8b64b238172873aa5b51b92f7135664c16d7d384dfc382cfd4982747c53e541032fe83b770400225720f551fcb2a9b273a351e01ed6297908140cc7cae79ded	common_voice_gej_43315800.mp3	5822623ef806fae5c1b0075db61fea55b57768229856078a6878ca1913f1b278	Eko.		2	0					gej	
b8b64b238172873aa5b51b92f7135664c16d7d384dfc382cfd4982747c53e541032fe83b770400225720f551fcb2a9b273a351e01ed6297908140cc7cae79ded	common_voice_gej_43315801.mp3	27e8489a72c9d7df0703dc01954c19a088385ded9f5433c1c21ed239ef526ee3	Tameseto a.		2	1					gej	
b8b64b238172873aa5b51b92f7135664c16d7d384dfc382cfd4982747c53e541032fe83b770400225720f551fcb2a9b273a351e01ed6297908140cc7cae79ded	common_voice_gej_43315802.mp3	5865919f706ca7a53562b88706ceaed4a410b874fd35613bd61e91720761f4a4	Agbekpono.		2	0					gej	
b8b64b238172873aa5b51b92f7135664c16d7d384dfc382cfd4982747c53e541032fe83b770400225720f551fcb2a9b273a351e01ed6297908140cc7cae79ded	common_voice_gej_43315803.mp3	53887ffeac110c55b79cf96624b3a676c42c9cf21d1e278ad638846e97dacf28	Ji tri.		2	0					gej	
b8b64b238172873aa5b51b92f7135664c16d7d384dfc382cfd4982747c53e541032fe83b770400225720f551fcb2a9b273a351e01ed6297908140cc7cae79ded	common_voice_gej_43315809.mp3	536b2ddba555d331aad60fc24f8d7dbd7e7f861f07c8a46b3b85484d6da4ed3c	Nyiso ke gbona.		3	0					gej	
b8b64b238172873aa5b51b92f7135664c16d7d384dfc382cfd4982747c53e541032fe83b770400225720f551fcb2a9b273a351e01ed6297908140cc7cae79ded	common_voice_gej_43315810.mp3	31c3af3c62517865792da26230226ac093d24991ad7e5da70f79a0fe1dab7706	Kpakpa bo.		2	0					gej	
b8b64b238172873aa5b51b92f7135664c16d7d384dfc382cfd4982747c53e541032fe83b770400225720f551fcb2a9b273a351e01ed6297908140cc7cae79ded	common_voice_gej_43315811.mp3	51e534cc85d6d1183a0f50e9a00e14a9c70c4aaac56dbcb8cf68c35cee92567c	Mi je si wo.		2	0					gej	
b8b64b238172873aa5b51b92f7135664c16d7d384dfc382cfd4982747c53e541032fe83b770400225720f551fcb2a9b273a351e01ed6297908140cc7cae79ded	common_voice_gej_43315812.mp3	481decc620a0616d7da062cd28caad72e7e606e29524a5ba1c5bc45ba68803e5	Mu du ji.		2	0					gej	
b8b64b238172873aa5b51b92f7135664c16d7d384dfc382cfd4982747c53e541032fe83b770400225720f551fcb2a9b273a351e01ed6297908140cc7cae79ded	common_voice_gej_43315813.mp3	1d3d21e2f5af8aa94bd20f52a5cc4117aa9fd87330939e9ab994b66b4d5d5204	E lo.		2	0					gej	
b8b64b238172873aa5b51b92f7135664c16d7d384dfc382cfd4982747c53e541032fe83b770400225720f551fcb2a9b273a351e01ed6297908140cc7cae79ded	common_voice_gej_43315825.mp3	616a33868ca363b2b26a500cc600270e82bee1b5723fc158d6a069ff049be9f5	Adoglowo.		2	0					gej	
b8b64b238172873aa5b51b92f7135664c16d7d384dfc382cfd4982747c53e541032fe83b770400225720f551fcb2a9b273a351e01ed6297908140cc7cae79ded	common_voice_gej_43315827.mp3	5d739a9329b0496e0dd0ccb6d0ee3f018fc17ecf9bcdf1a53b6d54f15124669f	Popopo.		2	0					gej	
b8b64b238172873aa5b51b92f7135664c16d7d384dfc382cfd4982747c53e541032fe83b770400225720f551fcb2a9b273a351e01ed6297908140cc7cae79ded	common_voice_gej_43315828.mp3	52b136323d76852cf18db09fb2f5cf1a9fd93f5ca5a62e73b4ca125a2aa97dd3	Adokavi.		2	0					gej	
b8b64b238172873aa5b51b92f7135664c16d7d384dfc382cfd4982747c53e541032fe83b770400225720f551fcb2a9b273a351e01ed6297908140cc7cae79ded	common_voice_gej_43315881.mp3	42e8c780014167aac3b414c64fc86836b12971ebf9fd662344ee0d90f8fb06da	Cukucuze.		2	0					gej	
b8b64b238172873aa5b51b92f7135664c16d7d384dfc382cfd4982747c53e541032fe83b770400225720f551fcb2a9b273a351e01ed6297908140cc7cae79ded	common_voice_gej_43315882.mp3	21a538522d958e3e2de2d736fe0502124c95265861fc4eff37d755b46b325fc8	Adokuno.		2	1					gej	
b8b64b238172873aa5b51b92f7135664c16d7d384dfc382cfd4982747c53e541032fe83b770400225720f551fcb2a9b273a351e01ed6297908140cc7cae79ded	common_voice_gej_43315883.mp3	5565a1a43946f9020ad178428f8f3bb8afec1e29953e2d2c0ab2286da02bdd70	Adogbo tete.		2	1					gej	
b8b64b238172873aa5b51b92f7135664c16d7d384dfc382cfd4982747c53e541032fe83b770400225720f551fcb2a9b273a351e01ed6297908140cc7cae79ded	common_voice_gej_43315884.mp3	591ca8a16a1b0f333f1701d058383fbc30ccdf93f9e4cde9fe9631085ef01fee	Aklului.		3	0					gej	
b8b64b238172873aa5b51b92f7135664c16d7d384dfc382cfd4982747c53e541032fe83b770400225720f551fcb2a9b273a351e01ed6297908140cc7cae79ded	common_voice_gej_43315885.mp3	2d29abb1eb30fe3ffdc54c2f42f32dc09d5515bda3f3679e3c2c4b1a54c00dfe	Akome.		2	0					gej	
b8b64b238172873aa5b51b92f7135664c16d7d384dfc382cfd4982747c53e541032fe83b770400225720f551fcb2a9b273a351e01ed6297908140cc7cae79ded	common_voice_gej_43321162.mp3	490c9d8b5a2bc8febadd0e3341686d74bda48642dddd000c48ee6806a3e659d8	Ku.		2	0					gej	
b8b64b238172873aa5b51b92f7135664c16d7d384dfc382cfd4982747c53e541032fe83b770400225720f551fcb2a9b273a351e01ed6297908140cc7cae79ded	common_voice_gej_43321164.mp3	47392a44b924fe2fcc179dc533901282c4738b3e4ff3b8bfab997d3e260533eb	Awu a kpo.		2	0					gej	
b8b64b238172873aa5b51b92f7135664c16d7d384dfc382cfd4982747c53e541032fe83b770400225720f551fcb2a9b273a351e01ed6297908140cc7cae79ded	common_voice_gej_43321165.mp3	09fce894a205c88980151516340fde55a8d30461521253a9d7dcc997a5a698ae	Cicisato.		2	0					gej	
b8b64b238172873aa5b51b92f7135664c16d7d384dfc382cfd4982747c53e541032fe83b770400225720f551fcb2a9b273a351e01ed6297908140cc7cae79ded	common_voice_gej_43321167.mp3	3862ba7da0062397b5568b06894e121f15776aa2e0cf35e2ef39dd1e39cdc438	Jikui.		2	0					gej	
b8b64b238172873aa5b51b92f7135664c16d7d384dfc382cfd4982747c53e541032fe83b770400225720f551fcb2a9b273a351e01ed6297908140cc7cae79ded	common_voice_gej_43321168.mp3	19ce8c7c608b023de64c1f855aa809a413b62555382926386698c9b6ca304884	E ku ati.		2	0					gej	
b8b64b238172873aa5b51b92f7135664c16d7d384dfc382cfd4982747c53e541032fe83b770400225720f551fcb2a9b273a351e01ed6297908140cc7cae79ded	common_voice_gej_43321215.mp3	59fde6e3f872def39cd28e89952890b83a4a9e9216e331af903a934b246699a2	E da di.		2	0					gej	
b8b64b238172873aa5b51b92f7135664c16d7d384dfc382cfd4982747c53e541032fe83b770400225720f551fcb2a9b273a351e01ed6297908140cc7cae79ded	common_voice_gej_43321217.mp3	15f74ba40667f9105f38df936e1b2c845f1ec92a4c31825b1cc8714dee2f236c	Apusi.		2	0					gej	
b8b64b238172873aa5b51b92f7135664c16d7d384dfc382cfd4982747c53e541032fe83b770400225720f551fcb2a9b273a351e01ed6297908140cc7cae79ded	common_voice_gej_43321219.mp3	2309d3a3cd06726a3bef55008fcb6fe8e78cfb9d01f7ea7eb2d3808de59b0194	Avivovide.		2	0					gej	
b8b64b238172873aa5b51b92f7135664c16d7d384dfc382cfd4982747c53e541032fe83b770400225720f551fcb2a9b273a351e01ed6297908140cc7cae79ded	common_voice_gej_43321222.mp3	4d2dd511fd75ff5bfecf5b583ae23f2ee2db19729ca872f762f6b686afc88bf5	Afogode.		2	0					gej	
b8b64b238172873aa5b51b92f7135664c16d7d384dfc382cfd4982747c53e541032fe83b770400225720f551fcb2a9b273a351e01ed6297908140cc7cae79ded	common_voice_gej_43321239.mp3	524b2143d3b5a37deccb1db8819f8aedc68277e796f94b7479d10d2a4bba354b	Nu a jo kpata.		2	0					gej	
b8b64b238172873aa5b51b92f7135664c16d7d384dfc382cfd4982747c53e541032fe83b770400225720f551fcb2a9b273a351e01ed6297908140cc7cae79ded	common_voice_gej_43321241.mp3	b9fa163c2a2eb93cea9002a9924957d36abd8b92826819efd63575b73c640d11	Lamumudesi.		2	0					gej	
b8b64b238172873aa5b51b92f7135664c16d7d384dfc382cfd4982747c53e541032fe83b770400225720f551fcb2a9b273a351e01ed6297908140cc7cae79ded	common_voice_gej_43321247.mp3	b601a3c7449d435cc3558565f2d9762664c94946062ff1153d5eac437f538cd9	Asimetowo.		2	0					gej	
b8b64b238172873aa5b51b92f7135664c16d7d384dfc382cfd4982747c53e541032fe83b770400225720f551fcb2a9b273a351e01ed6297908140cc7cae79ded	common_voice_gej_43321279.mp3	15ab90d1e9bc321e96c795dbb4fd297d80c133033f1aa41c88ff70c10878aa43	Ma so wo na wo kotoku ne.		2	1					gej	
b8b64b238172873aa5b51b92f7135664c16d7d384dfc382cfd4982747c53e541032fe83b770400225720f551fcb2a9b273a351e01ed6297908140cc7cae79ded	common_voice_gej_43321280.mp3	31b2f138cf2a65527210bd5a73c86dafcd0678498e34b6472df99e84e1bff04a	Ebe a adu a ngo.		2	0					gej	
b8b64b238172873aa5b51b92f7135664c16d7d384dfc382cfd4982747c53e541032fe83b770400225720f551fcb2a9b273a351e01ed6297908140cc7cae79ded	common_voice_gej_43321281.mp3	47e50ad11983ebfb03bfe82f651ca596895be83c47ba5725ebb4669114e5d473	Ase deka.		2	0					gej	
b8b64b238172873aa5b51b92f7135664c16d7d384dfc382cfd4982747c53e541032fe83b770400225720f551fcb2a9b273a351e01ed6297908140cc7cae79ded	common_voice_gej_43321284.mp3	5bf5305bd5e94614022787527fe1bdcd9ffebe81568209867604876ac8ed5d6a	Yuda.		2	0					gej	
b8b64b238172873aa5b51b92f7135664c16d7d384dfc382cfd4982747c53e541032fe83b770400225720f551fcb2a9b273a351e01ed6297908140cc7cae79ded	common_voice_gej_43321288.mp3	493960151d4c03fb8b8f8866c6dd95a353849a508d0c741398b82e8823e1d8ad	E do alo.		2	1					gej	
b8b64b238172873aa5b51b92f7135664c16d7d384dfc382cfd4982747c53e541032fe83b770400225720f551fcb2a9b273a351e01ed6297908140cc7cae79ded	common_voice_gej_43321334.mp3	514d49f6c87ded2f991d1c2d22cc5a5db06700e4ef6594ca4f00728ae2c7b4f8	Kengugboxue wo le sii nene a?		2	0					gej	
b8b64b238172873aa5b51b92f7135664c16d7d384dfc382cfd4982747c53e541032fe83b770400225720f551fcb2a9b273a351e01ed6297908140cc7cae79ded	common_voice_gej_43321335.mp3	4abb7c70c6b4cc16bcd19d6ac30b017842cc7a02798cd5559c238f99fda8c386	Ami.		2	0					gej	
b8b64b238172873aa5b51b92f7135664c16d7d384dfc382cfd4982747c53e541032fe83b770400225720f551fcb2a9b273a351e01ed6297908140cc7cae79ded	common_voice_gej_43321336.mp3	08b6407dc05abe9f3dc1b87f80bab82fb260120e095ef958214fdb9bc87b9e1f	E si hoe.		2	0					gej	
b8b64b238172873aa5b51b92f7135664c16d7d384dfc382cfd4982747c53e541032fe83b770400225720f551fcb2a9b273a351e01ed6297908140cc7cae79ded	common_voice_gej_43321337.mp3	51462e72b1a7bef1160f1ca8df356e9eae2d8ed8f9ff5755e6b96b8198f8869c	Ahli kpa dokplakpla vo.		2	0					gej	
b8b64b238172873aa5b51b92f7135664c16d7d384dfc382cfd4982747c53e541032fe83b770400225720f551fcb2a9b273a351e01ed6297908140cc7cae79ded	common_voice_gej_43321338.mp3	2f18d8555081d238a88bdecbea93bb6ad30e679ffa5eb2190888af8af62f235c	Du zo.		2	0					gej	
b8b64b238172873aa5b51b92f7135664c16d7d384dfc382cfd4982747c53e541032fe83b770400225720f551fcb2a9b273a351e01ed6297908140cc7cae79ded	common_voice_gej_43321370.mp3	510a6b41b5968cba7d2695fe6707c1246fcd2d54f9756b2177366fba0298665c	Ka takpo ci ve.		2	0					gej	
b8b64b238172873aa5b51b92f7135664c16d7d384dfc382cfd4982747c53e541032fe83b770400225720f551fcb2a9b273a351e01ed6297908140cc7cae79ded	common_voice_gej_43321371.mp3	4509da7beca1174435e5446a504d836edb022e7da0ffcb536b76885267bf41f4	Xo ablode.		2	0					gej	
b8b64b238172873aa5b51b92f7135664c16d7d384dfc382cfd4982747c53e541032fe83b770400225720f551fcb2a9b273a351e01ed6297908140cc7cae79ded	common_voice_gej_43321372.mp3	5aa118f6abf4b24c8edeec1aa25e2b68e8b47ac06c4a659fd9de5568d8cf5699	Atakplasu.		2	0					gej	
b8b64b238172873aa5b51b92f7135664c16d7d384dfc382cfd4982747c53e541032fe83b770400225720f551fcb2a9b273a351e01ed6297908140cc7cae79ded	common_voice_gej_43321373.mp3	52012b839d89721fbfc13964b323ae54e7298210919744d6406d51f0e596d9d5	Yoo loo.		2	0					gej	
b8b64b238172873aa5b51b92f7135664c16d7d384dfc382cfd4982747c53e541032fe83b770400225720f551fcb2a9b273a351e01ed6297908140cc7cae79ded	common_voice_gej_43321374.mp3	5a208d25d0716949943135ea3ad0dbc1b806bd906efe98bc3169afe8455edec0	Kpakpa fu.		2	0					gej	
b8b64b238172873aa5b51b92f7135664c16d7d384dfc382cfd4982747c53e541032fe83b770400225720f551fcb2a9b273a351e01ed6297908140cc7cae79ded	common_voice_gej_43321405.mp3	6364a7cf4b78c53c3259e4da84ddb0569072d8647b98949e5d02d6d4f147378c	Kpakpa vi.		2	0					gej	
b8b64b238172873aa5b51b92f7135664c16d7d384dfc382cfd4982747c53e541032fe83b770400225720f551fcb2a9b273a351e01ed6297908140cc7cae79ded	common_voice_gej_43321407.mp3	3ede92698ed902e0626f1078bdc26e5fa265f67bbaa84bb64f1a5461ebb44ed2	Capecapetete kplo da kokoe yi yo me.		2	0					gej	
b8b64b238172873aa5b51b92f7135664c16d7d384dfc382cfd4982747c53e541032fe83b770400225720f551fcb2a9b273a351e01ed6297908140cc7cae79ded	common_voice_gej_43321408.mp3	30a77eeb9fdee0f56af6e5ff581a84c764834c7180fb091ec1e1e419bf683702	Donyiso.		2	0					gej	
b8b64b238172873aa5b51b92f7135664c16d7d384dfc382cfd4982747c53e541032fe83b770400225720f551fcb2a9b273a351e01ed6297908140cc7cae79ded	common_voice_gej_43321409.mp3	5164b67d48fb140204a2c8d234ae29bef3c848d3a657e58c64659671fcb1e2d1	Mu jina vi kabakaba.		2	0					gej	
b8b64b238172873aa5b51b92f7135664c16d7d384dfc382cfd4982747c53e541032fe83b770400225720f551fcb2a9b273a351e01ed6297908140cc7cae79ded	common_voice_gej_43321560.mp3	5757411cd7e24ce7e5eda6168ffeea046383c00cde18243cf8dd7b670ad2d3aa	De agble.		2	0					gej	
b8b64b238172873aa5b51b92f7135664c16d7d384dfc382cfd4982747c53e541032fe83b770400225720f551fcb2a9b273a351e01ed6297908140cc7cae79ded	common_voice_gej_43321563.mp3	e4e6da11b1b17fd9c4b50bbc06ea8efedbae3cf449806a86d743f2278f8c9910	Kasa hlena da le ta na ame.		2	0					gej	
b8b64b238172873aa5b51b92f7135664c16d7d384dfc382cfd4982747c53e541032fe83b770400225720f551fcb2a9b273a351e01ed6297908140cc7cae79ded	common_voice_gej_43321564.mp3	5b00268edd660570d0c91abe75e832bdc4dc0c86f6b0a49679238c88ca9dbfb9	Anake.		2	0					gej	
b8b64b238172873aa5b51b92f7135664c16d7d384dfc382cfd4982747c53e541032fe83b770400225720f551fcb2a9b273a351e01ed6297908140cc7cae79ded	common_voice_gej_43321565.mp3	622eda4c4aae13af5b01c07c495cd020c0bec59687781bfc25c4956046684ebd	Dopeno.		2	0					gej	
b8b64b238172873aa5b51b92f7135664c16d7d384dfc382cfd4982747c53e541032fe83b770400225720f551fcb2a9b273a351e01ed6297908140cc7cae79ded	common_voice_gej_43321566.mp3	5e57485b9b91764efd5e97968aa7a6c61d5a7003cf8af0a48fc8c071ca4d285d	Ewlo.		2	0					gej	
b8b64b238172873aa5b51b92f7135664c16d7d384dfc382cfd4982747c53e541032fe83b770400225720f551fcb2a9b273a351e01ed6297908140cc7cae79ded	common_voice_gej_43321597.mp3	6002a53693617c1f9b4c6733f0e32add021dfbb68cbf8fae889a31342e801e41	Kotokuene.		2	0					gej	
b8b64b238172873aa5b51b92f7135664c16d7d384dfc382cfd4982747c53e541032fe83b770400225720f551fcb2a9b273a351e01ed6297908140cc7cae79ded	common_voice_gej_43321600.mp3	4c91ea6619c396315e1be3edace4de068e0175936d758ef40dfc9a6f91c945b7	Vava.		2	0					gej	
b8b64b238172873aa5b51b92f7135664c16d7d384dfc382cfd4982747c53e541032fe83b770400225720f551fcb2a9b273a351e01ed6297908140cc7cae79ded	common_voice_gej_43321622.mp3	3d06531c5d0c90df801af2c7fa665574d17505f55fee7225e3add3b25da6d06a	Tameseto awo.		2	0					gej	
b8b64b238172873aa5b51b92f7135664c16d7d384dfc382cfd4982747c53e541032fe83b770400225720f551fcb2a9b273a351e01ed6297908140cc7cae79ded	common_voice_gej_43321624.mp3	34d34ef4a66a263a63c6e0424ee11654fc519995d189481b8b06164a5155660f	Mu do alo.		2	0					gej	
b8b64b238172873aa5b51b92f7135664c16d7d384dfc382cfd4982747c53e541032fe83b770400225720f551fcb2a9b273a351e01ed6297908140cc7cae79ded	common_voice_gej_43321625.mp3	289234210c1aa616d28fbb7b4bd375d3c041528b384f80cdcf922740f3d004bd	Modowoto.		2	1					gej	
b8b64b238172873aa5b51b92f7135664c16d7d384dfc382cfd4982747c53e541032fe83b770400225720f551fcb2a9b273a351e01ed6297908140cc7cae79ded	common_voice_gej_43321626.mp3	5bbd8f9dbb7d58fc58a07b19e2a05d36d6d26cb8d9ffa5db2ca17ac0ba6d54a3	Wo da do.		2	1					gej	
b8b64b238172873aa5b51b92f7135664c16d7d384dfc382cfd4982747c53e541032fe83b770400225720f551fcb2a9b273a351e01ed6297908140cc7cae79ded	common_voice_gej_43321637.mp3	3353cfb409800140b87777fdcf4bfc44c19cad5c006f6f08aae6b0b9507d0784	Xevi a zro.		2	0					gej	
b8b64b238172873aa5b51b92f7135664c16d7d384dfc382cfd4982747c53e541032fe83b770400225720f551fcb2a9b273a351e01ed6297908140cc7cae79ded	common_voice_gej_43321638.mp3	5cef886455bd42516b7f0d5a631e2237fcd4db7ea4b390f5ce7b0d7c9b818e92	Awu a xo ci nguto.		2	0					gej	
b8b64b238172873aa5b51b92f7135664c16d7d384dfc382cfd4982747c53e541032fe83b770400225720f551fcb2a9b273a351e01ed6297908140cc7cae79ded	common_voice_gej_43321639.mp3	4f022450ae7a744ae28da8bb8d0341f4dd497c49b44ca466e51f016af1d2a494	Wo fio na mu hajiha be hawo le axome.		2	0					gej	
b8b64b238172873aa5b51b92f7135664c16d7d384dfc382cfd4982747c53e541032fe83b770400225720f551fcb2a9b273a351e01ed6297908140cc7cae79ded	common_voice_gej_43321642.mp3	115e820967d43d362a3362eed048d8cfa52f1b4bbac8a1d24a7c65d80404105e	Anyigba keke nguto.		2	0					gej	
b8b64b238172873aa5b51b92f7135664c16d7d384dfc382cfd4982747c53e541032fe83b770400225720f551fcb2a9b273a351e01ed6297908140cc7cae79ded	common_voice_gej_43321675.mp3	1ee007cabd188be182ca3af1129ef9928009af10f0ce881682fe2e1d5ae18d31	Jonu.		2	0					gej	
b8b64b238172873aa5b51b92f7135664c16d7d384dfc382cfd4982747c53e541032fe83b770400225720f551fcb2a9b273a351e01ed6297908140cc7cae79ded	common_voice_gej_43321677.mp3	4a361a961aff24eb10f1c4ed068dbb40e203359ccf25d68f55caec231d0ccc6e	Biye ne.		2	0					gej	
b8b64b238172873aa5b51b92f7135664c16d7d384dfc382cfd4982747c53e541032fe83b770400225720f551fcb2a9b273a351e01ed6297908140cc7cae79ded	common_voice_gej_43321678.mp3	4144ec59054ef235fcb8546d73338ffe3dc10c257209aeb15c434642db907644	Zodudu yeye.		2	0					gej	
b8b64b238172873aa5b51b92f7135664c16d7d384dfc382cfd4982747c53e541032fe83b770400225720f551fcb2a9b273a351e01ed6297908140cc7cae79ded	common_voice_gej_43321700.mp3	4f4953f1ef80228c626c2858ebbb09e874944d472a39a578ce2d745eb55bda46	Mu dro agba.		2	1					gej	
b8b64b238172873aa5b51b92f7135664c16d7d384dfc382cfd4982747c53e541032fe83b770400225720f551fcb2a9b273a351e01ed6297908140cc7cae79ded	common_voice_gej_43321702.mp3	07538df428f84ec35b65c0b93ca6b417f065d0242184479a673d266bff581f75	Kakla kpo.		2	0					gej	
b8b64b238172873aa5b51b92f7135664c16d7d384dfc382cfd4982747c53e541032fe83b770400225720f551fcb2a9b273a351e01ed6297908140cc7cae79ded	common_voice_gej_43321704.mp3	593244012a18af2ac4e7a5460ad6cf40e28274f51fb913b8b18caabf72c7c3c3	Dakpape.		2	0					gej	
b8b64b238172873aa5b51b92f7135664c16d7d384dfc382cfd4982747c53e541032fe83b770400225720f551fcb2a9b273a351e01ed6297908140cc7cae79ded	common_voice_gej_43321705.mp3	3f10aacea1641bdc8eb6a6e4518685c13c3427f2a37c6914cfe6cd43cd02e72c	Ka ve ci woe asideke.		2	0					gej	
b8b64b238172873aa5b51b92f7135664c16d7d384dfc382cfd4982747c53e541032fe83b770400225720f551fcb2a9b273a351e01ed6297908140cc7cae79ded	common_voice_gej_43321714.mp3	66a49d7163c57951ce94ab22592da614fc9acbb45320aaeedf79be28fa5ec345	Veka.		2	1					gej	
b8b64b238172873aa5b51b92f7135664c16d7d384dfc382cfd4982747c53e541032fe83b770400225720f551fcb2a9b273a351e01ed6297908140cc7cae79ded	common_voice_gej_43321716.mp3	e2c04e97571126f7869d3f38a4e6a13ae7faecdc15ee1f6f00f5118d2b93bf06	Kpakpa ta.		2	0					gej	
b8b64b238172873aa5b51b92f7135664c16d7d384dfc382cfd4982747c53e541032fe83b770400225720f551fcb2a9b273a351e01ed6297908140cc7cae79ded	common_voice_gej_43321742.mp3	2972dd3245e0c4398038c4b8c59f2f7e7e60addb6e0c37f86a75761581b22dea	Za ganyi.		2	0					gej	
b8b64b238172873aa5b51b92f7135664c16d7d384dfc382cfd4982747c53e541032fe83b770400225720f551fcb2a9b273a351e01ed6297908140cc7cae79ded	common_voice_gej_43321745.mp3	5023a0b84127bf370bbca62b37853898ee114f6f53fceb87457f37872f1099c2	Kute gble.		2	0					gej	
b8b64b238172873aa5b51b92f7135664c16d7d384dfc382cfd4982747c53e541032fe83b770400225720f551fcb2a9b273a351e01ed6297908140cc7cae79ded	common_voice_gej_43321746.mp3	429909927e099ec911d156a21a4e75fac6d00525b35f703ba9a2245291d58372	Codinu.		2	1					gej	
b8b64b238172873aa5b51b92f7135664c16d7d384dfc382cfd4982747c53e541032fe83b770400225720f551fcb2a9b273a351e01ed6297908140cc7cae79ded	common_voice_gej_43321908.mp3	398b717037fa23682860459b3ad14d67269ab3aa14e27c768136c9aba4cc0682	Afi le pu si.		2	0					gej	
b8b64b238172873aa5b51b92f7135664c16d7d384dfc382cfd4982747c53e541032fe83b770400225720f551fcb2a9b273a351e01ed6297908140cc7cae79ded	common_voice_gej_43321909.mp3	35424ea2ec034d14e99d6959b89ef5135de3b7326368b18c4da3a0510d9cdcc5	Ewogoa.		2	0					gej	
b8b64b238172873aa5b51b92f7135664c16d7d384dfc382cfd4982747c53e541032fe83b770400225720f551fcb2a9b273a351e01ed6297908140cc7cae79ded	common_voice_gej_43321910.mp3	5550b57106be1119d123374aff82d0a440578206faa06efab79e4f61c1e5bdf6	Devi keya na ji le ve mu.		2	0					gej	
b8b64b238172873aa5b51b92f7135664c16d7d384dfc382cfd4982747c53e541032fe83b770400225720f551fcb2a9b273a351e01ed6297908140cc7cae79ded	common_voice_gej_43321915.mp3	17b9fdc9819e2d9c3adf05ed063bb1780a57a66dbb7ecfe176f8870bac49bc6b	Lo azicro.		2	0					gej	
b8b64b238172873aa5b51b92f7135664c16d7d384dfc382cfd4982747c53e541032fe83b770400225720f551fcb2a9b273a351e01ed6297908140cc7cae79ded	common_voice_gej_43321916.mp3	418a5fe2177d9d224f529f18c662570bce95c5c5816a506cc4610390c2111cb6	Detigble.		2	0					gej	
b8b64b238172873aa5b51b92f7135664c16d7d384dfc382cfd4982747c53e541032fe83b770400225720f551fcb2a9b273a351e01ed6297908140cc7cae79ded	common_voice_gej_43321918.mp3	3378d42d19cebd29ce88e1032d67594b8a6d17539f47e5f7075645aa16ac2f37	Leke wo fo do ma ?		2	0					gej	
b8b64b238172873aa5b51b92f7135664c16d7d384dfc382cfd4982747c53e541032fe83b770400225720f551fcb2a9b273a351e01ed6297908140cc7cae79ded	common_voice_gej_43321947.mp3	62ab962b0be1a6d160842b19ac6f0ffa297295966e37806aa32b495cd2fd2e7a	Eda nu nam.		2	0					gej	
b8b64b238172873aa5b51b92f7135664c16d7d384dfc382cfd4982747c53e541032fe83b770400225720f551fcb2a9b273a351e01ed6297908140cc7cae79ded	common_voice_gej_43321948.mp3	36cd8ded8618a90c94f59be3a41848743d0334d669cec34df19553ebeb713b6f	Wo le ngtifafa me.		2	0					gej	
b8b64b238172873aa5b51b92f7135664c16d7d384dfc382cfd4982747c53e541032fe83b770400225720f551fcb2a9b273a351e01ed6297908140cc7cae79ded	common_voice_gej_43321950.mp3	62edb8b474c7ce8bc328d289e3ec010726019dd5658845e18d46b20afb7b1fa5	Enyigoa.		2	0					gej	
b8b64b238172873aa5b51b92f7135664c16d7d384dfc382cfd4982747c53e541032fe83b770400225720f551fcb2a9b273a351e01ed6297908140cc7cae79ded	common_voice_gej_43321952.mp3	618f2263c73a1687b3d18fbf2666c53177cccd8225685a342b27e6f9a5203b59	Ayele pe nene ye le asi wo ?		2	0					gej	
b8b64b238172873aa5b51b92f7135664c16d7d384dfc382cfd4982747c53e541032fe83b770400225720f551fcb2a9b273a351e01ed6297908140cc7cae79ded	common_voice_gej_43321964.mp3	3d1af811f8ed650741866edf970c4a8a5940c3dc1dc3fcbfc9cdb4a67b0e9d77	Wo jo vo.		2	0					gej	
b8b64b238172873aa5b51b92f7135664c16d7d384dfc382cfd4982747c53e541032fe83b770400225720f551fcb2a9b273a351e01ed6297908140cc7cae79ded	common_voice_gej_43321965.mp3	0f1a5bf14b2e251c072638bf4a6aa674a7bc86554667f065ae28e18fe89a1bef	Zizi.		2	1					gej	
b8b64b238172873aa5b51b92f7135664c16d7d384dfc382cfd4982747c53e541032fe83b770400225720f551fcb2a9b273a351e01ed6297908140cc7cae79ded	common_voice_gej_43321967.mp3	4e8d81b43b73d1aa99896a2dd32c981e8cb43b456dbe5076b5b15b15971ab45a	Akodaxomavi.		2	0					gej	
b8b64b238172873aa5b51b92f7135664c16d7d384dfc382cfd4982747c53e541032fe83b770400225720f551fcb2a9b273a351e01ed6297908140cc7cae79ded	common_voice_gej_43321968.mp3	3bb5574aeccbc02d364814ea864705f6aa3ba0ce9200176d252cc9972f5aab4e	Afewowo.		2	0					gej	
b8b64b238172873aa5b51b92f7135664c16d7d384dfc382cfd4982747c53e541032fe83b770400225720f551fcb2a9b273a351e01ed6297908140cc7cae79ded	common_voice_gej_43321986.mp3	29ed086caa41b44fcc734ecd47d00842b100a7addcaf97dfb50d2fe25f5b1d9b	Agla desi vivi.		2	0					gej	
b8b64b238172873aa5b51b92f7135664c16d7d384dfc382cfd4982747c53e541032fe83b770400225720f551fcb2a9b273a351e01ed6297908140cc7cae79ded	common_voice_gej_43321989.mp3	09f5833145db12cb6fb92eaed414fff129ea907aeb0f579db86aee32658dacb0	Kato.		2	0					gej	
b8b64b238172873aa5b51b92f7135664c16d7d384dfc382cfd4982747c53e541032fe83b770400225720f551fcb2a9b273a351e01ed6297908140cc7cae79ded	common_voice_gej_43321994.mp3	0eaadae8432c5a5420138dc0091467f11c8310d06b009e1c4d7ef5a7ada5653e	Tela.		2	0					gej	
b8b64b238172873aa5b51b92f7135664c16d7d384dfc382cfd4982747c53e541032fe83b770400225720f551fcb2a9b273a351e01ed6297908140cc7cae79ded	common_voice_gej_43321995.mp3	2b09606df81593d3d38f6801e57efd7fae52bf85eeba272fd94d0a6f6d6581b2	Cocodocoe.		2	0					gej	
b8b64b238172873aa5b51b92f7135664c16d7d384dfc382cfd4982747c53e541032fe83b770400225720f551fcb2a9b273a351e01ed6297908140cc7cae79ded	common_voice_gej_43321996.mp3	2e8387ab28fdc696d62320fce9190ba23a3f01764bf5253b1c5cb4f1454d778f	Cicisape.		2	0					gej	
b8b64b238172873aa5b51b92f7135664c16d7d384dfc382cfd4982747c53e541032fe83b770400225720f551fcb2a9b273a351e01ed6297908140cc7cae79ded	common_voice_gej_43321997.mp3	4f83015061d15f5a2ae92786e2e0cecaa3431f2f24bd608c78b38ba8807c4172	Cocikploto.		2	0					gej	
b8b64b238172873aa5b51b92f7135664c16d7d384dfc382cfd4982747c53e541032fe83b770400225720f551fcb2a9b273a351e01ed6297908140cc7cae79ded	common_voice_gej_43321998.mp3	3dae0a1175042431640fcd8df56816f5b1de40c3b2bae6f2c8aac2ec26c4bced	Mi no ble wo do nguti.		2	0					gej	
b8b64b238172873aa5b51b92f7135664c16d7d384dfc382cfd4982747c53e541032fe83b770400225720f551fcb2a9b273a351e01ed6297908140cc7cae79ded	common_voice_gej_43322013.mp3	8a8b39c08324aa09ee8252f52c7bf992f03976b9b8fcc29e7d05987cce46a16b	Mu de kuku tugbavijiji mu nyi.		2	0					gej	
b8b64b238172873aa5b51b92f7135664c16d7d384dfc382cfd4982747c53e541032fe83b770400225720f551fcb2a9b273a351e01ed6297908140cc7cae79ded	common_voice_gej_43322015.mp3	19aa9e1ec31e2701dc1036216bfaa33b7f6611b9b0e7eb8902e46777d1cd9d9d	Ayadudu mu nyo o.		2	0					gej	
b8b64b238172873aa5b51b92f7135664c16d7d384dfc382cfd4982747c53e541032fe83b770400225720f551fcb2a9b273a351e01ed6297908140cc7cae79ded	common_voice_gej_43322017.mp3	44715ef206e0e8ffe53286083aa630949994d190455531e93526713e209043b2	Ahovi.		2	0					gej	
b8b64b238172873aa5b51b92f7135664c16d7d384dfc382cfd4982747c53e541032fe83b770400225720f551fcb2a9b273a351e01ed6297908140cc7cae79ded	common_voice_gej_43322018.mp3	cf732e819a431cbb5bc47b5634fc0840d67c352518c15e3e8a8bc7bd8985ab4d	Fosu.		2	0					gej	
b8b64b238172873aa5b51b92f7135664c16d7d384dfc382cfd4982747c53e541032fe83b770400225720f551fcb2a9b273a351e01ed6297908140cc7cae79ded	common_voice_gej_43322074.mp3	6a752ff107b904c2a2af91ffa99478f4e6e876cad2b93a878580d805d87c28f6	So avo co nududu.		2	0					gej	
b8b64b238172873aa5b51b92f7135664c16d7d384dfc382cfd4982747c53e541032fe83b770400225720f551fcb2a9b273a351e01ed6297908140cc7cae79ded	common_voice_gej_43322076.mp3	2cff63e037fcc4855fd5af75e09237437420040d0cecab57f04c63157e222012	Dukploto.		2	0					gej	
b8b64b238172873aa5b51b92f7135664c16d7d384dfc382cfd4982747c53e541032fe83b770400225720f551fcb2a9b273a351e01ed6297908140cc7cae79ded	common_voice_gej_43322078.mp3	84e24aa2c0319217c7bbd9f11e6b236391759e891709f180c9e61beb3392bc15	Sa dowevi.		2	0					gej	
b8b64b238172873aa5b51b92f7135664c16d7d384dfc382cfd4982747c53e541032fe83b770400225720f551fcb2a9b273a351e01ed6297908140cc7cae79ded	common_voice_gej_43322103.mp3	21d2adb1f8e8c5dd7109a6b6a9732994d7542ad08de5bcb59722c24711159bb5	Zi awuwo do adaka me.		2	1					gej	
b8b64b238172873aa5b51b92f7135664c16d7d384dfc382cfd4982747c53e541032fe83b770400225720f551fcb2a9b273a351e01ed6297908140cc7cae79ded	common_voice_gej_43322104.mp3	e5895c4442f8ce045076f5ad03c0c0cf0a3ba9a4b25ccf2d17bac35e5f5dc584	Akpafiovide.		2	0					gej	
b8b64b238172873aa5b51b92f7135664c16d7d384dfc382cfd4982747c53e541032fe83b770400225720f551fcb2a9b273a351e01ed6297908140cc7cae79ded	common_voice_gej_43322131.mp3	445a38db4fccfcd2209caa91c8ae359f823309878303ac34b963bf2bb96958a7	Go le fi ye.		2	0					gej	
b8b64b238172873aa5b51b92f7135664c16d7d384dfc382cfd4982747c53e541032fe83b770400225720f551fcb2a9b273a351e01ed6297908140cc7cae79ded	common_voice_gej_43322133.mp3	2d2afb50c6dc7fa8c2da513f548cff58b0ca177d731f9aae5ca8643c0e8b1d10	Amangdre.		2	1					gej	
b8b64b238172873aa5b51b92f7135664c16d7d384dfc382cfd4982747c53e541032fe83b770400225720f551fcb2a9b273a351e01ed6297908140cc7cae79ded	common_voice_gej_43322134.mp3	22883184e3fffc4f537ed18e1159b45af1d34bfe94bffe45c519003aa9153465	Tu asangu.		2	0					gej	
b8b64b238172873aa5b51b92f7135664c16d7d384dfc382cfd4982747c53e541032fe83b770400225720f551fcb2a9b273a351e01ed6297908140cc7cae79ded	common_voice_gej_43322135.mp3	6f46568a3afa8e82305310a5c7d92b6bb42676ee8984417c8e98a1d1b94ee937	Ne gble.		2	1					gej	
b8b64b238172873aa5b51b92f7135664c16d7d384dfc382cfd4982747c53e541032fe83b770400225720f551fcb2a9b273a351e01ed6297908140cc7cae79ded	common_voice_gej_43322146.mp3	49c1c36c4254bc3af6aa6fe04c542d3c990266d0d1e88e581d22b09007257975	Adoglo a.		2	0					gej	
b8b64b238172873aa5b51b92f7135664c16d7d384dfc382cfd4982747c53e541032fe83b770400225720f551fcb2a9b273a351e01ed6297908140cc7cae79ded	common_voice_gej_43322148.mp3	ba6c004b65d1f294be67469c0ebeeec2a8d4839809787c1f5412654b321fde19	Lolome.		2	0					gej	
b8b64b238172873aa5b51b92f7135664c16d7d384dfc382cfd4982747c53e541032fe83b770400225720f551fcb2a9b273a351e01ed6297908140cc7cae79ded	common_voice_gej_43322160.mp3	2f6184f8e260bdb28537d7486373af3c21c778f6914aa359a6799609a525e900	Ayayi be ta be kengu kengu.		2	0					gej	
b8b64b238172873aa5b51b92f7135664c16d7d384dfc382cfd4982747c53e541032fe83b770400225720f551fcb2a9b273a351e01ed6297908140cc7cae79ded	common_voice_gej_43322161.mp3	5f9418dc96e8f68b259f43fbcefa73d901932f87d44159dd649591c9daa18029	Mu gba xixa mu lo o mu de kuku.		2	0					gej	
b8b64b238172873aa5b51b92f7135664c16d7d384dfc382cfd4982747c53e541032fe83b770400225720f551fcb2a9b273a351e01ed6297908140cc7cae79ded	common_voice_gej_43322162.mp3	71bc9f05642e377c0ab790b7a7ec7082dd2909c71b0905afdb32cd17b666a45b	Togbega.		2	0					gej	
b8b64b238172873aa5b51b92f7135664c16d7d384dfc382cfd4982747c53e541032fe83b770400225720f551fcb2a9b273a351e01ed6297908140cc7cae79ded	common_voice_gej_43322163.mp3	70215b53eeac36093a4c8524ccdf5c099ec1c78fa28424f1d746ebeb05fe5f7b	Afokpaka.		2	0					gej	
